DATA,-153.555847,154.288635,-156.962738,0.010420,-0.636859,0.770416,0.027586,0.327203,-0.005365,0.010450,-0.944881
DATA,-153.661606,155.033051,-156.597717,0.013260,-0.636940,0.770352,0.026264,0.327124,-0.005619,0.010401,-0.944907
DATA,-153.381592,153.539856,-156.640442,0.014454,-0.636911,0.770287,0.028185,0.327179,-0.005774,0.010323,-0.944888
DATA,-152.836685,153.269180,-156.983749,0.010974,-0.636925,0.770403,0.026186,0.327141,-0.005717,0.010366,-0.944901
DATA,-152.545776,154.007507,-155.883896,0.013012,-0.636909,0.770334,0.027616,0.327058,-0.005585,0.010306,-0.944932
DATA,-151.284088,152.187195,-158.095932,0.013116,-0.636872,0.770301,0.029321,0.327096,-0.005517,0.010090,-0.944921
DATA,-152.325531,154.007996,-156.842896,0.009974,-0.636910,0.770412,0.026674,0.327108,-0.005819,0.009729,-0.944919
DATA,-154.163376,152.880524,-157.698944,0.011618,-0.636959,0.770385,0.025601,0.326821,-0.005929,0.010239,-0.945012
DATA,-152.017227,154.444458,-156.209488,0.011832,-0.636946,0.770346,0.026961,0.326788,-0.005966,0.010188,-0.945024
DATA,-151.657471,153.576324,-157.467560,0.012533,-0.636854,0.770291,0.030211,0.326829,-0.005954,0.010277,-0.945009
DATA,-153.647797,154.665924,-156.827866,0.012924,-0.636939,0.770349,0.026532,0.326736,-0.005904,0.010659,-0.945037
DATA,-153.964966,153.330627,-157.884369,0.011455,-0.636934,0.770410,0.025527,0.326715,-0.005993,0.010621,-0.945044
DATA,-153.038574,154.549545,-156.414368,0.013678,-0.636934,0.770308,0.027452,0.326623,-0.005896,0.010503,-0.945078
DATA,-151.514023,154.956177,-157.179672,0.011656,-0.636878,0.770346,0.028595,0.326566,-0.005834,0.010406,-0.945099
DATA,-153.261108,153.849197,-156.929520,0.013030,-0.636962,0.770340,0.026199,0.326600,-0.005755,0.010212,-0.945090
DATA,-151.385284,155.755814,-155.791977,0.014238,-0.636876,0.770266,0.029602,0.326710,-0.005797,0.010305,-0.945051
DATA,-154.023972,153.678238,-158.607834,0.010587,-0.636919,0.770422,0.025941,0.326661,-0.005716,0.010517,-0.945066
DATA,-154.699966,152.803497,-157.142685,0.013376,-0.636975,0.770357,0.025200,0.326601,-0.005658,0.010331,-0.945089
DATA,-153.969040,153.844238,-157.927658,0.012743,-0.636911,0.770350,0.027261,0.326720,-0.005981,0.010131,-0.945048
DATA,-155.017380,153.463028,-157.008194,0.013081,-0.636858,0.770307,0.029452,0.326810,-0.006029,0.009924,-0.945019
DATA,-152.548721,154.111984,-158.217926,0.013440,-0.636972,0.770342,0.025698,0.326752,-0.006305,0.009982,-0.945036
DATA,-155.025696,153.835724,-157.266556,0.012464,-0.636887,0.770325,0.028600,0.326753,-0.006220,0.009929,-0.945037
DATA,-153.011917,153.953354,-155.904572,0.011599,-0.636945,0.770392,0.025734,0.326655,-0.006325,0.009963,-0.945070
DATA,-152.939819,153.133255,-157.487808,0.013508,-0.636883,0.770293,0.029094,0.326525,-0.006319,0.009999,-0.945114
DATA,-153.532654,154.119186,-158.546982,0.010777,-0.636894,0.770404,0.026967,0.326487,-0.006340,0.010308,-0.945124
DATA,-153.076111,155.349731,-157.052170,0.010126,-0.636894,0.770420,0.026750,0.326303,-0.006151,0.010588,-0.945186
DATA,-151.822723,155.370239,-157.068619,0.012740,-0.636967,0.770358,0.025692,0.326383,-0.006363,0.010675,-0.945156
DATA,-152.112167,154.232391,-157.980850,0.010152,-0.636846,0.770377,0.029049,0.326405,-0.006422,0.010575,-0.945149
DATA,-153.591141,154.332840,-156.876373,0.012564,-0.636951,0.770354,0.026271,0.326403,-0.006468,0.010594,-0.945149
DATA,-153.635254,153.792511,-157.133453,0.012521,-0.636950,0.770340,0.026720,0.326402,-0.006409,0.010316,-0.945153
DATA,-155.465317,154.942825,-156.478729,0.012194,-0.636943,0.770336,0.027153,0.326458,-0.006530,0.010225,-0.945134
DATA,-151.419830,154.967102,-155.867233,0.012992,-0.636866,0.770263,0.030463,0.326337,-0.006436,0.010575,-0.945172
DATA,-154.044266,154.418365,-158.307571,0.012795,-0.636982,0.770329,0.026137,0.326110,-0.006186,0.010863,-0.945249
DATA,-153.825867,154.844513,-156.756516,0.011046,-0.636959,0.770375,0.026148,0.326233,-0.006410,0.010675,-0.945207
DATA,-152.831329,154.665100,-158.287430,0.013208,-0.636990,0.770320,0.026005,0.326303,-0.006500,0.010417,-0.945186
DATA,-151.994522,155.214417,-155.849197,0.010956,-0.636933,0.770361,0.027201,0.326189,-0.006447,0.010621,-0.945223
DATA,-154.178818,151.925674,-156.926620,0.015239,-0.636933,0.770219,0.029090,0.326177,-0.006378,0.010471,-0.945229
DATA,-153.693954,154.812668,-157.443634,0.011829,-0.636926,0.770339,0.027625,0.326241,-0.006246,0.010591,-0.945207
DATA,-154.419846,153.833008,-156.280579,0.013870,-0.636952,0.770288,0.027493,0.326261,-0.006329,0.010368,-0.945202
DATA,-151.722595,153.653915,-156.465454,0.009512,-0.636951,0.770429,0.025350,0.326398,-0.006266,0.010042,-0.945158
DATA,-154.232391,153.287186,-157.509689,0.013392,-0.636958,0.770303,0.027177,0.326280,-0.006123,0.010211,-0.945198
DATA,-153.424225,152.990448,-156.880768,0.011430,-0.637008,0.770373,0.024797,0.326363,-0.006194,0.009921,-0.945172
DATA,-151.474091,154.709610,-156.778168,0.010842,-0.636901,0.770338,0.028604,0.326553,-0.006326,0.009778,-0.945107
DATA,-153.995422,154.107651,-157.166916,0.012599,-0.637003,0.770331,0.025669,0.326539,-0.006282,0.009641,-0.945114
DATA,-152.409103,156.084778,-156.869095,0.013915,-0.636952,0.770271,0.027928,0.326708,-0.006386,0.009500,-0.945056
DATA,-152.488556,154.456772,-156.879150,0.011147,-0.636969,0.770390,0.025403,0.326733,-0.006401,0.009569,-0.945046
DATA,-152.165710,154.696365,-157.162064,0.011309,-0.636844,0.770317,0.030218,0.326778,-0.006423,0.009511,-0.945032
DATA,-152.562500,153.370697,-157.082687,0.014603,-0.636986,0.770264,0.026992,0.326676,-0.006419,0.009531,-0.945067
DATA,-152.581879,154.358093,-157.428162,0.009618,-0.636900,0.770379,0.027970,0.326612,-0.006185,0.009798,-0.945087
DATA,-153.665344,154.273071,-156.452347,0.013071,-0.637033,0.770329,0.024743,0.326549,-0.006298,0.010115,-0.945105
DATA,-152.698914,155.117035,-156.778809,0.012582,-0.636979,0.770327,0.026385,0.326372,-0.006109,0.010327,-0.945165
DATA,-153.562485,154.528824,-157.493851,0.012224,-0.636964,0.770315,0.027246,0.326162,-0.006064,DATA,-152.468765,153.818146,-156.903778,0.013001,-0.637951,0.769468,0.027723,0.326026,-0.006084,0.009473,-0.945294
DATA,-152.702850,154.877213,-156.697861,0.012258,-0.637965,0.769500,0.026824,0.326040,-0.006093,0.009336,-0.945290
DATA,-152.641571,154.053009,-156.457687,0.010941,-0.637915,0.769523,0.027895,0.326090,-0.006003,0.009552,-0.945271
DATA,-152.448227,154.277496,-156.553680,0.015813,-0.638005,0.769385,0.027301,0.326089,-0.005934,0.009763,-0.945270
DATA,-153.871201,154.222702,-158.092255,0.011229,-0.637960,0.769532,0.026482,0.326217,-0.006191,0.009530,-0.945227
DATA,-152.988693,155.118866,-156.548309,0.014600,-0.637913,0.769394,0.029755,0.326143,-0.006208,0.010016,-0.945247
DATA,-152.515381,154.395111,-157.938187,0.013673,-0.637960,0.769468,0.027202,0.326334,-0.006558,0.009615,-0.945183
DATA,-152.022049,154.078934,-155.835632,0.012623,-0.637901,0.769480,0.028689,0.326268,-0.006474,0.009690,-0.945206
DATA,-153.252884,153.231628,-157.295715,0.013345,-0.637973,0.769500,0.026123,0.326251,-0.006329,0.009601,-0.945213
DATA,-154.334320,153.668243,-157.866776,0.013422,-0.637938,0.769478,0.027558,0.326212,-0.006279,0.009627,-0.945227
DATA,-152.442947,153.854340,-157.699326,0.014219,-0.637941,0.769459,0.027597,0.326051,-0.006463,0.010141,-0.945276
DATA,-153.538544,153.783661,-157.624084,0.013598,-0.637968,0.769496,0.026237,0.326146,-0.006394,0.009870,-0.945246
DATA,-154.678436,153.670776,-156.734650,0.011457,-0.637945,0.769566,0.025743,0.326106,-0.006189,0.009981,-0.945260
DATA,-151.201080,154.965973,-156.913101,0.012509,-0.637853,0.769472,0.029985,0.326038,-0.006063,0.009895,-0.945285
DATA,-152.780579,154.387466,-155.361694,0.013476,-0.637951,0.769473,0.027368,0.326047,-0.006183,0.009767,-0.945283
DATA,-153.386597,153.729248,-156.959091,0.012817,-0.637952,0.769480,0.027444,0.325993,-0.006110,0.010062,-0.945299
DATA,-152.207062,154.004333,-157.704147,0.014911,-0.638010,0.769430,0.026433,0.325892,-0.006314,0.010259,-0.945330
DATA,-154.215271,155.758774,-157.343658,0.011696,-0.637944,0.769493,0.027755,0.326015,-0.006312,0.009854,-0.945292
DATA,-153.500610,153.681732,-157.860123,0.013976,-0.637995,0.769436,0.027137,0.326007,-0.006219,0.009816,-0.945296
DATA,-154.107925,153.720871,-157.972778,0.008434,-0.637923,0.769566,0.027404,0.325975,-0.006147,0.009714,-0.945308
DATA,-152.153915,154.578293,-157.356750,0.013647,-0.637973,0.769414,0.028393,0.326231,-0.006316,0.009439,-0.945222
DATA,-151.200317,153.725983,-158.122040,0.013075,-0.637977,0.769430,0.028141,0.326137,-0.006323,0.009675,-0.945252
DATA,-153.648499,152.923599,-156.317413,0.010794,-0.637990,0.769496,0.026975,0.326112,-0.006349,0.009690,-0.945260
DATA,-152.730423,155.236481,-156.754196,0.013415,-0.638016,0.769422,0.027310,0.326038,-0.006394,0.009567,-0.945287
DATA,-155.190582,154.007156,-157.817337,0.010112,-0.637938,0.769516,0.027874,0.326119,-0.006547,0.009304,-0.945260
DATA,-152.051270,153.183304,-157.386749,0.013354,-0.637953,0.769428,0.028598,0.326057,-0.006410,0.009410,-0.945282
DATA,-152.590500,154.259598,-155.831924,0.012415,-0.637992,0.769489,0.026426,0.326233,-0.006299,0.009197,-0.945224
DATA,-154.458817,153.938446,-158.456619,0.011287,-0.637916,0.769494,0.028536,0.326189,-0.006269,0.009197,-0.945239
DATA,-152.099075,155.122314,-156.345245,0.012675,-0.637949,0.769499,0.027048,0.326175,-0.006249,0.009292,-0.945243
DATA,-152.943542,153.942886,-157.277084,0.012520,-0.637903,0.769519,0.027637,0.326349,-0.006228,0.008869,-0.945187
DATA,-152.942810,155.341934,-159.196762,0.012235,-0.637889,0.769527,0.027862,0.326141,-0.006135,0.009215,-0.945256
DATA,-153.535095,154.911575,-158.539413,0.011570,-0.637831,0.769542,0.029014,0.326246,-0.005942,0.009040,-0.945223
DATA,-153.784012,154.669556,-157.045731,0.013790,-0.637924,0.769516,0.026589,0.326380,-0.005888,0.008905,-0.945178
DATA,-152.951035,153.586060,-158.401505,0.012737,-0.637857,0.769536,0.028099,0.326468,-0.005867,0.008983,-0.945147
DATA,-154.447678,152.789719,-156.636047,0.013856,-0.637938,0.769551,0.025209,0.326366,-0.005675,0.009151,-0.945182
DATA,-153.034500,154.602875,-157.165573,0.013325,-0.637855,0.769549,0.027536,0.326353,-0.005680,0.009300,-0.945185
DATA,-152.768982,156.164841,-157.308716,0.013890,-0.637901,0.769535,0.026546,0.326281,-0.005720,0.009294,-0.945210
DATA,-153.536163,153.412567,-159.246292,0.011618,-0.637829,0.769562,0.028526,0.326314,-0.005777,0.009109,-0.945200
DATA,-153.446045,154.140182,-158.363586,0.012998,-0.637923,0.769567,0.025550,0.326309,-0.005655,0.009186,-0.945202
DATA,-154.074875,155.600037,-157.876511,0.011749,-0.637864,0.769576,0.027271,0.326192,-0.005831,0.009447,-0.945238
DATA,-154.171097,154.029266,-157.041367,0.010644,-0.637822,0.769601,0.027993,0.326228,-0.005886,0.009545,-0.945225
DATA,-152.855911,154.468369,-156.541321,0.012900,-0.637813,0.769522,0.029394,0.326278,-0.006224,0.009498,-0.945206
DATA,-153.509659,154.495361,-156.595810,0.013074,-0.637939,0.769558,0.025348,0.326383,-0.006300,0.009432,-0.945170
DATA,-154.487564,154.785934,-158.541656,0.012034,-0.637820,0.769542,0.029067,0.326451,-0.006300,0.009202,-0.945148
DATA,-154.296844,153.472656,-157.229462,0.012718,-0.637902,0.769547,0.026745,0.326518,-0.006289,0.009210,-0.945125
DATA,-152.246277,154.159897,-157.373093,0.013006,-0.637896,0.769536,0.027104,0.326577,-0.006345,0.009202,-0.945104
DATA,-153.729980,154.598480,-156.820801,0.009420,-0.637834,0.769617,0.027727,0.326631,-0.006151,0.009257,-0.945086
DATA,-152.083450,155.350815,-155.725922,0.013967,-0.637892,0.769533,0.026810,0.326674,-0.006388,0.009200,-0.945071
DATA,-153.157913,154.623306,-157.378708,0.014122,-0.637971,0.769554,0.024092,0.326744,-0.006312,0.008899,-0.945050
DATA,-152.782059,154.167099,-157.768372,0.013651,-0.637813,0.769514,0.029245,0.326674,-0.006296,0.008953,-0.945074
DATA,-152.709381,154.239990,-157.020432,0.013611,-0.637962,0.769555,0.024590,0.326689,-0.006312,0.008974,-0.945068
DATA,-154.234238,154.085190,-156.933060,0.013554,-0.637909,0.769509,0.027292,0.326558,-0.006159,0.009348,-0.945111
DATA,-152.159058,153.714172,-157.647552,0.010875,-0.637829,0.769578,0.028390,0.326569,-0.006276,0.009396,-0.945106
DATA,-153.504333,154.484467,-157.971191,0.013209,-0.637814,0.769496,0.029928,0.326703,-0.006339,0.009039,-0.945063
DATA,-152.789917,154.794464,-156.640533,0.012605,-0.637918,0.769539,0.026663,0.326639,-0.006223,0.009376,-0.945082
DATA,-151.785004,154.938126,-156.959274,0.011332,-0.637873,0.769554,0.027857,0.326738,-0.006297,0.009134,-0.945050
DATA,-153.416519,154.460114,-158.054626,0.014052,-0.637972,0.769512,0.025414,0.326554,-0.006159,0.009485,-0.945111
DATA,-152.785461,154.142181,-156.460129,0.013759,-0.637848,0.769483,0.029268,0.326560,-0.006281,0.009641,-0.945106
DATA,-154.236816,153.516129,-156.847519,0.013414,-0.637838,0.769480,0.029730,0.326431,-0.006074,0.010094,-0.945148
DATA,-153.760010,153.946289,-157.281769,0.012020,-0.637850,0.769523,0.028943,0.326569,-0.006339,0.010278,-0.945096
DATA,-154.583313,153.279221,-156.929596,0.013253,-0.637901,0.769489,0.028169,0.326483,-0.006486,0.010496,-0.945123
DATA,-151.119827,154.722412,-157.140533,0.011827,-0.637985,0.769563,0.024652,0.326306,-0.005966,0.010841,-0.945183
DATA,-152.694824,155.100800,-156.817841,0.013306,-0.637886,0.769470,0.028971,0.326343,-0.005773,0.010606,-0.945174
DATA,-151.910477,154.248535,-157.128189,0.011777,-0.637987,0.769530,0.025634,0.326488,-0.005564,0.010346,-0.945128
DATA,-154.277573,154.440628,-156.206406,0.012686,-0.637950,0.769483,0.027465,0.326355,-0.005638,0.010803,-0.945169
DATA,-154.275513,154.735046,-156.643631,0.011695,-0.637853,0.769457,0.030723,0.326283,-0.005607,0.010831,-0.945193
DATA,-153.994354,152.731140,-157.653122,0.014986,-0.637998,0.769397,0.027632,0.326139,-0.005369,0.010581,-0.945247
DATA,-153.548248,155.020493,-157.990616,0.014205,-0.637974,0.769443,0.027288,0.326086,-0.005476,0.010642,-0.945264
DATA,-154.806137,154.452240,-156.538940,0.011238,-0.637978,0.769522,0.026336,0.326072,-0.005690,0.010676,-0.945268
DATA,-153.579773,154.146820,-157.490509,0.011284,-0.637894,0.769470,0.029654,0.326091,-0.005969,0.010312,-0.945263
DATA,-153.955627,154.810577,-156.737976,0.012778,-0.637990,0.769451,0.027402,0.326180,-0.006044,0.010112,-0.945234
DATA,-152.702667,155.161911,-156.034576,0.013391,-0.637993,0.769432,0.027572,0.326021,-0.006037,0.010618,-0.945284
DATA,-153.555695,152.540802,-157.643295,0.012376,-0.637969,0.769446,0.028209,0.326139,-0.006015,0.010593,-0.945244
DATA,-154.560928,153.207611,-157.100266,0.011032,-0.637932,0.769478,0.028720,0.326062,-0.005667,0.010607,-0.945272
DATA,-152.218399,155.487671,-156.324524,0.011083,-0.638011,0.769511,0.025912,0.325975,-0.005656,0.010933,-0.945298
DATA,-153.538864,152.990158,-159.189575,0.012911,-0.638016,0.769457,0.026541,0.325897,-0.005647,0.011025,-0.945324
DATA,-152.324036,155.182785,-154.467468,0.012700,-0.637997,0.769465,0.026889,0.326093,-0.005331,0.010522,-0.945264
DATA,-152.574860,154.407822,-158.564636,0.013097,-0.637992,0.769429,0.027809,0.326201,-0.005581,0.010328,-0.945228
DATA,-152.859421,154.610397,-156.518555,0.012526,-0.638057,0.769477,0.025110,0.325940,-0.005379,0.010750,-0.945314
DATA,-153.772705,154.922806,-157.007172,0.012996,-0.637988,0.769437,0.027721,0.325883,-0.005521,0.010857,-0.945332
DATA,-151.954926,153.642288,-156.422104,0.014391,-0.637996,0.769398,0.027940,0.325700,-0.005451,0.011171,-0.945391
DATA,-152.037827,155.082138,-156.837082,0.012161,-0.638015,0.769481,0.026237,0.325818,-0.005331,0.010781,-0.945356
DATA,-153.497269,154.990631,-158.724869,0.013365,-0.637989,0.769413,0.028195,0.325770,-0.005445,0.010847,-0.945371
DATA,-152.141953,155.338425,-157.808823,0.011384,-0.638034,0.769494,0.025733,0.325718,-0.005632,0.010821,-0.945388
DATA,-152.765427,155.163788,-156.400650,0.012134,-0.637975,0.769428,0.028657,0.325721,-0.005381,0.010888,-0.945388
DATA,-154.284515,155.252594,-157.170029,0.010699,-0.637990,0.769480,0.027459,0.325682,-0.005340,0.011077,-0.945399
DATA,-153.674866,152.840485,-156.979507,0.013276,-0.638021,0.769403,0.027786,0.325883,-0.005651,0.010848,-0.945331
DATA,-153.064835,154.407425,-156.866821,0.012059,-0.638051,0.769456,0.026123,0.325753,-0.005574,0.011141,-0.945373
DATA,-150.703537,155.191406,-157.797409,0.009432,-0.637975,0.769507,0.027521,0.325742,-0.005506,0.011049,-0.945378
DATA,-152.618164,154.599747,-156.974838,0.012300,-0.638023,0.769437,0.027255,0.325810,-0.005664,0.010914,-0.945355
DATA,-151.271606,154.373581,-155.664307,0.013365,-0.638036,0.769424,0.026807,0.325788,-0.005374,0.010759,-0.945366
DATA,-151.266495,155.910751,-156.839096,0.011591,-0.638023,0.769496,0.025827,0.325777,-0.005449,0.010690,-0.945371
DATA,-153.926636,155.181549,-158.388809,0.013382,-0.638004,0.769435,0.027228,0.325827,-0.005536,0.010693,-0.945353
DATA,-151.315262,154.652206,-157.184647,0.011310,-0.637987,0.769501,0.026694,0.325866,-0.005407,0.010661,-0.945341
DATA,-151.939163,155.578537,-156.769196,0.013815,-0.638040,0.769439,0.026036,0.325911,-0.005473,0.010686,-0.945324
DATA,-152.812134,156.754822,-158.189835,0.013241,-0.637966,0.769451,0.027738,0.325908,-0.005286,0.010592,-0.945328
DATA,-152.299515,153.352295,-156.464447,0.014503,-0.638076,0.769430,0.025021,0.325956,-0.005903,0.010283,-0.945311
DATA,-153.566574,154.209061,-158.483704,0.013085,-0.637960,0.769414,0.028964,0.325999,-0.006495,0.010202,-0.945293
DATA,-150.997879,154.909164,-157.484451,0.010985,-0.637927,0.769491,0.028502,0.326250,-0.006870,0.009937,-0.945206
DATA,-152.414261,155.403015,-156.503815,0.012816,-0.637980,0.769444,0.027818,0.326481,-0.006929,0.009785,-0.945128
DATA,-153.023682,154.557083,-158.336182,0.012723,-0.637964,0.769428,0.028632,0.326474,-0.007054,0.010018,-0.945127
DATA,-152.027603,153.994278,-157.204895,0.010672,-0.638007,0.769513,0.026132,0.326464,-0.006740,0.010156,-0.945131
DATA,-153.476074,154.048767,-156.251663,0.014276,-0.638049,0.769411,0.026394,0.326351,-0.006349,0.010405,-0.945170
DATA,-152.035248,155.270096,-157.048553,0.012686,-0.637903,0.769409,0.030465,0.326449,-0.005877,0.010215,-0.945141
DATA,-152.595566,154.048706,-157.014404,0.011606,-0.637935,0.769453,0.029088,0.326589,-0.005779,0.009986,-0.945096
DATA,-152.063599,154.147263,-157.746750,0.012719,-0.638090,0.769481,0.024053,0.326686,-0.005719,0.009912,-0.945064
DATA,-152.278351,155.387436,-156.979401,0.010211,-0.637905,0.769458,0.030119,0.326668,-0.005437,0.010004,-0.945070
DATA,-152.676514,155.023270,-157.152115,0.011164,-0.638063,0.769494,0.025083,0.326732,-0.005573,0.009903,-0.945049
DATA,-154.209061,154.055725,-156.497757,0.011235,-0.637975,0.769431,0.028942,0.326854,-0.005491,0.009716,-0.945009
DATA,-153.561447,153.622925,-155.560471,0.014077,-0.638056,0.769359,0.027801,0.326937,-0.005370,0.009683,-0.944981
DATA,-152.276825,153.925766,-157.942001,0.011923,-0.638041,0.769419,0.027491,0.327019,-0.005510,0.009606,-0.944953
DATA,-152.249359,153.758270,-158.545166,0.011575,-0.638113,0.769434,0.025489,0.326987,-0.005823,0.009974,-0.944958
DATA,-153.214676,154.537811,-156.966522,0.012412,-0.638006,0.769347,0.029984,0.326931,-0.005480,0.010155,-0.944978
DATA,-151.426010,154.620392,-156.956772,0.012359,-0.638073,0.769382,0.027608,0.326824,-0.005168,0.010413,-0.945014
DATA,-152.966492,154.998611,-158.086716,0.011185,-0.638047,0.769392,0.028411,0.326752,-0.005427,0.010563,-0.945036
DATA,-154.103088,152.961212,-157.042587,0.012121,-0.638110,0.769404,0.026220,0.326755,-0.005743,0.010455,-0.945034
DATA,-152.200256,154.496323,-157.024307,0.011423,-0.638094,0.769403,0.026916,0.326885,-0.005581,0.010492,-0.944989
DATA,-153.128586,154.160385,-157.927261,0.012195,-0.638127,0.769383,0.026390,0.326873,-0.005111,0.010708,-0.944994
DATA,-154.201447,153.226166,-157.729813,0.012664,-0.638047,0.769341,0.029154,0.326803,-0.004841,0.010779,-0.945019
DATA,-153.699051,154.612701,-157.281418,0.014084,-0.638065,0.769304,0.029109,0.326845,-0.004600,0.010524,-0.945008
DATA,-152.167633,154.680069,-157.375656,0.011961,-0.638156,0.769409,0.024964,0.326891,-0.004814,0.010367,-0.944993
DATA,-151.628403,154.631134,-155.837662,0.012695,-0.638110,0.769371,0.026863,0.326961,-0.004874,0.010180,-0.944971
DATA,-154.614456,152.942123,-157.100327,0.014452,-0.638112,0.769293,0.028150,0.327146,-0.004868,0.009987,-0.944908
DATA,-152.752075,153.467361,-158.052246,0.011376,-0.638123,0.769419,0.025767,0.327125,-0.004795,0.010283,-0.944913
DATA,-152.898773,154.670456,-157.790756,0.013817,-0.638122,0.769335,0.027053,0.327298,-0.004845,0.009835,-0.944858
DATA,-153.082993,153.123566,-158.005615,0.011914,-0.638087,0.769361,0.028035,0.327093,-0.004565,0.010220,-0.944926
DATA,-152.683014,153.712372,-157.202621,0.010238,-0.638108,0.769433,0.026195,0.326966,-0.004416,0.010280,-0.944970
DATA,-152.406311,155.356842,-158.497421,0.012987,-0.638129,0.769338,0.027248,0.327027,-0.004477,0.010193,-0.944950
DATA,-151.397308,154.738449,-157.738586,0.012719,-0.638175,0.769351,0.025869,0.327100,-0.004771,0.010131,-0.944923
DATA,-153.929550,155.633759,-157.200928,0.009401,-0.638128,0.769412,0.026626,0.327008,-0.004818,0.010256,-0.944954
DATA,-153.933838,153.584488,-158.266449,0.012788,-0.638142,0.769295,0.028237,0.326962,-0.004503,0.010336,-0.944970
DATA,-152.550491,153.568176,-155.668381,0.010885,-0.638167,0.769375,0.026199,0.326864,-0.004304,0.010478,-0.945004
DATA,-153.312897,154.428513,-156.938309,0.010440,-0.638117,0.769368,0.027753,0.326764,-0.004221,0.010895,-0.945034
DATA,-153.972122,154.032211,-157.372971,0.012972,-0.638164,0.769280,0.028062,0.326691,-0.004218,0.010975,-0.945058
DATA,-153.153244,154.319702,-157.377533,0.011429,-0.638177,0.769348,0.026512,0.326695,-0.004317,0.010900,-0.945057
DATA,-151.643402,155.355011,-155.842285,0.012591,-0.638139,0.769296,0.028354,0.326763,-0.004352,0.010631,-0.945037
DATA,-152.495193,153.902115,-157.619553,0.011502,-0.638102,0.769331,0.028688,0.326770,-0.004575,0.010671,-0.945032
DATA,-153.692444,153.616516,-157.478165,0.012218,-0.638190,0.769324,0.026535,0.326801,-0.004429,0.010666,-0.945023
DATA,-152.301468,155.242599,-156.659973,0.014390,-0.638196,0.769256,0.027292,0.326894,-0.004654,0.010433,-0.944992
DATA,-154.399063,153.038422,-156.638214,0.013863,-0.638236,0.769289,0.025637,0.326848,-0.004474,0.010604,-0.945007
DATA,-152.225555,154.317780,-157.872421,0.013095,-0.638158,0.769271,0.028373,0.326975,-0.004765,0.010566,-0.944962
DATA,-153.051117,154.802414,-156.702972,0.009173,-0.638149,0.769408,0.026315,0.327189,-0.005041,0.010181,-0.944891
DATA,-151.868134,153.810562,-157.804871,0.014555,-0.638221,0.769255,0.026625,0.327098,-0.004903,0.010355,-0.944921
DATA,-152.725204,154.980392,-157.768265,0.012715,-0.638190,0.769292,0.027235,0.327125,-0.004850,0.010339,-0.944912
DATA,-154.588837,154.078888,-156.417572,0.013822,-0.638175,0.769269,0.027677,0.327203,-0.004782,0.010442,-0.944884
DATA,-153.631409,153.659988,-157.064377,0.011885,-0.638159,0.769323,0.027469,0.327341,-0.004921,0.010151,-0.944839
DATA,-152.903290,155.650970,-157.802719,0.013401,-0.638127,0.769260,0.029227,0.327279,-0.004943,0.010353,-0.944858
DATA,-151.868927,154.822067,-157.642670,0.012804,-0.638189,0.769304,0.026862,0.327232,-0.004775,0.010477,-0.944874
DATA,-151.607895,154.156952,-157.474136,0.011816,-0.638200,0.769331,0.026295,0.327265,-0.004773,0.010528,-0.944862
DATA,-150.490189,154.866989,-157.553452,0.011571,-0.638140,0.769304,0.028549,0.327304,-0.004669,0.010518,-0.944849
DATA,-151.401932,154.281235,-157.401901,0.013517,-0.638219,0.769255,0.027217,0.327281,-0.004721,0.010409,-0.944858
DATA,-154.202423,152.810486,-157.234131,0.010872,-0.638164,0.769316,0.027944,0.327314,-0.004797,0.010345,-0.944847
DATA,-152.965012,154.374771,-156.911255,0.011289,-0.638178,0.769298,0.027966,0.327335,-0.005026,0.010248,-0.944839
DATA,-152.857254,154.656006,-156.791290,0.014092,-0.638294,0.769276,0.024420,0.327411,-0.005627,0.010305,-0.944809
DATA,-153.113632,152.958603,-157.438828,0.009330,-0.638166,0.769341,0.027772,0.327450,-0.005847,0.010237,-0.944795
DATA,-155.167053,154.127975,-157.511475,0.013164,-0.638235,0.769224,0.027892,0.327415,-0.005749,0.010431,-0.944806
DATA,-153.424667,153.682907,-158.236664,0.011264,-0.638199,0.769260,0.028534,0.327352,-0.005553,0.010653,-0.944826
DATA,-153.338760,153.430588,-158.727188,0.014382,-0.638282,0.769193,0.027028,0.327400,-0.005898,0.010674,-0.944807
DATA,-152.460495,154.735245,-157.338181,0.013506,-0.638282,0.769211,0.026986,0.327474,-0.006222,0.010421,-0.944782
DATA,-152.589111,153.831360,-156.489777,0.013708,-0.638292,0.769183,0.027439,0.327581,-0.006242,0.010368,-0.944746
DATA,-152.602463,155.230759,-156.947098,0.014839,-0.638319,0.769140,0.027403,0.327469,-0.002987,0.008780,-0.944816
DATA,-151.969620,154.234680,-156.602722,0.009573,-0.638227,0.769258,0.028581,0.325352,-0.003566,0.014625,-0.945473
DATA,-153.767624,155.307251,-156.645828,0.012922,-0.638324,0.769219,0.026012,0.322977,0.001163,0.007007,-0.946380
DATA,-153.922394,153.670898,-157.464828,0.013306,-0.638278,0.769165,0.028435,0.323568,0.002863,-0.000542,-0.946200
DATA,-150.888947,155.170609,-156.634979,0.010764,-0.638304,0.769258,0.026350,0.323275,-0.001669,0.005430,-0.946288
DATA,-154.048233,152.577118,-158.116135,0.013396,-0.638239,0.769168,0.029209,0.323083,-0.000187,0.009320,-0.946325
DATA,-154.734833,154.960358,-156.852753,0.013638,-0.638294,0.769175,0.027666,0.323046,0.003036,0.006551,-0.946356
DATA,-152.260971,154.015793,-157.440369,0.011204,-0.638276,0.769247,0.027166,0.322602,0.002682,0.006192,-0.946511
DATA,-154.968765,153.490433,-156.917282,0.012623,-0.638292,0.769208,0.027253,0.322030,0.001811,0.007173,-0.946701
DATA,-153.295883,153.772964,-157.962296,0.012229,-0.638311,0.769215,0.026791,0.321907,0.000267,0.003808,-0.946764
DATA,-152.201660,154.036224,-157.846680,0.010539,-0.638204,0.769222,0.029706,0.322012,-0.000212,0.003805,-0.946728
DATA,-153.729889,154.150085,-158.418610,0.011592,-0.638254,0.769212,0.028468,0.322109,0.000070,0.004851,-0.946690
DATA,-152.643600,154.667557,-155.425964,0.011228,-0.638274,0.769251,0.027079,0.322012,0.000236,0.006049,-0.946716
DATA,-153.859894,154.519165,-156.371841,0.010012,-0.638162,0.769241,0.030274,0.322120,0.000138,0.005361,-0.946684
DATA,-152.133575,156.172699,-156.272644,0.012816,-0.638291,0.769206,0.027265,0.322297,-0.000264,0.005261,-0.946624
DATA,-153.831238,154.032669,-158.924561,0.011668,-0.638298,0.769257,0.026138,0.322502,0.000338,0.005440,-0.946553
DATA,-153.454422,154.471939,-157.303711,0.011817,-0.638259,0.769234,0.027670,0.322611,0.001360,0.005158,-0.946516
DATA,-154.367584,153.865067,-157.833740,0.013698,-0.638305,0.769203,0.026572,0.322666,0.001623,0.004747,-0.946500
DATA,-150.551056,155.369461,-156.942780,0.013755,-0.638338,0.769207,0.025624,0.322607,0.001320,0.004745,-0.946520
DATA,-154.121613,153.382019,-157.881989,0.014017,-0.638322,0.769188,0.026436,0.322616,0.001111,0.004988,-0.946516
DATA,-154.099228,152.866226,-158.055969,0.010387,-0.638238,0.769277,0.027496,0.322696,0.000980,0.004593,-0.946491
DATA,-152.667343,154.296112,-157.107819,0.014336,-0.638310,0.769181,0.026739,0.322561,0.000958,0.004825,-0.946536
DATA,-152.513199,152.853424,-158.376511,0.012378,-0.638250,0.769225,0.027876,0.322497,0.000888,0.004814,-0.946558
DATA,-152.874146,154.911560,-157.887680,0.011906,-0.638291,0.769261,0.026079,0.322538,0.000793,0.004745,-0.946544
DATA,-151.609100,154.401886,-157.500870,0.013309,-0.638202,0.769180,0.029710,0.322542,0.000888,0.004963,-0.946542
DATA,-154.296371,153.742172,-157.795380,0.011958,-0.638309,0.769280,0.025050,0.322575,0.000353,0.005001,-0.946531
DATA,-154.142746,153.515411,-157.004791,0.014516,-0.638323,0.769197,0.025855,0.322764,0.000022,0.004602,-0.946468
DATA,-152.704697,153.258270,-155.357178,0.011238,-0.638189,0.769240,0.029322,0.322877,-0.000113,0.004601,-0.946430
DATA,-154.110199,154.734390,-157.998245,0.013853,-0.638326,0.769184,0.026513,0.322797,0.000021,0.004902,-0.946455
DATA,-152.060333,154.708786,-157.922272,0.009959,-0.638346,0.769299,0.024362,0.322904,0.000186,0.004913,-0.946419
DATA,-153.709000,154.827255,-157.043793,0.012630,-0.638305,0.769178,0.027805,0.322913,0.000042,0.004924,-0.946416
DATA,-152.740311,155.320129,-157.444855,0.012844,-0.638311,0.769184,0.027394,0.322980,-0.000784,0.004920,-0.946393
DATA,-153.766510,153.309830,-157.837921,0.009870,-0.638286,0.769274,0.026646,0.322911,-0.000746,0.004917,-0.946416
DATA,-153.454269,153.894241,-157.385696,0.013529,-0.638278,0.769129,0.029307,0.322970,-0.001158,0.005027,-0.946395
DATA,-153.938721,155.052124,-157.283966,0.012469,-0.638383,0.769200,0.025360,0.322869,-0.001131,0.005232,-0.946428
DATA,-153.853531,153.397568,-157.974213,0.014021,-0.638328,0.769115,0.028344,0.322955,-0.000987,0.005059,-0.946400
DATA,-152.223511,153.179367,-157.388580,0.012914,-0.638414,0.769167,0.025369,0.322970,-0.001324,0.005412,-0.946393
DATA,-155.445999,154.229568,-157.427353,0.010962,-0.638354,0.769196,0.026870,0.323013,-0.001574,0.005216,-0.946379
DATA,-152.751816,154.509293,-157.598022,0.010554,-0.638393,0.769246,0.024570,0.323042,-0.001703,0.005342,-0.946368
DATA,-153.704773,154.077713,-157.900177,0.013273,-0.638325,0.769127,0.028433,0.323021,-0.001803,0.005542,-0.946374
DATA,-152.047333,154.807724,-157.481720,0.013580,-0.638413,0.769159,0.025272,0.322977,-0.001166,0.003595,-0.946399
DATA,-153.058182,155.062210,-157.340530,0.013906,-0.638381,0.769137,0.026551,0.322930,-0.001379,0.004041,-0.946413
DATA,-153.682404,153.941864,-158.214279,0.010305,-0.638366,0.769234,0.025741,0.323468,0.000447,0.000418,-0.946239
DATA,-152.578491,151.114563,-155.390793,0.011897,-0.638347,0.769142,0.028139,0.327905,0.008134,-0.005283,-0.944661
DATA,-151.481033,152.637527,-156.295135,0.011607,-0.638426,0.769196,0.024791,0.330103,0.016904,-0.006703,-0.943770
DATA,-150.088562,153.347519,-155.598984,0.012610,-0.638411,0.769137,0.026478,0.334191,0.018111,-0.002724,-0.942327
DATA,-148.630951,153.406998,-155.202271,0.011027,-0.638367,0.769173,0.027188,0.335331,0.016721,-0.000086,-0.941952
DATA,-148.244446,112.148926,-153.858948,0.012614,-0.638364,0.769113,0.028239,0.333357,0.012990,0.011071,-0.942646
DATA,-151.626419,151.481308,-155.184494,0.011672,-0.638437,0.769158,0.025664,0.327775,0.015538,0.014997,-0.944509
DATA,-149.481842,151.772247,-155.766296,0.013583,-0.638425,0.769069,0.027591,0.320482,0.013786,0.021811,-0.946903
DATA,-154.074722,154.030441,-154.710663,0.011356,-0.638485,0.769159,0.024554,0.309549,0.011228,0.028527,-0.950389
DATA,-155.428238,153.716110,-156.103760,0.012921,-0.638416,0.769072,0.028027,0.299713,0.009886,0.032383,-0.953428
DATA,-158.169861,150.287125,-156.095200,0.014351,-0.638456,0.769062,0.026686,0.288666,0.008717,0.034823,-0.956757
DATA,-157.326645,153.705032,-155.915909,0.011676,-0.638424,0.769135,0.026653,0.278606,0.007705,0.027966,-0.959967
DATA,-160.218353,153.898514,-158.241241,0.014705,-0.638381,0.769000,0.029885,0.273672,0.003596,0.018299,-0.961642
DATA,-162.052582,157.978378,-161.751984,0.014625,-0.638471,0.769040,0.026803,0.274194,-0.000715,0.007048,-0.961648
DATA,-163.580490,157.767334,-162.628418,0.010442,-0.638467,0.769157,0.025465,0.275174,-0.004144,-0.002687,-0.961382
DATA,-164.444794,156.520935,-161.496643,0.014225,-0.638434,0.769022,0.028372,0.275111,-0.014270,-0.013863,-0.961206
DATA,-163.771118,157.255585,-160.175461,0.013321,-0.638420,0.769043,0.028561,0.270450,-0.029114,-0.020454,-0.962076
DATA,-164.640717,158.068939,-160.388702,0.011864,-0.638398,0.769088,0.028470,0.260082,-0.039959,-0.016117,-0.964625
DATA,-164.813629,158.039932,-161.785034,0.014196,-0.638465,0.769055,0.026744,0.245111,-0.048859,-0.014351,-0.968157
DATA,-165.827942,158.325958,-160.142441,0.011101,-0.638400,0.769128,0.027669,0.227734,-0.055354,-0.011319,-0.972083
DATA,-165.586929,158.191208,-161.707031,0.011484,-0.638429,0.769135,0.026586,0.207935,-0.057492,-0.013456,-0.976359
DATA,-165.063629,158.966309,-159.473404,0.011112,-0.638420,0.769111,0.027658,0.192040,-0.052310,-0.021635,-0.979753
DATA,-164.204208,158.688004,-161.153046,0.012196,-0.638368,0.769044,0.030139,0.179031,-0.049818,-0.025001,-0.982263
DATA,-165.620911,157.966965,-160.636032,0.013608,-0.638497,0.769050,0.026446,0.161180,-0.052015,-0.030308,-0.985087
DATA,-166.037888,158.099289,-161.191269,0.011413,-0.638469,0.769127,0.025894,0.138992,-0.054279,-0.031979,-0.988288
DATA,-165.424042,156.226379,-161.790329,0.012715,-0.638480,0.769088,0.026177,0.111328,-0.057350,-0.027827,-0.991737
DATA,-165.829041,143.985565,-161.678711,0.013021,-0.638454,0.769054,0.027607,0.077412,-0.059810,-0.020498,-0.994992
DATA,-163.410629,97.736092,-160.226379,0.011020,-0.638495,0.769133,0.025249,0.038480,-0.055108,-0.013050,-0.997653
DATA,-160.057693,-4.168159,-159.966202,0.012087,-0.638439,0.769071,0.027914,-0.003709,-0.048370,-0.003354,-0.998817
DATA,-43.942970,-98.224869,-161.063858,0.012119,-0.638502,0.769094,0.025751,-0.046838,-0.039506,0.004266,-0.998112
DATA,140.002762,-126.787430,-160.656387,0.011343,-0.638483,0.769105,0.026235,-0.091402,-0.027843,0.011192,-0.995362
DATA,158.648300,-106.219856,-161.282516,0.012734,-0.638530,0.769085,0.025017,-0.137144,-0.015184,0.017941,-0.990272
DATA,162.235626,-67.060005,-161.292587,0.010961,-0.638493,0.769112,0.025938,-0.184779,-0.003839,0.023784,-0.982485
DATA,166.955139,71.054825,-162.330551,0.013270,-0.638463,0.769005,0.028621,-0.232862,0.006162,0.028869,-0.972062
DATA,169.006744,151.013184,-163.324936,0.010765,-0.638525,0.769113,0.025212,-0.281170,0.016089,0.035682,-0.958859
DATA,169.281281,158.249420,-163.655090,0.013694,-0.638493,0.769010,0.027606,-0.328156,0.021361,0.042165,-0.943440
DATA,169.165009,159.032120,-163.504715,0.012858,-0.638532,0.769061,0.025641,-0.369805,0.023279,0.049783,-0.927483
DATA,169.160721,160.139023,-162.686234,0.009616,-0.638456,0.769143,0.026465,-0.404420,0.022461,0.055150,-0.912633
DATA,166.441315,157.415863,-161.664352,0.012911,-0.638457,0.769047,0.027800,-0.431919,0.023150,0.062829,-0.899423
DATA,166.233215,157.073944,-161.165924,0.013151,-0.638506,0.769072,0.025811,-0.455132,0.025263,0.072132,-0.887138
DATA,165.775360,157.329865,-160.580261,0.010844,-0.638455,0.769123,0.026589,-0.473252,0.026296,0.080101,-0.876883
DATA,165.329041,158.042282,-161.584564,0.012436,-0.638472,0.769055,0.027456,-0.486611,0.024617,0.086325,-0.868995
DATA,166.616074,158.322144,-161.351990,0.010011,-0.638434,0.769110,0.027766,-0.495370,0.022319,0.091518,-0.863560
DATA,166.367371,158.450592,-161.906204,0.014213,-0.638529,0.769019,0.026246,-0.501095,0.018760,0.097204,-0.859711
DATA,165.096848,158.249420,-162.286072,0.009680,-0.638446,0.769116,0.027454,-0.503590,0.014018,0.103632,-0.857590
DATA,164.612381,158.427872,-162.046814,0.011752,-0.638540,0.769100,0.024760,-0.502240,0.009098,0.110492,-0.857592
DATA,164.823242,157.282043,-161.070038,0.011319,-0.638436,0.769058,0.028652,-0.496243,0.003632,0.115970,-0.860396
DATA,164.601517,158.836868,-160.904053,0.015140,-0.638531,0.768982,0.026744,-0.484859,-0.001432,0.118886,-0.866473
DATA,166.444733,158.904190,-162.304428,0.013290,-0.638529,0.769037,0.026177,-0.467581,-0.008188,0.120867,-0.875609
DATA,166.807938,158.777924,-162.524857,0.011446,-0.638454,0.769073,0.027802,-0.445041,-0.014061,0.123072,-0.886902
DATA,166.670319,158.859833,-162.140076,0.014576,-0.638575,0.769015,0.025006,-0.418768,-0.019684,0.126070,-0.899084
DATA,167.475510,160.622635,-162.396332,0.012583,-0.638492,0.769025,0.027740,-0.387583,-0.025794,0.128977,-0.912403
DATA,167.685013,158.687881,-162.857010,0.012099,-0.638522,0.769072,0.025917,-0.350760,-0.031913,0.128991,-0.926990
DATA,168.539810,159.009430,-163.110199,0.013136,-0.638500,0.769028,0.027233,-0.309509,-0.038654,0.125146,-0.941832
DATA,168.653015,159.195541,-163.145859,0.014486,-0.638533,0.769008,0.026310,-0.265185,-0.040825,0.120708,-0.955740
DATA,169.163956,158.383621,-163.591751,0.012609,-0.638403,0.769003,0.030271,-0.219760,-0.042962,0.115373,-0.967755
DATA,167.899734,151.891205,-163.542862,0.013414,-0.638528,0.769024,0.026549,-0.173146,-0.045929,0.105825,-0.978116
DATA,168.734207,44.109688,-163.118942,0.012646,-0.638523,0.769062,0.025919,-0.125546,-0.050705,0.094814,-0.986244
DATA,162.095886,-140.110138,-159.992889,0.011828,-0.638425,0.769012,0.029897,0.050067,-0.073952,0.053412,-0.994571
DATA,161.756042,-144.668579,-161.741211,0.012871,-0.638546,0.769034,0.026071,0.085570,-0.071535,0.044507,-0.992764
DATA,160.395264,-145.849365,-160.985764,0.010805,-0.638488,0.769058,0.027679,0.120011,-0.070920,0.032741,-0.989695
DATA,157.711945,-149.407242,-161.183960,0.014210,-0.638585,0.768982,0.025967,0.154859,-0.074257,0.020836,-0.984922
DATA,151.444855,-152.795380,-161.693680,0.010227,-0.638504,0.769064,0.027350,0.190901,-0.080263,0.006930,-0.978298
DATA,128.587708,-149.834106,-161.437607,0.011985,-0.638552,0.769031,0.026431,0.227751,-0.088271,-0.005300,-0.969696
DATA,36.661808,-147.760223,-161.152374,0.013428,-0.638609,0.769016,0.024739,0.262800,-0.096572,-0.013065,-0.959917
DATA,-41.105221,-144.284470,-159.473038,0.011329,-0.638507,0.769057,0.027060,0.295195,-0.099307,-0.020479,-0.950042
DATA,-103.962601,-141.077408,-160.079941,0.014839,-0.638590,0.768971,0.025816,0.324556,-0.104419,-0.028166,-0.939663
DATA,-146.924606,-121.099167,-159.303146,0.012363,-0.638477,0.769016,0.028437,0.348738,-0.107539,-0.034972,-0.930373
DATA,-155.981339,-83.248642,-158.579575,0.013857,-0.638499,0.768968,0.028534,0.367720,-0.113876,-0.044667,-0.921856
DATA,-158.377136,-44.122807,-157.982742,0.014769,-0.638585,0.768968,0.026075,0.383223,-0.114701,-0.053957,-0.914917
DATA,-159.326828,-17.446026,-158.907745,0.011890,-0.638476,0.769020,0.028568,0.398211,-0.115360,-0.055853,-0.908296
DATA,-161.646835,12.504605,-158.928452,0.014125,-0.638527,0.768979,0.027485,0.411772,-0.118777,-0.066842,-0.901037
DATA,-161.152161,34.171627,-158.426254,0.011028,-0.638511,0.769049,0.027307,0.424411,-0.123291,-0.077077,-0.893719
DATA,-162.857239,59.911461,-159.484177,0.013186,-0.638534,0.768999,0.027199,0.434784,-0.130520,-0.077948,-0.887610
DATA,-161.985748,84.359161,-159.662292,0.010174,-0.638460,0.769064,0.028394,0.439338,-0.139585,-0.085203,-0.883311
DATA,-160.014557,101.953491,-158.160492,0.011262,-0.638431,0.769030,0.029521,0.438240,-0.140654,-0.090962,-0.883113
DATA,-162.121445,110.475555,-158.823196,0.014113,-0.638519,0.768985,0.027514,0.432847,-0.138463,-0.095473,-0.885639
DATA,-160.848770,104.140366,-158.213364,0.013173,-0.638486,0.769017,0.027850,0.423581,-0.136241,-0.100883,-0.889854
DATA,-161.742783,90.498688,-158.981827,0.013104,-0.638511,0.769035,0.026766,0.413061,-0.133550,-0.105401,-0.894671
DATA,-162.774475,72.788704,-159.292282,0.013698,-0.638627,0.769059,0.022732,0.400961,-0.131942,-0.103630,-0.900601
DATA,-160.898392,47.627323,-158.853149,0.010940,-0.638529,0.769076,0.026152,0.384656,-0.131255,-0.099899,-0.908202
DATA,-161.704208,33.607994,-159.833572,0.012856,-0.638537,0.769013,0.026916,0.362478,-0.131527,-0.085052,-0.918736
DATA,-158.786331,30.964182,-159.322998,0.012253,-0.638544,0.769035,0.026394,0.331073,-0.132303,-0.065181,-0.932008
DATA,-153.692001,37.010479,-159.382919,0.012978,-0.638519,0.768994,0.027796,0.289599,-0.128546,-0.041805,-0.947555
DATA,-139.436966,32.951962,-159.375031,0.013351,-0.638576,0.769012,0.025746,0.241493,-0.123411,-0.025692,-0.962180
DATA,-95.737976,19.102606,-160.667969,0.012187,-0.638515,0.769039,0.027003,0.193181,-0.118921,-0.013353,-0.973838
DATA,-42.714794,-4.285707,-160.909012,0.010891,-0.638472,0.769044,0.028395,0.147936,-0.111679,-0.004581,-0.982661
DATA,19.468914,-37.920818,-161.030640,0.013124,-0.638454,0.768953,0.030259,0.104892,-0.100513,0.001201,-0.989390
DATA,91.011612,-76.441841,-161.248795,0.014443,-0.638591,0.768978,0.025820,0.063550,-0.086714,0.005384,-0.994190
DATA,145.999893,-112.327118,-161.470108,0.012740,-0.638496,0.768987,0.028640,0.022666,-0.073620,0.012311,-0.996953
DATA,166.228119,118.125839,-162.451218,0.010633,-0.638549,0.769057,0.026352,-0.150077,-0.022613,0.059323,-0.986634
DATA,166.327057,148.071167,-163.752762,0.012793,-0.638613,0.769021,0.024837,-0.190559,-0.015654,0.067350,-0.979238
DATA,165.320877,155.584229,-161.204941,0.011127,-0.638497,0.769040,0.027851,-0.225895,-0.008144,0.076636,-0.971098
DATA,165.639694,157.681046,-162.041702,0.013592,-0.638505,0.768969,0.028525,-0.258405,-0.001610,0.082734,-0.962486
DATA,167.053284,158.417923,-163.007751,0.011869,-0.638564,0.769048,0.025679,-0.286249,0.006195,0.085410,-0.954321
DATA,168.275299,158.991074,-163.810379,0.014102,-0.638496,0.768959,0.028734,-0.311489,0.013265,0.088137,-0.946060
DATA,168.400528,160.293808,-163.015121,0.008945,-0.638421,0.769100,0.028721,-0.334086,0.019335,0.092887,-0.937755
DATA,168.579956,160.504883,-163.037445,0.012460,-0.638570,0.769037,0.025608,-0.355190,0.022727,0.100254,-0.929125
DATA,168.995117,160.656723,-163.998718,0.010258,-0.638449,0.769059,0.028746,-0.373289,0.024089,0.108221,-0.921067
DATA,168.336639,160.986374,-163.793747,0.014328,-0.638556,0.768961,0.027204,-0.386892,0.023708,0.114904,-0.914631
DATA,168.868271,160.965576,-163.720245,0.011094,-0.638497,0.769037,0.027948,-0.395084,0.022835,0.121000,-0.910355
DATA,167.334122,160.405319,-161.692734,0.012026,-0.638569,0.769032,0.025980,-0.399495,0.023031,0.127185,-0.907578
DATA,167.179520,159.410141,-162.953964,0.009524,-0.638470,0.769073,0.028148,-0.400290,0.021232,0.131148,-0.906707
DATA,167.689697,160.596786,-163.340790,0.012207,-0.638609,0.769025,0.025103,-0.396629,0.017328,0.132968,-0.908133
DATA,166.861740,159.412201,-162.712982,0.013762,-0.638526,0.768943,0.028686,-0.387174,0.009238,0.130528,-0.912674
DATA,167.394363,159.741470,-162.122879,0.011351,-0.638543,0.769022,0.027165,-0.369982,0.000534,0.123149,-0.920841
DATA,167.051086,158.164398,-161.564468,0.011802,-0.638572,0.769012,0.026590,-0.343239,-0.007839,0.110360,-0.932709
DATA,167.606552,157.687073,-162.561417,0.014279,-0.638589,0.768944,0.026947,-0.305274,-0.012558,0.096360,-0.947294
DATA,165.506470,149.425842,-162.108353,0.010732,-0.638465,0.769021,0.029220,-0.260752,-0.013670,0.088045,-0.961286
DATA,166.341064,126.583336,-161.381805,0.012514,-0.638572,0.769021,0.026003,-0.215716,-0.014168,0.082645,-0.972849
DATA,165.535690,56.289047,-163.359634,0.015148,-0.638564,0.768937,0.027264,-0.171820,-0.015618,0.079786,-0.981768
DATA,165.358032,-1.625779,-161.646423,0.011939,-0.638570,0.769048,0.025528,-0.129662,-0.017118,0.080811,-0.988111
DATA,158.267197,-129.763031,-161.188049,0.010591,-0.638496,0.769049,0.027841,0.053010,-0.027250,0.045853,-0.997168
DATA,155.615524,-137.432541,-161.344101,0.011704,-0.638487,0.768993,0.029106,0.095989,-0.028545,0.037058,-0.994283
DATA,152.468933,-139.820480,-161.196442,0.014406,-0.638611,0.768943,0.026372,0.139388,-0.025318,0.023214,-0.989642
DATA,148.098770,-144.274765,-161.998260,0.010703,-0.638584,0.769044,0.025817,0.183340,-0.018772,0.011059,-0.982808
DATA,141.141678,-143.389572,-161.279190,0.012658,-0.638508,0.768945,0.029504,0.224491,-0.013026,0.002026,-0.974387
DATA,106.556862,-140.341354,-160.753632,0.013720,-0.638595,0.768954,0.026798,0.261209,-0.009703,-0.001923,-0.965232
DATA,63.988380,-138.359695,-160.720749,0.010925,-0.638527,0.769020,0.027799,0.294926,-0.008102,-0.008902,-0.955444
DATA,22.803999,-129.772247,-160.188400,0.013400,-0.638548,0.768949,0.028173,0.329002,-0.005512,-0.015534,-0.944185
DATA,-4.058506,-110.038506,-160.021362,0.011335,-0.638560,0.769040,0.026258,0.360293,-0.005498,-0.016452,-0.932678
DATA,-17.137890,-66.496025,-159.947708,0.012468,-0.638513,0.768984,0.028452,0.385621,-0.006992,-0.016287,-0.922487
DATA,-28.218136,-36.316021,-159.398712,0.009211,-0.638525,0.769083,0.026693,0.404869,-0.004736,-0.020829,-0.914125
DATA,-34.059879,-19.533125,-159.780685,0.012598,-0.638543,0.768979,0.027840,0.418996,-0.003884,-0.020906,-0.907739
DATA,-35.783955,-11.295841,-159.949951,0.010658,-0.638529,0.769032,0.027518,0.430452,-0.001087,-0.025976,-0.902239
DATA,-34.979877,-0.091041,-159.453384,0.014553,-0.638618,0.768923,0.026709,0.439728,0.003606,-0.025628,-0.897758
DATA,-29.217041,9.154406,-158.941940,0.011876,-0.638581,0.769004,0.026573,0.446938,0.008371,-0.030483,-0.894006
DATA,-20.465569,7.706568,-159.895111,0.012262,-0.638578,0.769011,0.026267,0.452011,0.011932,-0.034934,-0.891248
DATA,-13.985266,1.326180,-159.577225,0.010448,-0.638515,0.769017,0.028329,0.452742,0.013984,-0.037158,-0.890757
DATA,-2.670637,-1.650597,-159.712372,0.013413,-0.638630,0.768992,0.024945,0.449073,0.016424,-0.034371,-0.892683
DATA,10.347809,-8.982334,-159.251419,0.012921,-0.638508,0.768955,0.029124,0.440015,0.017298,-0.026955,-0.897419
DATA,23.173410,-15.013113,-159.238663,0.013475,-0.638560,0.768976,0.027103,0.425119,0.017983,-0.019753,-0.904743
DATA,35.765095,-16.784578,-159.065933,0.009795,-0.638460,0.769055,0.028764,0.404355,0.020646,-0.012895,-0.914278
DATA,57.088230,-20.539888,-160.249847,0.011993,-0.638552,0.769036,0.026293,0.378138,0.023374,-0.003529,-0.925447
DATA,83.730324,-35.609825,-159.722290,0.014430,-0.638590,0.768954,0.026543,0.348330,0.026743,0.005930,-0.936972
DATA,117.815590,-60.115845,-159.757141,0.009518,-0.638510,0.769055,0.027716,0.314755,0.029221,0.018237,-0.948548
DATA,145.093887,-85.893295,-161.123413,0.013377,-0.638530,0.768931,0.029090,0.280034,0.031025,0.031248,-0.958980
DATA,153.398392,-95.157837,-161.848877,0.012247,-0.638577,0.768992,0.026850,0.243921,0.031315,0.047103,-0.968144
DATA,157.126038,-82.729240,-160.987900,0.013270,-0.638485,0.768898,0.030913,0.206528,0.032492,0.061967,-0.975936
DATA,159.059540,-50.747166,-160.574051,0.011677,-0.638618,0.769016,0.025395,0.167065,0.034817,0.076580,-0.982351
DATA,161.177689,-3.168984,-161.664703,0.011986,-0.638601,0.768999,0.026195,0.124590,0.035632,0.091987,-0.987292
DATA,162.349548,64.079811,-162.352585,0.013967,-0.638609,0.768953,0.026348,0.081276,0.035480,0.102445,-0.990778
DATA,164.619888,129.582169,-161.858047,0.010465,-0.638555,0.769032,0.026982,0.039337,0.034702,0.111030,-0.992432
DATA,166.473434,157.837051,-162.870178,0.011531,-0.638571,0.769050,0.025623,-0.180287,0.033044,0.137052,-0.973459
DATA,166.775833,158.220581,-162.183868,0.012629,-0.638506,0.768977,0.028736,-0.217477,0.031354,0.138644,-0.965660
DATA,166.445175,160.014236,-162.674667,0.012013,-0.638563,0.769030,0.026189,-0.252344,0.027238,0.141687,-0.956820
DATA,166.083954,159.361877,-162.443771,0.013364,-0.638632,0.769004,0.024562,-0.283149,0.025306,0.143489,-0.947944
DATA,166.479446,158.923996,-161.987473,0.011232,-0.638547,0.769028,0.026970,-0.307946,0.025407,0.146027,-0.939787
DATA,166.179337,159.148422,-162.473984,0.011367,-0.638587,0.769039,0.025629,-0.329407,0.026565,0.148751,-0.932018
DATA,166.183655,160.013306,-162.212830,0.010220,-0.638536,0.769038,0.027342,-0.349121,0.029640,0.153288,-0.923980
DATA,166.223785,158.467850,-162.636154,0.012158,-0.638621,0.769014,0.025168,-0.370143,0.032515,0.158859,-0.914714
DATA,166.585587,159.235672,-162.889587,0.013210,-0.638608,0.768977,0.026054,-0.390228,0.032803,0.158437,-0.906390
DATA,167.069870,159.450409,-162.486923,0.010594,-0.638543,0.769052,0.026620,-0.405628,0.031760,0.158396,-0.899649
DATA,166.446579,160.482788,-162.359100,0.012396,-0.638591,0.769004,0.026096,-0.417278,0.030428,0.158536,-0.894326
DATA,166.326935,159.834183,-162.646408,0.011365,-0.638572,0.769016,0.026652,-0.426166,0.030253,0.158365,-0.890162
DATA,166.542435,158.351074,-161.861801,0.011306,-0.638495,0.768994,0.029066,-0.432438,0.030405,0.157289,-0.887318
DATA,166.483643,160.140045,-162.130051,0.011914,-0.638576,0.769013,0.026413,-0.437586,0.030655,0.158826,-0.884507
DATA,165.720490,158.915833,-162.154236,0.014021,-0.638536,0.768946,0.028235,-0.440517,0.027867,0.159265,-0.883065
DATA,166.920258,159.070984,-162.365143,0.011296,-0.638560,0.769047,0.026094,-0.439901,0.022749,0.159690,-0.883441
DATA,166.138687,159.367981,-162.372818,0.013128,-0.638520,0.769006,0.027373,-0.435088,0.017347,0.159580,-0.885964
DATA,166.836746,159.424957,-162.443787,0.013445,-0.638514,0.768998,0.027603,-0.426467,0.010601,0.156788,-0.890747
DATA,166.163559,159.313705,-162.705811,0.012216,-0.638538,0.769033,0.026607,-0.414235,0.003335,0.153582,-0.897112
DATA,165.621582,158.216263,-162.297791,0.011907,-0.638559,0.769021,0.026593,-0.398063,-0.001377,0.146410,-0.905598
DATA,165.812408,158.735336,-161.851028,0.013683,-0.638561,0.768953,0.027639,-0.377079,-0.001626,0.141051,-0.915376
DATA,166.067719,157.583237,-161.546295,0.011190,-0.638572,0.769045,0.025903,-0.349724,-0.001363,0.132297,-0.927464
DATA,166.869812,158.653137,-163.094681,0.012760,-0.638512,0.768947,0.029335,-0.314595,0.001008,0.119818,-0.941633
DATA,167.499161,155.731171,-162.630783,0.012340,-0.638542,0.768996,0.027519,-0.272920,0.003337,0.109360,-0.955795
DATA,168.312714,149.934158,-163.148956,0.011617,-0.638562,0.769024,0.026567,-0.228398,0.002822,0.106017,-0.967774
DATA,167.518784,136.329880,-162.252792,0.013187,-0.638559,0.768954,0.027890,-0.185137,0.000530,0.105607,-0.977022
DATA,165.698227,113.156754,-161.635834,0.010839,-0.638609,0.769044,0.025155,-0.142895,0.000437,0.105420,-0.984107
DATA,165.504227,85.895760,-161.681442,0.011418,-0.638551,0.769002,0.027528,-0.102258,0.002178,0.106410,-0.989048
DATA,162.923615,-59.479263,-160.984756,0.012774,-0.638570,0.768965,0.027545,0.068514,0.021441,0.079740,-0.994227
DATA,162.592102,-111.298256,-160.966110,0.011695,-0.638570,0.768984,0.027458,0.112047,0.030990,0.076075,-0.990302
DATA,161.903015,-132.365967,-161.017761,0.013753,-0.638589,0.768924,0.027774,0.153373,0.039312,0.069547,-0.984934
DATA,162.730301,-129.817612,-161.427170,0.011101,-0.638577,0.769007,0.026916,0.194978,0.050947,0.063671,-0.977412
DATA,163.630051,-134.677017,-161.839523,0.011034,-0.638520,0.769006,0.028300,0.232586,0.056304,0.059557,-0.969116
DATA,161.425690,-138.220139,-161.765869,0.011116,-0.638586,0.769048,0.025493,0.266169,0.059088,0.054103,-0.960591
DATA,158.892639,-140.110275,-159.936172,0.013253,-0.638549,0.768984,0.027251,0.294236,0.052458,0.051179,-0.952919
DATA,157.001450,-143.004730,-160.179764,0.009918,-0.638532,0.769089,0.026071,0.317506,0.042591,0.046654,-0.946150
DATA,154.854279,-140.548340,-159.856903,0.011703,-0.638529,0.769041,0.026845,0.338873,0.034196,0.036518,-0.939501
DATA,148.182678,-137.935516,-159.966202,0.011092,-0.638496,0.769021,0.028415,0.360814,0.030017,0.023273,-0.931864
DATA,126.677872,-124.906738,-159.345047,0.012852,-0.638557,0.768986,0.027215,0.382660,0.026860,0.010635,-0.923438
DATA,70.285011,-80.148209,-159.863342,0.010746,-0.638577,0.769064,0.025379,0.403350,0.023823,0.003688,-0.914728
DATA,21.091490,-37.876110,-159.356232,0.010885,-0.638511,0.768991,0.028960,0.422315,0.021045,-0.003897,-0.906196
DATA,-17.150522,7.277854,-159.551804,0.012871,-0.638646,0.768970,0.025510,0.439718,0.019792,-0.010981,-0.897851
DATA,-41.434696,35.692753,-159.032028,0.011042,-0.638537,0.768977,0.028676,0.454854,0.013841,-0.011744,-0.890381
DATA,-52.811516,62.390850,-159.248520,0.013951,-0.638627,0.768927,0.026710,0.465644,0.009117,-0.015744,-0.884785
DATA,-57.283016,79.278603,-160.305191,0.011086,-0.638562,0.768992,0.027689,0.472115,0.009570,-0.017081,-0.881320
DATA,-53.976887,82.632812,-159.365784,0.012133,-0.638674,0.768998,0.024281,0.473093,0.013756,-0.019032,-0.880700
DATA,-46.987103,74.300667,-159.082458,0.014356,-0.638658,0.768893,0.026700,0.469909,0.021857,-0.020459,-0.882207
DATA,-39.041965,52.750328,-159.012772,0.012934,-0.638605,0.768912,0.028112,0.462802,0.029531,-0.019693,-0.885751
DATA,-27.010790,23.620085,-158.805267,0.010488,-0.638632,0.769035,0.024979,0.450290,0.036479,-0.018828,-0.891938
DATA,-8.908139,-21.263420,-158.731644,0.013041,-0.638634,0.768957,0.026103,0.433284,0.044031,-0.019019,-0.899980
DATA,15.204871,-72.165291,-159.698349,0.011536,-0.638547,0.768955,0.028853,0.412117,0.051323,-0.018403,-0.909498
DATA,35.243942,-122.226303,-159.728851,0.010774,-0.638632,0.769018,0.025378,0.389429,0.052790,-0.021720,-0.919286
DATA,55.373295,-132.295212,-160.536880,0.014290,-0.638597,0.768888,0.028315,0.364563,0.047924,-0.018573,-0.929759
DATA,71.802162,-137.456955,-160.727707,0.011015,-0.638598,0.769007,0.026443,0.334804,0.039130,-0.010232,-0.941419
DATA,85.461815,-136.930435,-160.078186,0.014552,-0.638652,0.768902,0.026488,0.298760,0.032352,0.002570,-0.953776
DATA,95.477791,-137.050308,-160.013214,0.012713,-0.638629,0.768938,0.026929,0.257075,0.026658,0.015543,-0.965899
DATA,106.150169,-133.165497,-159.470779,0.013976,-0.638605,0.768885,0.028358,0.212262,0.020644,0.028992,-0.976565
DATA,118.958260,-128.189194,-159.128159,0.011815,-0.638641,0.768964,0.026337,0.166844,0.013702,0.043364,-0.984934
DATA,139.523132,-132.545319,-159.914612,0.012787,-0.638667,0.768940,0.025920,0.122115,0.012503,0.052955,-0.991023
DATA,149.469849,-131.226822,-159.729492,0.010333,-0.638646,0.768992,0.026000,0.078891,0.017942,0.059110,-0.994967
DATA,158.272919,-128.351669,-161.010910,0.012600,-0.638641,0.768905,0.027645,0.038716,0.022031,0.060485,-0.997175
DATA,162.577118,-117.222122,-160.871780,0.012408,-0.638697,0.768926,0.025776,0.000141,0.027342,0.063863,-0.997584
DATA,163.790222,37.355186,-160.954498,0.011021,-0.638656,0.768961,0.026375,-0.143805,0.021909,0.072110,-0.986732
DATA,165.536026,91.543663,-161.861725,0.011827,-0.638633,0.768929,0.027503,-0.177912,0.020021,0.071747,-0.981223
DATA,167.161163,126.078018,-162.228165,0.009553,-0.638624,0.769000,0.026598,-0.210594,0.017918,0.071636,-0.974781
DATA,166.679352,140.659958,-162.887970,0.010369,-0.638592,0.768947,0.028513,-0.242894,0.014307,0.073615,-0.967150
DATA,165.747025,148.261169,-162.685120,0.012218,-0.638691,0.768954,0.025169,-0.274409,0.009915,0.074936,-0.958638
DATA,165.975388,151.693527,-162.626785,0.011738,-0.638624,0.768922,0.027951,-0.303777,0.003858,0.075153,-0.949766
DATA,166.349457,152.468140,-162.733871,0.014328,-0.638688,0.768842,0.027485,-0.330420,-0.001912,0.080061,-0.940431
DATA,165.323914,152.803421,-162.605759,0.012578,-0.638660,0.768873,0.028088,-0.352968,-0.008392,0.083496,-0.931865
DATA,165.717300,154.845291,-162.736755,0.012524,-0.638636,0.768895,0.028047,-0.369876,-0.013486,0.086977,-0.924903
DATA,165.938934,154.561447,-162.758865,0.010767,-0.638710,0.768972,0.024819,-0.381716,-0.017905,0.090637,-0.919650
DATA,166.499771,155.167007,-162.732651,0.013085,-0.638635,0.768877,0.028336,-0.389805,-0.021162,0.095513,-0.915686
DATA,165.881729,154.607300,-162.809433,0.010822,-0.638665,0.768967,0.026085,-0.394142,-0.024521,0.098857,-0.913388
DATA,165.686234,155.341309,-162.784607,0.010993,-0.638655,0.768923,0.027503,-0.394518,-0.027918,0.101727,-0.912813
DATA,164.734894,155.069763,-162.272522,0.015012,-0.638750,0.768839,0.025674,-0.390999,-0.032103,0.102749,-0.914074
DATA,165.441956,154.545883,-161.962830,0.012644,-0.638636,0.768865,0.028821,-0.382002,-0.035739,0.101628,-0.917861
DATA,165.696075,154.132599,-161.584656,0.011273,-0.638695,0.768944,0.025804,-0.367194,-0.038373,0.098433,-0.924125
DATA,165.381485,154.098938,-161.886307,0.011631,-0.638708,0.768919,0.026083,-0.343564,-0.039495,0.092816,-0.933697
DATA,165.698563,152.015717,-163.147888,0.015203,-0.638678,0.768786,0.028758,-0.309846,-0.034656,0.089102,-0.945968
DATA,165.664322,146.094299,-162.361984,0.010565,-0.638699,0.768942,0.026085,-0.269166,-0.029170,0.084879,-0.958903
DATA,166.752975,132.312103,-163.213852,0.014626,-0.638733,0.768810,0.027152,-0.225116,-0.023807,0.082683,-0.970525
DATA,166.557388,92.471283,-163.080933,0.011444,-0.638685,0.768905,0.027116,-0.182369,-0.018561,0.081176,-0.979698
DATA,166.421768,37.953850,-162.837418,0.009897,-0.638637,0.768952,0.027515,-0.141660,-0.016012,0.079573,-0.986582
DATA,165.357666,11.272779,-161.975647,0.011476,-0.638743,0.768942,0.024585,-0.103979,-0.017809,0.081564,-0.991069
DATA,163.237228,0.952304,-162.202301,0.012109,-0.638668,0.768880,0.027926,-0.069412,-0.023289,0.082641,-0.993886
DATA,151.580353,-110.793182,-160.266571,0.012239,-0.638740,0.768877,0.026267,0.067076,-0.028862,0.040484,-0.996508
DATA,150.203720,-128.171005,-159.497635,0.012759,-0.638736,0.768853,0.026781,0.098548,-0.021221,0.028124,-0.994508
DATA,152.541672,-132.555420,-160.335266,0.012172,-0.638713,0.768861,0.027397,0.121882,-0.013753,0.028773,-0.992032
DATA,153.720718,-134.618500,-160.987396,0.011985,-0.638688,0.768867,0.027882,0.134811,-0.007687,0.034247,-0.990249
DATA,155.195160,-132.718872,-159.580139,0.010808,-0.638717,0.768909,0.026528,0.140679,-0.003992,0.038914,-0.989282
DATA,155.739426,-132.055603,-161.054794,0.013424,-0.638752,0.768847,0.026266,0.141920,-0.005221,0.041173,-0.989008
DATA,154.212311,-133.793991,-159.873230,0.012494,-0.638678,0.768839,0.028650,0.140669,-0.008279,0.037746,-0.989302
DATA,152.810257,-134.422165,-160.513489,0.010120,-0.638695,0.768937,0.026503,0.137965,-0.008825,0.035737,-0.989753
DATA,152.489212,-135.287399,-158.930206,0.013906,-0.638723,0.768838,0.026981,0.135502,-0.007986,0.030077,-0.990288
DATA,153.326691,-137.389511,-160.278320,0.012507,-0.638657,0.768871,0.028239,0.133269,-0.009313,0.026894,-0.990671
DATA,153.774338,-141.222595,-160.829468,0.012912,-0.638721,0.768893,0.025934,0.129613,-0.012524,0.026432,-0.991133
DATA,151.881058,-142.525116,-160.779724,0.010756,-0.638648,0.768913,0.028019,0.125431,-0.016967,0.021915,-0.991715
DATA,150.207245,-142.359390,-160.402328,0.013028,-0.638690,0.768839,0.028135,0.120792,-0.021863,0.016250,-0.992304
DATA,146.451462,-145.945969,-160.210907,0.011660,-0.638754,0.768907,0.025304,0.116364,-0.026247,0.002225,-0.992857
DATA,141.013168,-147.331604,-159.306564,0.014977,-0.638730,0.768785,0.027737,0.113650,-0.027469,-0.016898,-0.992997
DATA,134.041626,-147.509216,-157.936081,0.011128,-0.638757,0.768907,0.025432,0.114698,-0.025505,-0.040801,-0.992234
DATA,131.698700,-149.064484,-158.898911,0.014531,-0.638772,0.768812,0.026222,0.120978,-0.019874,-0.070022,-0.989983
DATA,135.794098,-150.788223,-159.991974,0.009920,-0.638694,0.768930,0.026806,0.130293,-0.010432,-0.100645,-0.986299
DATA,138.896515,-151.034576,-160.504822,0.013236,-0.638761,0.768851,0.026010,0.139542,0.001649,-0.133641,-0.981155
DATA,135.675797,-153.499268,-160.178696,0.009745,-0.638673,0.768922,0.027586,0.149406,0.010339,-0.168153,-0.974318
DATA,133.529312,-153.114212,-160.400818,0.012220,-0.638659,0.768833,0.029349,0.159374,0.016598,-0.203773,-0.965816
DATA,126.094307,-153.760147,-159.516998,0.012508,-0.638771,0.768872,0.025515,0.169795,0.021135,-0.236222,-0.956516
DATA,115.262291,-150.950226,-158.868942,0.011270,-0.638700,0.768889,0.027301,0.179801,0.026205,-0.272468,-0.944852
DATA,89.587631,-153.999786,-158.192719,0.014712,-0.638784,0.768793,0.026363,0.190948,0.030449,-0.306895,-0.931894
DATA,51.347107,-152.945862,-157.025574,0.011416,-0.638736,0.768879,0.026667,0.201737,0.034456,-0.337540,-0.918793
DATA,19.626543,-152.324936,-153.577438,0.014494,-0.638772,0.768795,0.026739,0.210087,0.037984,-0.365259,-0.906094
DATA,4.704019,-152.789185,-126.949615,0.012846,-0.638723,0.768843,0.027357,0.214960,0.040802,-0.388396,-0.895140
DATA,15.708784,-153.012314,-15.574402,0.012984,-0.638807,0.768870,0.024417,0.214392,0.043852,-0.415455,-0.882899
DATA,32.533791,-152.515701,95.949471,0.010630,-0.638712,0.768923,0.026306,0.211348,0.046622,-0.439017,-0.872022
DATA,45.639530,-153.177628,146.723343,0.012600,-0.638751,0.768891,0.025400,0.208259,0.049479,-0.461263,-0.861055
DATA,44.845169,-153.580765,152.674454,0.015768,-0.638703,0.768763,0.028508,0.207331,0.053437,-0.480892,-0.850236
DATA,40.397263,-153.946457,156.891388,0.011442,-0.638668,0.768891,0.027926,0.209115,0.057954,-0.498708,-0.839168
DATA,32.542641,-153.020493,156.282669,0.014266,-0.638761,0.768851,0.025472,0.212314,0.062580,-0.514633,-0.828348
DATA,16.284891,-153.455719,156.575211,0.011848,-0.638693,0.768894,0.027058,0.216420,0.066424,-0.527094,-0.819099
DATA,7.083114,-153.079727,156.954620,0.010376,-0.638678,0.768947,0.026525,0.219389,0.069081,-0.536718,-0.811807
DATA,-1.987636,-153.458664,156.941284,0.012484,-0.638673,0.768863,0.028119,0.221016,0.071008,-0.544385,-0.806074
DATA,-2.432501,-152.784988,157.767029,0.012333,-0.638701,0.768898,0.026550,0.222534,0.072415,-0.549582,-0.801994
DATA,-11.189112,-153.611771,157.560120,0.013187,-0.638677,0.768860,0.027804,0.224213,0.072902,-0.553060,-0.799086
DATA,-19.589466,-152.464172,157.317490,0.012789,-0.638729,0.768886,0.026009,0.226501,0.072708,-0.555064,-0.797067
DATA,-35.559956,-154.963608,157.147339,0.010872,-0.638651,0.768917,0.027829,0.228974,0.072281,-0.555704,-0.795952
DATA,-40.273232,-152.877335,156.395370,0.011228,-0.638741,0.768930,0.025088,0.230852,0.071619,-0.554824,-0.796083
DATA,-47.045204,-153.303284,156.372238,0.011943,-0.638667,0.768893,0.027683,0.232179,0.070550,-0.552511,-0.797400
DATA,-48.553280,-153.630219,156.304260,0.013423,-0.638677,0.768841,0.028201,0.233934,0.068643,-0.547125,-0.800761
DATA,-45.322842,-150.803375,155.889450,0.012487,-0.638690,0.768879,0.027298,0.235823,0.066260,-0.538258,-0.806396
DATA,-47.756863,-152.955048,153.328690,0.012421,-0.638662,0.768874,0.028105,0.237109,0.064593,-0.525858,-0.814297
DATA,-45.012585,-153.211685,148.157394,0.012071,-0.638684,0.768912,0.026676,0.236519,0.064395,-0.512199,-0.823143
DATA,-45.721733,-153.132797,107.402985,0.013218,-0.638610,0.768841,0.029770,0.235917,0.065998,-0.496216,-0.832921
DATA,-46.832237,-151.847839,-3.244545,0.010912,-0.638685,0.768988,0.024917,0.236380,0.067282,-0.475247,-0.844830
DATA,-51.318195,-151.981018,-128.795715,0.012359,-0.638607,0.768896,0.028757,0.238017,0.064777,-0.451996,-0.857235
DATA,-44.750397,-150.173508,-154.281097,0.013462,-0.638695,0.768911,0.025760,0.240345,0.058460,-0.423697,-0.871377
DATA,-35.061470,-152.428604,-156.909760,0.011203,-0.638686,0.768973,0.025207,0.239783,0.049528,-0.395457,-0.885249
DATA,-23.793056,-153.469971,-157.600372,0.010555,-0.638648,0.768976,0.026345,0.239337,0.037692,-0.366421,-0.898350
DATA,-8.343574,-152.412811,-157.911331,0.013917,-0.638601,0.768837,0.029757,0.238740,0.028217,-0.336258,-0.910570
DATA,9.155008,-152.649017,-158.044083,0.012253,-0.638652,0.768932,0.026773,0.236643,0.020297,-0.306024,-0.921920
DATA,25.026348,-151.752762,-158.319962,0.010593,-0.638613,0.768967,0.027396,0.233042,0.012223,-0.277806,-0.931861
DATA,38.801735,-151.969727,-158.626785,0.012553,-0.638625,0.768919,0.027637,0.227342,0.003270,-0.243453,-0.942887
DATA,52.054932,-150.985641,-158.602875,0.012413,-0.638654,0.768926,0.026843,0.217670,-0.004636,-0.209000,-0.953372
DATA,53.601833,-149.077576,-159.678482,0.012104,-0.638544,0.768881,0.030597,0.206727,-0.014959,-0.177206,-0.962101
DATA,38.467087,-147.152328,-159.399429,0.013420,-0.638711,0.768893,0.025905,0.198032,-0.029869,-0.147748,-0.968536
DATA,24.961573,-140.919495,-159.958817,0.012969,-0.638656,0.768884,0.027718,0.189645,-0.043709,-0.115247,-0.974085
DATA,11.730017,-95.433197,-159.318115,0.012629,-0.638697,0.768914,0.026050,0.179090,-0.053360,-0.078909,-0.979210
DATA,16.388275,60.999866,-159.820099,0.013032,-0.638653,0.768891,0.027568,0.167051,-0.058267,-0.041035,-0.983369
DATA,20.851370,142.905640,-159.782928,0.011593,-0.638633,0.768960,0.026710,0.155371,-0.061545,-0.004159,-0.985928
DATA,18.790344,153.818695,-159.261124,0.012858,-0.638616,0.768911,0.027946,0.142854,-0.061853,0.030583,-0.987336
DATA,13.620536,156.435226,-159.400818,0.012565,-0.638640,0.768915,0.027409,0.129745,-0.060853,0.061356,-0.987774
DATA,5.697447,157.812790,-161.395554,0.012456,-0.638600,0.768904,0.028655,0.118582,-0.060755,0.087283,-0.987233
DATA,-2.868866,157.412399,-161.277786,0.011812,-0.638621,0.768957,0.027006,0.109021,-0.062736,0.113232,-0.985575
DATA,-13.969543,157.764343,-160.186172,0.013470,-0.638588,0.768896,0.028693,0.100008,-0.066310,0.142128,-0.982548
DATA,-36.216434,156.950821,-158.758270,0.012336,-0.638584,0.768939,0.028112,0.088833,-0.068649,0.173095,-0.978486
DATA,-47.229851,156.975006,-159.131699,0.011573,-0.638619,0.768971,0.026754,0.079505,-0.069979,0.201152,-0.973817
DATA,-32.527931,157.124344,-159.741760,0.013592,-0.638592,0.768913,0.028096,0.075382,-0.068000,0.219556,-0.970303
DATA,-3.770319,156.331268,-160.520844,0.011197,-0.638573,0.768984,0.027628,0.074796,-0.061201,0.232019,-0.967898
DATA,20.886612,157.097122,-160.501556,0.011648,-0.638596,0.768985,0.026860,0.074423,-0.055394,0.243765,-0.965387
DATA,31.471592,156.803543,-160.230957,0.014710,-0.638632,0.768916,0.026466,0.075061,-0.051701,0.254191,-0.962850
DATA,55.311958,157.110413,-160.484360,0.013843,-0.638666,0.768938,0.025452,0.081550,-0.052407,0.279673,-0.955189
DATA,61.412975,156.678116,-160.501572,0.011670,-0.638560,0.768966,0.028210,0.082602,-0.052618,0.289305,-0.952214
DATA,82.351601,156.157166,-160.189880,0.014453,-0.638627,0.768891,0.027452,0.083527,-0.049955,0.298357,-0.949479
DATA,114.238663,157.586914,-160.538437,0.011993,-0.638549,0.768919,0.029582,0.084692,-0.045884,0.306449,-0.947001
DATA,142.059769,157.112030,-161.762314,0.013079,-0.638634,0.768928,0.026938,0.084912,-0.041053,0.312948,-0.945076
DATA,150.500412,157.217529,-160.278183,0.010273,-0.638514,0.768999,0.028886,0.085859,-0.036421,0.320245,-0.942733
DATA,153.884186,156.069275,-160.829849,0.011359,-0.638589,0.769009,0.026473,0.086777,-0.034389,0.327958,-0.940070
DATA,157.020523,156.385880,-160.769989,0.012594,-0.638562,0.768977,0.027471,0.085699,-0.032656,0.335976,-0.937395
DATA,157.712341,157.698975,-159.906921,0.010407,-0.638510,0.769041,0.027806,0.085182,-0.030742,0.343428,-0.934803
DATA,157.375031,154.731125,-159.835968,0.013161,-0.638625,0.769004,0.024851,0.086292,-0.028026,0.348342,-0.932966
DATA,159.862091,154.718781,-160.854492,0.014330,-0.638522,0.768924,0.028988,0.088358,-0.026371,0.350083,-0.932169
DATA,158.615540,156.376724,-159.993195,0.010366,-0.638535,0.769047,0.027075,0.091277,-0.025715,0.351102,-0.931523
DATA,158.858826,156.465439,-159.947525,0.013200,-0.638610,0.769004,0.025198,0.093256,-0.026023,0.352135,-0.930928
DATA,157.878616,156.267120,-159.206833,0.011661,-0.638450,0.768979,0.030290,0.094607,-0.025019,0.353000,-0.930492
DATA,158.507034,155.707611,-158.895203,0.013415,-0.638612,0.768965,0.026246,0.094232,-0.022156,0.353492,-0.930415
DATA,159.397095,156.354660,-160.148560,0.010932,-0.638536,0.769015,0.027716,0.093431,-0.014449,0.350822,-0.931658
DATA,161.057327,155.772491,-160.121979,0.012870,-0.638574,0.768969,0.027279,0.091533,-0.006787,0.346208,-0.933657
DATA,161.589340,156.239029,-160.228851,0.012283,-0.638575,0.768979,0.027253,0.088313,-0.001353,0.335733,-0.937807
DATA,162.380676,156.917435,-160.881638,0.013617,-0.638595,0.768943,0.027166,0.086562,0.004813,0.315752,-0.944873
DATA,163.601791,157.507919,-161.815964,0.009602,-0.638571,0.769062,0.026040,0.085150,0.005997,0.297362,-0.950941
DATA,161.725327,157.827042,-161.372330,0.013927,-0.638630,0.768948,0.026004,0.083312,-0.002244,0.286172,-0.954547
DATA,159.215668,157.529053,-161.388718,0.011801,-0.638630,0.768996,0.025650,0.080994,-0.015961,0.278319,-0.956935
DATA,158.247620,157.641312,-160.842361,0.011380,-0.638593,0.769004,0.026527,0.080609,-0.021832,0.269501,-0.959372
DATA,160.735123,156.940720,-160.411316,0.010805,-0.638500,0.768961,0.030004,0.084045,-0.014854,0.248119,-0.964962
DATA,161.859192,157.121063,-160.185272,0.013385,-0.638685,0.768950,0.024871,0.093386,0.000347,0.222008,-0.970562
DATA,163.717377,152.196793,-161.223129,0.012787,-0.638597,0.768931,0.027842,0.105732,0.012450,0.192237,-0.975556
DATA,163.053192,75.578773,-161.382156,0.010255,-0.638560,0.769003,0.027769,0.118918,0.019407,0.165043,-0.978899
DATA,160.741348,-47.298893,-159.947693,0.012331,-0.638605,0.768958,0.027117,0.127082,0.018661,0.143488,-0.981281
DATA,157.896423,-125.941566,-159.328781,0.010802,-0.638636,0.769011,0.025500,0.130421,0.014573,0.123015,-0.983690
DATA,155.873550,-136.408386,-159.559006,0.012478,-0.638569,0.768904,0.029326,0.131229,0.010033,0.097443,-0.986500
DATA,151.493484,-145.719437,-158.737366,0.013059,-0.638689,0.768935,0.025390,0.132722,0.006840,0.064962,-0.988998
DATA,146.886169,-148.192062,-158.292877,0.010713,-0.638590,0.768975,0.027681,0.137116,0.007035,0.028311,-0.990125
DATA,144.851486,-149.330383,-158.891144,0.014576,-0.638653,0.768857,0.027711,0.144062,0.010383,-0.011620,-0.989446
DATA,142.932571,-149.975769,-158.282150,0.010100,-0.638614,0.768957,0.027820,0.152126,0.016417,-0.049399,-0.986989
DATA,139.143951,-149.329178,-158.100098,0.012854,-0.638610,0.768869,0.029191,0.156992,0.022687,-0.078273,-0.984232
DATA,136.600388,-151.157822,-158.148727,0.010890,-0.638667,0.768970,0.025921,0.158596,0.026168,-0.102970,-0.981611
DATA,138.191223,-150.807739,-158.864319,0.013008,-0.638597,0.768887,0.028941,0.159801,0.027267,-0.126108,-0.978681
DATA,133.872986,-152.124268,-158.492706,0.013043,-0.638689,0.768913,0.026081,0.161224,0.026167,-0.149077,-0.975243
DATA,131.000320,-151.335571,-159.045639,0.010296,-0.638643,0.768983,0.026346,0.163672,0.026806,-0.173889,-0.970698
DATA,123.800117,-151.262939,-158.109497,0.012646,-0.638595,0.768907,0.028617,0.167389,0.027930,-0.200306,-0.964924
DATA,114.578499,-150.666794,-157.102859,0.010030,-0.638532,0.768976,0.029185,0.172244,0.030124,-0.227773,-0.957885
DATA,103.364235,-151.098831,-157.417328,0.013164,-0.638596,0.768887,0.028876,0.177651,0.034612,-0.253316,-0.950301
DATA,91.691833,-152.688293,-156.653946,0.009735,-0.638580,0.769006,0.027389,0.181719,0.040996,-0.277494,-0.942494
DATA,87.080856,-152.356613,-155.257309,0.014457,-0.638671,0.768873,0.026900,0.184679,0.048588,-0.300451,-0.934485
DATA,29.030626,-151.445297,-150.735992,0.010748,-0.638621,0.768968,0.027147,0.187935,0.056274,-0.324503,-0.925317
DATA,78.940643,-150.612091,-101.784767,0.012382,-0.638631,0.768933,0.027179,0.192748,0.065796,-0.350665,-0.914086
DATA,73.414505,-153.267685,3.782788,0.014197,-0.638665,0.768888,0.026766,0.200105,0.076573,-0.378626,-0.900409
DATA,72.263321,-153.464203,124.263092,0.013106,-0.638606,0.768904,0.028221,0.208923,0.087168,-0.406281,-0.885262
DATA,47.279697,-153.784698,148.530762,0.011915,-0.638557,0.768926,0.029250,0.216911,0.095695,-0.433029,-0.869642
DATA,27.867828,-153.860397,153.630096,0.012075,-0.638681,0.768970,0.025005,0.222765,0.101292,-0.457137,-0.855068
DATA,18.642960,-154.818848,155.220810,0.010050,-0.638588,0.768989,0.027561,0.226092,0.104790,-0.478432,-0.842024
DATA,21.953285,-151.956284,156.436218,0.013655,-0.638649,0.768906,0.026933,0.226417,0.105534,-0.497897,-0.830480
DATA,29.222189,-153.087128,157.200241,0.012814,-0.638691,0.768936,0.025467,0.223749,0.104691,-0.515907,-0.820254
DATA,41.351078,-151.875336,157.959534,0.011761,-0.638606,0.768946,0.027671,0.220734,0.103037,-0.532301,-0.810750
DATA,46.143284,-152.710175,157.814377,0.013141,-0.638674,0.768924,0.026054,0.217936,0.100921,-0.547198,-0.801806
DATA,51.875317,-152.314819,157.429657,0.010219,-0.638646,0.769009,0.025545,0.215145,0.098431,-0.560142,-0.793892
DATA,50.405251,-154.883011,157.778381,0.010729,-0.638622,0.768964,0.027220,0.213003,0.096128,-0.571191,-0.786848
DATA,49.654263,-153.995468,157.446930,0.012039,-0.638650,0.768909,0.027572,0.211765,0.095043,-0.579465,-0.781244
DATA,43.721340,-153.907761,157.522110,0.014234,-0.638714,0.768865,0.026243,0.212191,0.094200,-0.585291,-0.776875
DATA,29.666552,-153.697769,157.462097,0.011562,-0.638650,0.768893,0.028201,0.213723,0.092832,-0.589831,-0.773178
DATA,17.873346,-151.670532,157.186096,0.013165,-0.638692,0.768865,0.027299,0.216083,0.091034,-0.593353,-0.770035
DATA,8.362314,-151.600525,156.786011,0.011030,-0.638689,0.768918,0.026818,0.217935,0.090814,-0.595947,-0.767531
DATA,-3.034463,-153.877213,156.772064,0.011778,-0.638726,0.768897,0.026246,0.219247,0.091198,-0.597872,-0.765613
DATA,-13.001361,-153.488983,156.581116,0.010905,-0.638668,0.768913,0.027501,0.220862,0.092409,-0.599028,-0.764098
DATA,-17.464725,-152.367325,156.942719,0.012049,-0.638659,0.768869,0.028457,0.223155,0.094796,-0.599191,-0.763011
DATA,-22.145088,-151.895920,156.786530,0.009042,-0.638649,0.768948,0.027666,0.226328,0.098474,-0.598431,-0.762206
DATA,-28.154938,-151.290787,157.812988,0.013817,-0.638705,0.768791,0.028738,0.229699,0.103043,-0.596803,-0.761870
DATA,-37.734318,-153.285995,157.271973,0.011362,-0.638712,0.768898,0.026731,0.233728,0.110552,-0.593468,-0.762197
DATA,-44.438133,-153.070663,156.453384,0.013281,-0.638717,0.768843,0.027294,0.237940,0.118691,-0.587962,-0.763936
DATA,-43.578892,-153.020065,157.132050,0.012252,-0.638737,0.768865,0.026696,0.242036,0.125337,-0.581161,-0.766786
DATA,-39.093082,-153.142792,156.287338,0.012935,-0.638763,0.768856,0.025978,0.246037,0.130499,-0.572448,-0.771193
DATA,-29.190231,-152.495636,154.912170,0.013067,-0.638647,0.768802,0.030050,0.250193,0.134510,-0.560544,-0.777883
DATA,-11.460015,-152.638763,155.556625,0.011230,-0.638708,0.768912,0.026462,0.254685,0.136551,-0.544671,-0.787289
DATA,-3.728865,-152.375061,153.145294,0.011295,-0.638753,0.768921,0.025070,0.258314,0.138356,-0.527312,-0.797542
DATA,-0.727336,-152.238327,149.358353,0.013651,-0.638722,0.768838,0.027119,0.263762,0.139320,-0.509577,-0.807063
DATA,-1.500767,-153.496353,139.148315,0.009371,-0.638715,0.768982,0.024964,0.271314,0.139967,-0.493018,-0.814697
DATA,-13.763618,-151.886826,65.382927,0.010205,-0.638734,0.768945,0.025256,0.279903,0.141430,-0.477130,-0.820974
DATA,-17.190241,-150.562057,-20.847208,0.013860,-0.638740,0.768834,0.026699,0.289591,0.143766,-0.461627,-0.826056
DATA,-31.225054,-152.131210,-112.599976,0.011581,-0.638664,0.768879,0.028266,0.300635,0.143537,-0.445010,-0.831253
DATA,-29.511049,-152.255844,-149.659668,0.013734,-0.638671,0.768807,0.029098,0.311297,0.140324,-0.426850,-0.837378
DATA,-20.510509,-151.225525,-152.921188,0.011080,-0.638716,0.768928,0.025868,0.320507,0.134753,-0.410340,-0.843053
DATA,-6.947626,-149.936981,-154.301941,0.012189,-0.638631,0.768847,0.029595,0.327020,0.131239,-0.397213,-0.847382
DATA,12.826524,-151.897430,-153.989639,0.009638,-0.638672,0.768962,0.026523,0.330367,0.128626,-0.384551,-0.852311
DATA,45.842964,-148.766052,-155.972778,0.011550,-0.638683,0.768911,0.026934,0.330534,0.128349,-0.373598,-0.857145
DATA,79.624329,-150.988388,-156.766068,0.013397,-0.638713,0.768866,0.026670,0.329463,0.126779,-0.360550,-0.863357
DATA,109.591759,-150.996002,-156.792908,0.011811,-0.638663,0.768888,0.027954,0.325919,0.125627,-0.340791,-0.872844
DATA,120.880081,-152.612106,-156.632538,0.012787,-0.638703,0.768886,0.026647,0.322032,0.121352,-0.319245,-0.882979
DATA,126.977921,-151.933151,-157.285110,0.013609,-0.638682,0.768848,0.027811,0.320376,0.112904,-0.299381,-0.891618
DATA,129.398422,-151.743866,-158.052917,0.013459,-0.638649,0.768826,0.029207,0.318695,0.103441,-0.272538,-0.901918
DATA,133.007446,-151.369980,-157.913742,0.012721,-0.638685,0.768888,0.027022,0.314487,0.092463,-0.242752,-0.913028
DATA,135.332535,-150.351349,-159.034622,0.010607,-0.638664,0.768943,0.026890,0.308318,0.079593,-0.214336,-0.923399
DATA,139.549927,-150.405396,-158.846573,0.011652,-0.638682,0.768896,0.027355,0.302333,0.064815,-0.186795,-0.932471
DATA,141.127625,-151.409348,-159.232132,0.012153,-0.638747,0.768895,0.025580,0.296228,0.052379,-0.159047,-0.940324
DATA,143.565140,-151.454559,-158.440414,0.015451,-0.638723,0.768793,0.027409,0.285611,0.043697,-0.128814,-0.948643
DATA,144.466324,-149.401321,-158.009827,0.010794,-0.638656,0.768890,0.028440,0.272002,0.033345,-0.099680,-0.956539
DATA,144.380615,-147.420456,-159.470596,0.013041,-0.638756,0.768871,0.025672,0.254586,0.023866,-0.066515,-0.964465
DATA,146.250565,-140.977600,-157.649216,0.013637,-0.638655,0.768807,0.029511,0.236210,0.014806,-0.032092,-0.971059
DATA,148.662140,-114.899307,-158.595474,0.011061,-0.638706,0.768919,0.026378,0.219418,0.007872,0.002934,-0.975595
DATA,152.425720,38.339962,-160.253632,0.015633,-0.638739,0.768786,0.027136,0.203433,-0.000159,0.039459,-0.978293
DATA,156.367401,150.796417,-161.677856,0.013616,-0.638749,0.768864,0.025719,0.186348,-0.010620,0.078971,-0.979247
DATA,154.027496,157.451111,-161.765793,0.011652,-0.638669,0.768903,0.027459,0.166313,-0.023666,0.118354,-0.978658
DATA,140.545624,156.403412,-160.243744,0.012707,-0.638725,0.768911,0.025376,0.149133,-0.035913,0.151982,-0.976407
DATA,115.442451,158.034042,-160.308136,0.013330,-0.638684,0.768847,0.027917,0.133649,-0.046228,0.185822,-0.972353
DATA,91.580460,157.203445,-159.912354,0.009414,-0.638604,0.768956,0.028346,0.118515,-0.054740,0.217318,-0.967332
DATA,78.947998,158.025513,-160.489182,0.013042,-0.638729,0.768860,0.026643,0.104989,-0.061122,0.246573,-0.961480
DATA,59.247906,157.309967,-160.864288,0.010748,-0.638656,0.768900,0.028196,0.091559,-0.064527,0.273748,-0.955257
DATA,34.722340,156.978424,-159.419342,0.013606,-0.638759,0.768845,0.026075,0.079584,-0.069606,0.298133,-0.948651
DATA,8.498538,157.168747,-160.708099,0.012145,-0.638754,0.768869,0.026217,0.069556,-0.075426,0.318511,-0.942350
DATA,-9.995443,155.297043,-160.496109,0.010784,-0.638727,0.768900,0.026544,0.061382,-0.079086,0.336941,-0.936188
DATA,-12.248073,155.650223,-160.496063,0.014130,-0.638761,0.768818,0.026509,0.054660,-0.081507,0.353694,-0.930198
DATA,0.079609,156.766830,-160.363022,0.011437,-0.638674,0.768862,0.028565,0.050399,-0.076897,0.368388,-0.925114
DATA,7.481164,155.649109,-160.700699,0.013324,-0.638775,0.768855,0.025511,0.046839,-0.074390,0.382296,-0.919849
DATA,25.927639,156.994949,-161.149124,0.011338,-0.638672,0.768882,0.028111,0.042721,-0.072811,0.395624,-0.914525
DATA,52.925262,155.012283,-159.558319,0.012759,-0.638736,0.768854,0.026797,0.040381,-0.068990,0.407405,-0.909742
DATA,80.745811,156.386917,-161.071533,0.012907,-0.638777,0.768867,0.025313,0.038723,-0.065078,0.417419,-0.905553
DATA,93.204422,156.387634,-160.999527,0.012860,-0.638697,0.768839,0.028057,0.037015,-0.064367,0.426336,-0.901512
DATA,94.197838,156.941513,-160.835800,0.012858,-0.638786,0.768873,0.024933,0.036331,-0.067546,0.433294,-0.897983
DATA,85.085686,155.744247,-159.712265,0.012055,-0.638737,0.768873,0.026534,0.036809,-0.071314,0.439325,-0.894736
DATA,82.350090,156.583282,-160.471573,0.014177,-0.638742,0.768822,0.026855,0.036352,-0.074628,0.444329,-0.892009
DATA,80.090096,155.816544,-160.284485,0.010082,-0.638686,0.768935,0.026787,0.036310,-0.075589,0.446821,-0.890684
DATA,73.580803,155.688873,-160.053131,0.010668,-0.638664,0.768891,0.028305,0.035163,-0.078063,0.450328,-0.888749
DATA,70.597298,156.526428,-159.984100,0.011632,-0.638739,0.768905,0.025739,0.033267,-0.080779,0.453787,-0.886818
DATA,72.339767,156.636215,-160.364258,0.014215,-0.638706,0.768799,0.028306,0.032090,-0.082335,0.456917,-0.885109
DATA,74.393547,156.364136,-161.028091,0.010265,-0.638710,0.768948,0.025746,0.032181,-0.082508,0.458841,-0.884094
DATA,76.406158,155.239502,-160.331619,0.013742,-0.638708,0.768839,0.027391,0.032821,-0.083607,0.459832,-0.883452
DATA,73.944382,157.065811,-159.390625,0.012708,-0.638757,0.768893,0.025126,0.034460,-0.084240,0.460156,-0.883161
DATA,73.251213,156.185318,-160.203400,0.009954,-0.638704,0.768934,0.026451,0.036122,-0.083688,0.459688,-0.883390
DATA,72.153679,157.085144,-160.329163,0.012787,-0.638760,0.768838,0.026659,0.037709,-0.082229,0.457951,-0.884363
DATA,74.796783,155.768784,-160.036346,0.014462,-0.638724,0.768739,0.029386,0.039703,-0.078996,0.454089,-0.886559
DATA,95.049301,156.945663,-160.692474,0.013107,-0.638817,0.768809,0.025949,0.043620,-0.072346,0.447141,-0.890465
DATA,120.491150,156.461258,-160.332474,0.012649,-0.638772,0.768772,0.028265,0.048191,-0.066341,0.430676,-0.898774
DATA,149.146057,155.660126,-160.402283,0.010485,-0.638785,0.768846,0.026811,0.054895,-0.055940,0.418140,-0.904995
DATA,157.281677,157.214142,-159.992523,0.011945,-0.638872,0.768794,0.025622,0.114337,-0.031310,0.224586,-0.967217
DATA,158.765335,65.423851,-161.041519,0.010336,-0.638804,0.768784,0.028165,0.114337,-0.031310,0.224586,-0.967217
DATA,157.882568,80.316368,-160.346008,0.014898,-0.638933,0.768683,0.025865,0.125227,-0.026800,0.193970,-0.972613
DATA,156.465317,-62.931522,-160.346863,0.010407,-0.638851,0.768795,0.026761,0.138589,-0.022383,0.157869,-0.977430
DATA,152.556137,-141.088364,-159.682190,0.011954,-0.638809,0.768726,0.028993,0.152717,-0.017131,0.117794,-0.981075
DATA,146.509399,-147.990097,-159.363892,0.010942,-0.638862,0.768788,0.026481,0.167540,-0.012631,0.076482,-0.982813
DATA,143.824005,-148.374176,-159.891876,0.011919,-0.638856,0.768753,0.027198,0.179352,-0.009149,0.036471,-0.983066
DATA,137.289963,-150.456436,-160.011887,0.013802,-0.638836,0.768702,0.028192,0.187832,-0.005346,-0.001972,-0.982184
DATA,124.646378,-152.838272,-158.779205,0.011836,-0.638845,0.768792,0.026392,0.193855,-0.001967,-0.038100,-0.980288
DATA,109.787376,-152.679871,-159.543655,0.011518,-0.638826,0.768777,0.027405,0.199109,-0.000420,-0.072076,-0.977323
DATA,88.557068,-151.036728,-159.353409,0.013228,-0.638874,0.768761,0.025914,0.203975,-0.000109,-0.104349,-0.973399
DATA,58.706043,-152.987656,-158.902252,0.010914,-0.638830,0.768809,0.026634,0.209161,-0.001771,-0.136079,-0.968365
DATA,25.142666,-152.051575,-158.148743,0.011349,-0.638848,0.768805,0.026156,0.215382,-0.002411,-0.168937,-0.961803
DATA,-20.046709,-153.513382,-156.729172,0.013106,-0.638767,0.768686,0.030437,0.223379,-0.003184,-0.202253,-0.953512
DATA,-62.220345,-153.173141,-156.596786,0.012442,-0.638889,0.768751,0.026231,0.231493,-0.001573,-0.235591,-0.943878
DATA,-107.325912,-159.441315,-153.856964,0.014771,-0.638899,0.768679,0.026872,0.238232,0.001433,-0.265748,-0.934142
DATA,-124.517776,-154.393295,-146.930695,0.012215,-0.638886,0.768777,0.025637,0.243707,0.005603,-0.293759,-0.924273
DATA,-138.041031,-153.699707,-92.807793,0.010965,-0.638791,0.768772,0.028572,0.248355,0.011109,-0.319554,-0.914375
DATA,-142.926392,-157.763474,2.778600,0.010668,-0.638822,0.768805,0.027044,0.252737,0.016738,-0.345508,-0.903586
DATA,-145.517456,-154.162506,99.788986,0.012796,-0.638842,0.768733,0.027683,0.259352,0.022704,-0.373186,-0.890480
DATA,-150.117661,-153.427795,145.679016,0.011025,-0.638849,0.768805,0.026243,0.268032,0.030019,-0.402420,-0.874823
DATA,-157.169388,-153.480118,150.148270,0.013264,-0.638847,0.768737,0.027234,0.277418,0.036849,-0.432633,-0.857035
DATA,-159.811356,-154.409180,153.528305,0.010608,-0.638876,0.768825,0.025135,0.285171,0.042001,-0.461728,-0.838880
DATA,-159.733734,-152.727417,155.618408,0.012807,-0.638813,0.768723,0.028609,0.290325,0.045354,-0.487635,-0.822111
DATA,-161.471405,-153.162094,156.578598,0.009739,-0.638839,0.768839,0.025997,0.291986,0.047907,-0.509560,-0.807959
DATA,-161.472443,-154.213150,157.906235,0.013534,-0.638802,0.768699,0.029166,0.291545,0.048245,-0.529175,-0.795391
DATA,-161.353088,-152.504517,158.384583,0.012868,-0.638888,0.768765,0.025632,0.289884,0.046500,-0.547720,-0.783459
DATA,-161.411133,-154.121231,158.017975,0.010333,-0.638762,0.768790,0.028951,0.286903,0.043068,-0.564697,-0.772625
DATA,-162.145508,-153.284576,159.029617,0.012802,-0.638833,0.768759,0.027176,0.282418,0.038957,-0.579328,-0.763611
DATA,-160.741714,-153.727600,158.591568,0.010338,-0.638814,0.768840,0.026361,0.277113,0.035838,-0.592646,-0.755443
DATA,-159.821243,-154.509537,158.274323,0.011756,-0.638788,0.768797,0.027604,0.273290,0.033421,-0.604200,-0.747755
DATA,-160.136108,-154.560471,158.683792,0.009696,-0.638766,0.768833,0.027917,0.271979,0.031892,-0.613029,-0.741084
DATA,-160.792648,-154.686752,159.385696,0.012267,-0.638779,0.768755,0.028766,0.273198,0.030133,-0.619490,-0.735314
DATA,-160.484192,-153.835907,158.362335,0.012721,-0.638864,0.768769,0.026196,0.275199,0.028734,-0.624423,-0.730436
DATA,-160.774277,-152.994568,157.964508,0.014425,-0.638846,0.768722,0.027093,0.277104,0.027459,-0.627811,-0.726851
DATA,-161.147949,-151.972046,158.703934,0.010474,-0.638781,0.768817,0.027735,0.278230,0.026666,-0.629944,-0.724602
DATA,-161.291763,-150.826736,157.498047,0.012773,-0.638858,0.768776,0.026110,0.278443,0.025854,-0.630912,-0.723706
DATA,-160.358185,-151.053787,157.381744,0.011748,-0.638779,0.768787,0.028105,0.278094,0.025626,-0.631123,-0.723665
DATA,-161.122086,-152.037231,157.582092,0.013158,-0.638775,0.768735,0.028983,0.277443,0.026262,-0.630732,-0.724233
DATA,-161.279434,-153.478577,156.495499,0.010342,-0.638743,0.768810,0.028845,0.276812,0.028235,-0.629603,-0.725382
DATA,-161.178177,-151.975891,157.180695,0.012342,-0.638772,0.768777,0.028283,0.276127,0.031285,-0.627435,-0.727393
DATA,-159.917572,-150.684357,157.169220,0.012938,-0.638883,0.768793,0.024870,0.275419,0.034584,-0.624067,-0.730403
DATA,-159.275177,-152.433212,156.794189,0.012268,-0.638773,0.768763,0.028653,0.274894,0.038007,-0.619177,-0.734581
DATA,-158.231110,-151.423737,156.881088,0.012042,-0.638743,0.768737,0.030087,0.274149,0.040067,-0.611490,-0.741159
DATA,-157.643082,-150.840714,156.406921,0.010623,-0.638813,0.768817,0.026920,0.272971,0.039532,-0.601884,-0.749440
DATA,-156.361786,-151.870621,154.594696,0.013330,-0.638798,0.768717,0.028870,0.270703,0.038163,-0.591872,-0.758255
DATA,-154.855377,-153.436661,155.136078,0.010532,-0.638842,0.768837,0.025682,0.268177,0.035722,-0.580207,-0.768222
DATA,-153.161530,-151.840546,154.481628,0.012386,-0.638857,0.768780,0.026187,0.265903,0.032830,-0.566705,-0.779143
DATA,-150.832169,-152.371323,152.636719,0.013272,-0.638777,0.768718,0.029338,0.264229,0.029560,-0.551059,-0.790976
DATA,-146.404892,-152.436813,150.652420,0.011660,-0.638852,0.768793,0.026265,0.262547,0.027323,-0.532678,-0.804100
DATA,-144.113312,-153.006470,143.384674,0.012865,-0.638758,0.768726,0.029715,0.262625,0.025275,-0.512054,-0.817429
DATA,-144.003143,-153.096512,79.473091,0.010691,-0.638796,0.768836,0.026748,0.265979,0.022786,-0.489814,-0.829951
DATA,-148.381470,-151.526840,-26.882473,0.013682,-0.638831,0.768755,0.026918,0.272715,0.019912,-0.467105,-0.840858
DATA,-153.126709,-151.206955,-125.535500,0.011527,-0.638799,0.768817,0.026918,0.281474,0.014745,-0.444143,-0.850466
DATA,-153.802231,-151.599136,-149.931915,0.011782,-0.638729,0.768777,0.029479,0.288625,0.010237,-0.426217,-0.857280
DATA,-152.133896,-149.806152,-152.610626,0.012482,-0.638868,0.768789,0.025586,0.293831,0.006839,-0.410161,-0.863356
DATA,-150.133499,-151.298248,-154.014999,0.012572,-0.638839,0.768763,0.027025,0.294881,0.004883,-0.392597,-0.871142
DATA,-129.048691,-150.694489,-155.032028,0.011587,-0.638825,0.768788,0.027101,0.290313,0.002849,-0.370263,-0.882392
DATA,-81.670959,-152.147110,-156.266479,0.012111,-0.638893,0.768789,0.025153,0.280641,0.000446,-0.345075,-0.895636
DATA,-36.304760,-150.680725,-157.210007,0.011639,-0.638819,0.768764,0.027875,0.269960,-0.004314,-0.316771,-0.909263
DATA,-2.315072,-151.381332,-157.287430,0.013766,-0.638828,0.768722,0.027856,0.259921,-0.009236,-0.286009,-0.922255
DATA,17.014717,-151.292572,-158.552338,0.012281,-0.638805,0.768766,0.027857,0.253779,-0.017519,-0.251635,-0.933793
DATA,20.687550,-150.513489,-159.156479,0.009538,-0.638806,0.768868,0.026030,0.249814,-0.028208,-0.216796,-0.943290
DATA,14.483116,-149.266418,-158.968140,0.012708,-0.638789,0.768742,0.028686,0.244768,-0.039492,-0.179919,-0.951923
DATA,0.255364,-145.908096,-159.008347,0.011637,-0.638863,0.768787,0.026160,0.236347,-0.049308,-0.143441,-0.959757
DATA,-10.321056,-136.809372,-158.374634,0.012521,-0.638827,0.768747,0.027776,0.225003,-0.057895,-0.104762,-0.966978
DATA,-6.744967,-52.495007,-158.897385,0.014715,-0.638905,0.768691,0.026405,0.211838,-0.064885,-0.063309,-0.973091
DATA,9.150141,89.517830,-160.164017,0.010483,-0.638825,0.768813,0.026824,0.198042,-0.070872,-0.021990,-0.977381
DATA,21.633036,149.939453,-160.303665,0.011876,-0.638828,0.768780,0.027103,0.184613,-0.076796,0.016978,-0.979659
DATA,25.433804,156.634216,-160.673416,0.012279,-0.638796,0.768784,0.027571,0.171063,-0.082288,0.060182,-0.979972
DATA,13.738430,158.505676,-160.353165,0.013039,-0.638801,0.768762,0.027728,0.154427,-0.088848,0.105208,-0.978361
DATA,-5.864130,157.317596,-160.115555,0.011731,-0.638820,0.768814,0.026381,0.139416,-0.096701,0.146781,-0.974509
DATA,-17.349508,157.247162,-160.034683,0.012386,-0.638811,0.768767,0.027664,0.128658,-0.104776,0.182561,-0.969093
DATA,-12.676110,157.554321,-160.651276,0.011850,-0.638880,0.768806,0.025084,0.122736,-0.107630,0.212744,-0.963375
DATA,-0.384696,155.037018,-160.096069,0.011428,-0.638811,0.768803,0.027056,0.107495,-0.107879,0.286992,-0.945750
DATA,5.750770,155.926132,-159.744186,0.011041,-0.638773,0.768795,0.028321,0.103897,-0.106611,0.306735,-0.940082
DATA,1.155504,157.909531,-161.975067,0.012262,-0.638891,0.768804,0.024659,0.098211,-0.107709,0.323414,-0.934964
DATA,-10.315849,157.365311,-160.228806,0.014035,-0.638858,0.768731,0.026772,0.095219,-0.108390,0.337180,-0.930320
DATA,-26.158140,155.114700,-159.653854,0.011209,-0.638870,0.768796,0.025931,0.093018,-0.112041,0.350673,-0.925107
DATA,-32.210159,157.475281,-159.970169,0.011961,-0.638864,0.768770,0.026506,0.089394,-0.114167,0.363213,-0.920354
DATA,-26.460901,157.248520,-160.336472,0.011442,-0.638905,0.768801,0.024784,0.084241,-0.115066,0.377052,-0.915148
DATA,-25.234201,154.370636,-159.187195,0.011489,-0.638787,0.768757,0.028846,0.080319,-0.111266,0.391183,-0.910024
DATA,-16.243412,155.195358,-159.231003,0.010769,-0.638861,0.768797,0.026302,0.077241,-0.108108,0.403129,-0.905447
DATA,-13.072236,156.161713,-159.915390,0.012879,-0.638899,0.768754,0.025657,0.072346,-0.107260,0.413600,-0.901219
DATA,-24.768538,156.716476,-159.501556,0.014511,-0.638860,0.768691,0.027611,0.066545,-0.108097,0.424423,-0.896522
DATA,-39.426682,155.557724,-159.441544,0.010658,-0.638841,0.768799,0.026752,0.061365,-0.111746,0.436559,-0.890597
DATA,-54.499912,155.836563,-159.423904,0.013011,-0.638893,0.768739,0.026208,0.053417,-0.116128,0.447898,-0.884900
DATA,-64.508255,156.901169,-160.258896,0.012114,-0.638790,0.768715,0.029631,0.045757,-0.119872,0.457129,-0.880097
DATA,-65.214378,156.738403,-160.105194,0.010899,-0.638869,0.768797,0.026050,0.040092,-0.121962,0.465378,-0.875752
DATA,-61.970310,156.520096,-160.551300,0.012767,-0.638852,0.768717,0.027900,0.035273,-0.125128,0.472970,-0.871434
DATA,-64.899597,156.097214,-159.807556,0.009992,-0.638833,0.768801,0.027151,0.032722,-0.129329,0.480481,-0.866799
DATA,-61.539768,155.219284,-158.876694,0.014576,-0.638961,0.768699,0.024878,0.031765,-0.133154,0.487212,-0.862488
DATA,-56.980221,155.364090,-159.046173,0.012322,-0.638868,0.768747,0.026899,0.031056,-0.136197,0.494045,-0.858141
DATA,-54.658218,155.734772,-160.026199,0.013244,-0.638934,0.768743,0.024958,0.029336,-0.138431,0.499328,-0.854779
DATA,-53.291351,156.206635,-160.116898,0.012606,-0.638837,0.768716,0.028361,0.027433,-0.140252,0.503643,-0.852009
DATA,-47.432590,154.812698,-160.033630,0.011029,-0.638891,0.768794,0.025564,0.026186,-0.141210,0.507299,-0.849719
DATA,-38.227211,155.950668,-158.637802,0.012273,-0.638850,0.768724,0.028001,0.024962,-0.142500,0.510746,-0.847472
DATA,-39.871555,156.698410,-158.798584,0.011146,-0.638818,0.768746,0.028588,0.023549,-0.144249,0.513225,-0.845718
DATA,-38.117035,154.474945,-158.942642,0.012876,-0.638880,0.768695,0.027827,0.022725,-0.145551,0.514092,-0.844990
DATA,-35.476616,154.941467,-159.909363,0.012458,-0.638911,0.768723,0.026495,0.022553,-0.145749,0.513976,-0.845031
DATA,-31.687656,155.573273,-158.903809,0.014757,-0.638915,0.768665,0.026898,0.022399,-0.144879,0.513459,-0.845499
DATA,-24.642658,155.236572,-159.332535,0.013936,-0.638953,0.768687,0.025784,0.023213,-0.142565,0.511981,-0.846766
DATA,-18.515305,155.466675,-159.394501,0.013059,-0.638939,0.768694,0.026382,0.026096,-0.138037,0.508088,-0.849771
DATA,-9.847118,156.071991,-159.811935,0.010675,-0.638932,0.768751,0.025957,0.028513,-0.134614,0.502375,-0.853631
DATA,-4.780862,155.685120,-159.946930,0.013450,-0.638949,0.768649,0.027222,0.031213,-0.132810,0.493841,-0.858783
DATA,5.184176,155.905167,-160.136200,0.010760,-0.638963,0.768741,0.025446,0.036640,-0.129879,0.480419,-0.866595
DATA,150.614273,104.876244,-161.546646,0.012959,-0.639032,0.768652,0.025380,0.118117,-0.061793,0.168451,-0.976655
DATA,152.359360,-62.615726,-159.433029,0.011280,-0.638928,0.768668,0.028178,0.126357,-0.060162,0.126771,-0.982010
DATA,145.007202,-136.913254,-160.195618,0.014049,-0.638988,0.768618,0.026879,0.133929,-0.058900,0.085154,-0.985567
DATA,136.034012,-146.464539,-159.203186,0.011004,-0.638983,0.768718,0.025539,0.141703,-0.056683,0.042490,-0.987371
DATA,129.024673,-150.197433,-158.858734,0.012867,-0.638924,0.768611,0.029095,0.149315,-0.051871,-0.001141,-0.987427
DATA,114.158409,-151.341721,-159.762466,0.013976,-0.638993,0.768593,0.027529,0.156745,-0.049565,-0.044207,-0.985404
DATA,89.717865,-153.256485,-159.788559,0.009530,-0.638957,0.768722,0.026647,0.163019,-0.049447,-0.084481,-0.981755
DATA,56.484150,-151.262909,-159.311554,0.012963,-0.638958,0.768601,0.028604,0.168478,-0.051491,-0.122385,-0.976722
DATA,21.250811,-154.125534,-158.716599,0.012467,-0.638990,0.768628,0.027359,0.172738,-0.056644,-0.156983,-0.970726
DATA,-6.728319,-151.365784,-159.588821,0.012632,-0.639066,0.768642,0.024985,0.174711,-0.061640,-0.189205,-0.964302
DATA,-34.229576,-153.083557,-157.198227,0.010695,-0.638971,0.768653,0.027822,0.175622,-0.066047,-0.220120,-0.957257
DATA,-58.584770,-152.113235,-156.976028,0.012639,-0.639010,0.768608,0.027357,0.176302,-0.069560,-0.248739,-0.949846
DATA,-78.747757,-151.847946,-154.705566,0.010404,-0.638919,0.768647,0.029249,0.176729,-0.071321,-0.275992,-0.942077
DATA,-99.375069,-151.732925,-151.208664,0.011784,-0.639005,0.768645,0.026802,0.177477,-0.071109,-0.302313,-0.933838
DATA,-119.378563,-154.085724,-123.984085,0.012218,-0.638986,0.768643,0.027134,0.178923,-0.068846,-0.326992,-0.925377
DATA,-140.816696,-156.751587,-50.984344,0.010372,-0.638939,0.768697,0.027455,0.182462,-0.065055,-0.351489,-0.915932
DATA,-147.188034,-153.861404,42.932838,0.012488,-0.638964,0.768632,0.027814,0.188775,-0.060043,-0.376884,-0.904830
DATA,-146.738892,-153.887436,117.770943,0.011166,-0.638955,0.768661,0.027785,0.195678,-0.053237,-0.401401,-0.893170
DATA,-147.702591,-154.410217,142.494751,0.014506,-0.639021,0.768582,0.026916,0.202141,-0.045249,-0.425945,-0.880717
DATA,-148.717819,-153.379105,150.285339,0.010586,-0.638968,0.768676,0.027289,0.207922,-0.037119,-0.450507,-0.867429
DATA,-152.347504,-152.916229,152.307770,0.014273,-0.639079,0.768599,0.025089,0.212818,-0.028505,-0.475852,-0.852913
DATA,-154.023087,-152.046524,155.799408,0.009687,-0.638920,0.768657,0.029211,0.217976,-0.020283,-0.502287,-0.836530
DATA,-155.131378,-153.291153,156.523361,0.012478,-0.639032,0.768655,0.025522,0.222578,-0.011987,-0.528452,-0.819179
DATA,-157.361252,-153.548508,156.353012,0.012073,-0.639025,0.768655,0.025909,0.226224,-0.004859,-0.554208,-0.801032
DATA,-157.319641,-151.699524,157.157242,0.011521,-0.639031,0.768676,0.025378,0.229014,0.000741,-0.578268,-0.783044
DATA,-158.840698,-154.973068,157.391922,0.013844,-0.638996,0.768581,0.027867,0.230283,0.004032,-0.597852,-0.767806
DATA,-157.325668,-152.954895,158.149979,0.009088,-0.638945,0.768730,0.026871,0.227358,0.006490,-0.614049,-0.755785
DATA,-155.071472,-151.469208,157.755249,0.013110,-0.638982,0.768634,0.027052,0.222987,0.009555,-0.627378,-0.746045
DATA,-153.368958,-154.203415,157.977570,0.011795,-0.638909,0.768633,0.029313,0.220364,0.013767,-0.637977,-0.737723
DATA,-154.982285,-154.211182,158.068436,0.013409,-0.638925,0.768559,0.030211,0.219565,0.018317,-0.647039,-0.729929
DATA,-155.830887,-153.636551,158.656143,0.012662,-0.639013,0.768652,0.026007,0.220941,0.022853,-0.655278,-0.721993
DATA,-156.753799,-153.999191,156.910675,0.009240,-0.638898,0.768704,0.028613,0.222890,0.027692,-0.663872,-0.713321
DATA,-157.179321,-153.016617,157.088425,0.013112,-0.639006,0.768594,0.027600,0.225165,0.032582,-0.672612,-0.704153
DATA,-157.833817,-152.826477,157.849289,0.011746,-0.639042,0.768650,0.025767,0.227739,0.037606,-0.680718,-0.695230
DATA,-158.557861,-153.914658,158.083191,0.010206,-0.638955,0.768645,0.028573,0.231540,0.041974,-0.686306,-0.688194
DATA,-158.548355,-153.121353,157.371353,0.010562,-0.639013,0.768643,0.027179,0.234355,0.045281,-0.689641,-0.683683
DATA,-158.385895,-153.298569,157.860413,0.013575,-0.639006,0.768553,0.028504,0.235805,0.047300,-0.692133,-0.680522
DATA,-158.191055,-153.546555,157.502548,0.011275,-0.638993,0.768621,0.027974,0.236443,0.049101,-0.693532,-0.678747
DATA,-158.411484,-152.937012,157.360382,0.013037,-0.639003,0.768581,0.028101,0.237001,0.050805,-0.693975,-0.677973
DATA,-158.481750,-153.447891,157.407532,0.012150,-0.639071,0.768656,0.024686,0.238113,0.052593,-0.693564,-0.677868
DATA,-156.840500,-151.870209,157.903214,0.012103,-0.639022,0.768620,0.026950,0.239925,0.053411,-0.692356,-0.678400
DATA,-159.104004,-153.057144,157.334824,0.011864,-0.639000,0.768589,0.028447,0.241665,0.053542,-0.690076,-0.680093
DATA,-156.906570,-152.370987,156.801117,0.012887,-0.639041,0.768596,0.026858,0.241930,0.053769,-0.686005,-0.684088
DATA,-155.907471,-151.421951,157.237183,0.011636,-0.639000,0.768630,0.027421,0.242095,0.054173,-0.679111,-0.690843
DATA,-154.425171,-152.731064,157.217255,0.011897,-0.639043,0.768649,0.025728,0.241881,0.053871,-0.669000,-0.700736
DATA,-152.300262,-152.615555,156.740967,0.011983,-0.638975,0.768607,0.028478,0.241118,0.052030,-0.656352,-0.712991
DATA,-150.285782,-152.854263,156.610046,0.013431,-0.639043,0.768574,0.027149,0.239888,0.049126,-0.640764,-0.727641
DATA,-147.450455,-152.334351,155.893906,0.011134,-0.639009,0.768646,0.026969,0.240112,0.043652,-0.623027,-0.743154
DATA,-143.620300,-152.277481,155.609543,0.012390,-0.638968,0.768598,0.028686,0.243432,0.035222,-0.602104,-0.759586
DATA,-145.339981,-153.124725,151.612030,0.013255,-0.639040,0.768596,0.026688,0.245468,0.026681,-0.578805,-0.777186
DATA,-144.054306,-152.690811,150.125031,0.010381,-0.638978,0.768651,0.027839,0.244935,0.018276,-0.558416,-0.792366
DATA,-143.241013,-150.781052,146.228760,0.012905,-0.639046,0.768595,0.026734,0.246050,0.012997,-0.540439,-0.804498
DATA,-144.300751,-153.412247,119.529343,0.014045,-0.639001,0.768531,0.028980,0.249825,0.012296,-0.522765,-0.814956
DATA,-146.362305,-151.380875,33.042030,0.011066,-0.639039,0.768653,0.026048,0.255935,0.012080,-0.505084,-0.824161
DATA,-131.157944,-149.876801,-151.551773,0.010770,-0.639034,0.768664,0.025992,0.268939,0.002921,-0.438299,-0.857646
DATA,-102.195000,-150.292206,-154.450638,0.011443,-0.639013,0.768636,0.027002,0.267078,-0.001002,-0.410014,-0.872099
DATA,-69.018150,-150.773010,-154.916641,0.012699,-0.639048,0.768607,0.026447,0.263207,-0.005670,-0.379151,-0.887093
DATA,-34.134529,-149.521622,-156.188171,0.011435,-0.639004,0.768605,0.028099,0.259104,-0.011542,-0.345186,-0.901986
DATA,-4.583411,-150.884750,-158.014847,0.010843,-0.639037,0.768643,0.026502,0.253436,-0.017783,-0.307763,-0.916917
DATA,21.081749,-150.936951,-158.470215,0.013198,-0.639014,0.768540,0.028867,0.245619,-0.025813,-0.266784,-0.931575
DATA,28.477627,-150.481720,-158.043976,0.012477,-0.639078,0.768610,0.025751,0.236217,-0.037874,-0.223649,-0.944853
DATA,14.614403,-149.371216,-158.439713,0.013579,-0.639047,0.768572,0.027035,0.226461,-0.053103,-0.180349,-0.955704
DATA,1.892235,-140.272171,-158.627350,0.009596,-0.638995,0.768672,0.027138,0.216910,-0.069350,-0.133553,-0.964523
DATA,-11.835138,-83.442398,-158.145798,0.014143,-0.639083,0.768574,0.025813,0.206172,-0.082600,-0.087133,-0.971122
DATA,-4.500756,86.479111,-158.984970,0.012539,-0.638995,0.768595,0.028106,0.195983,-0.092628,-0.041019,-0.975361
DATA,0.054959,148.772736,-159.619827,0.010692,-0.638981,0.768666,0.027232,0.184770,-0.099927,0.004451,-0.977678
DATA,-3.775077,156.489838,-159.919724,0.009808,-0.638948,0.768695,0.027518,0.172730,-0.105857,0.048773,-0.978049
DATA,-5.787874,157.839172,-160.673279,0.013693,-0.639028,0.768607,0.026422,0.162530,-0.112018,0.091810,-0.976016
DATA,-4.259644,158.799316,-161.794922,0.013892,-0.639015,0.768604,0.026728,0.155700,-0.118574,0.133805,-0.971491
DATA,-16.515697,155.012238,-158.860275,0.013715,-0.639031,0.768590,0.026848,0.131694,-0.143087,0.287986,-0.937681
DATA,1.202609,156.018478,-159.524292,0.009917,-0.638966,0.768679,0.027513,0.129259,-0.139436,0.310013,-0.931526
DATA,10.980186,157.857895,-161.469391,0.013517,-0.639018,0.768579,0.027580,0.126254,-0.135471,0.325793,-0.927128
DATA,14.258784,158.707687,-161.139160,0.010217,-0.639000,0.768684,0.026457,0.120116,-0.134259,0.340833,-0.922702
DATA,22.913158,156.719818,-159.676636,0.012529,-0.639033,0.768620,0.026504,0.116692,-0.130520,0.354887,-0.918369
DATA,34.764019,156.574326,-160.568390,0.011984,-0.639040,0.768652,0.025669,0.113645,-0.127082,0.367808,-0.914140
DATA,48.993225,155.376328,-161.337677,0.011859,-0.639001,0.768648,0.026765,0.111439,-0.123114,0.378118,-0.910742
DATA,65.455582,156.704132,-161.131149,0.010223,-0.638916,0.768658,0.029092,0.110539,-0.120514,0.387762,-0.907137
DATA,72.679970,156.698013,-159.130188,0.012665,-0.638988,0.768582,0.028573,0.109310,-0.117942,0.396830,-0.903696
DATA,72.877747,155.522476,-159.662140,0.013386,-0.639039,0.768581,0.027070,0.108914,-0.118064,0.404276,-0.900422
DATA,73.121353,157.217773,-160.440308,0.009190,-0.638999,0.768710,0.026101,0.106833,-0.119208,0.411367,-0.897303
DATA,71.535965,156.564728,-160.669876,0.013623,-0.639032,0.768577,0.027235,0.103742,-0.120672,0.418008,-0.894396
DATA,68.008331,155.946182,-160.232254,0.010926,-0.639012,0.768672,0.026218,0.090957,-0.128180,0.439706,-0.884282
DATA,73.529480,156.301849,-160.014130,0.012943,-0.639042,0.768628,0.025870,0.089748,-0.129045,0.444163,-0.882050
DATA,79.026169,156.101166,-160.900330,0.014086,-0.639053,0.768613,0.025456,0.088642,-0.128925,0.447440,-0.880522
DATA,83.528244,156.515823,-161.413284,0.010904,-0.638953,0.768671,0.027670,0.087544,-0.128914,0.450535,-0.879054
DATA,88.966446,155.859512,-160.786011,0.013585,-0.639021,0.768605,0.026727,0.087958,-0.128727,0.452985,-0.877780
DATA,97.596176,156.043365,-160.500336,0.013717,-0.639084,0.768607,0.025029,0.089912,-0.128843,0.454990,-0.876527
DATA,96.958031,155.727753,-159.785904,0.011972,-0.638945,0.768618,0.028831,0.091980,-0.129017,0.457031,-0.875224
DATA,101.155647,157.380859,-159.917740,0.011996,-0.639007,0.768646,0.026629,0.094072,-0.128670,0.457789,-0.874656
DATA,104.845642,157.510895,-159.086212,0.011310,-0.638959,0.768655,0.027790,0.096874,-0.127337,0.456183,-0.875384
DATA,109.557930,157.049301,-159.546127,0.013184,-0.638982,0.768612,0.027637,0.101220,-0.125307,0.451013,-0.877861
DATA,106.598160,155.748291,-160.452484,0.012717,-0.638954,0.768626,0.028101,0.108170,-0.123637,0.440578,-0.882555
DATA,128.112106,157.679291,-160.806107,0.012042,-0.639004,0.768694,0.025269,0.132004,-0.121588,0.394307,-0.901284
DATA,138.837387,157.121185,-160.473801,0.010870,-0.638969,0.768688,0.026815,0.139637,-0.113868,0.376196,-0.908852
DATA,142.966797,157.054367,-160.629166,0.012566,-0.638972,0.768634,0.027560,0.145977,-0.107754,0.353602,-0.917630
DATA,147.146957,157.669479,-160.971298,0.012018,-0.638975,0.768658,0.027043,0.150979,-0.104082,0.328381,-0.926573
DATA,146.811768,156.827820,-160.389755,0.009476,-0.638941,0.768719,0.027143,0.157335,-0.097840,0.293926,-0.937699
DATA,141.193146,156.304947,-161.302765,0.013005,-0.638965,0.768618,0.027949,0.164708,-0.091466,0.257346,-0.947775
DATA,134.173065,152.845337,-160.629837,0.011008,-0.639029,0.768724,0.024154,0.171966,-0.086339,0.218055,-0.956779
DATA,119.626305,115.704895,-160.123474,0.011227,-0.638961,0.768696,0.026629,0.179372,-0.080732,0.176293,-0.964484
DATA,91.103058,-29.954924,-159.141037,0.008359,-0.638951,0.768767,0.025879,0.187695,-0.074271,0.132300,-0.970439
DATA,65.527077,-130.144745,-159.644180,0.014010,-0.639054,0.768634,0.024823,0.195638,-0.067559,0.088631,-0.974323
DATA,49.812492,-144.959763,-160.413300,0.011865,-0.638919,0.768644,0.028780,0.201275,-0.062733,0.047558,-0.976366
DATA,30.953487,-149.311340,-159.836288,0.011926,-0.638998,0.768669,0.026211,0.204606,-0.059349,0.010649,-0.976986
DATA,11.723661,-149.406082,-160.594070,0.012932,-0.638942,0.768598,0.029047,0.206076,-0.058879,-0.022658,-0.976500
DATA,-9.675694,-150.723434,-160.762787,0.012065,-0.638966,0.768639,0.027753,0.206027,-0.059900,-0.052562,-0.975296
DATA,-36.864365,-152.437729,-160.175079,0.011628,-0.638921,0.768635,0.029082,0.205994,-0.063326,-0.081230,-0.973118
DATA,-65.692368,-153.230576,-158.932022,0.011244,-0.639016,0.768690,0.025464,0.205221,-0.068152,-0.109820,-0.970144
DATA,-95.026108,-154.230804,-157.617737,0.012132,-0.639000,0.768649,0.026662,0.204368,-0.072306,-0.139197,-0.966245
DATA,-121.983521,-152.887878,-158.340118,0.013230,-0.638989,0.768591,0.028034,0.204448,-0.074328,-0.169921,-0.961147
DATA,-142.309769,-151.588943,-157.094223,0.012376,-0.639054,0.768628,0.025840,0.205551,-0.074940,-0.201376,-0.954767
DATA,-153.229553,-152.886490,-157.259003,0.011270,-0.639012,0.768654,0.026615,0.206745,-0.074833,-0.232597,-0.947394
DATA,-162.056595,-147.587631,-147.937195,0.013318,-0.638986,0.768572,0.028583,0.207956,-0.072827,-0.262688,-0.939386
DATA,-162.476089,-147.475479,-139.097488,0.011909,-0.638963,0.768610,0.028674,0.210113,-0.070020,-0.292157,-0.930373
DATA,-158.462418,-155.488632,-116.250328,0.011887,-0.639031,0.768649,0.026016,0.212469,-0.066105,-0.321341,-0.920449
DATA,-155.612122,-154.099335,-23.593134,0.013305,-0.638989,0.768584,0.028190,0.214477,-0.061532,-0.350678,-0.909526
DATA,-154.412918,-154.517441,64.044571,0.011953,-0.639032,0.768653,0.025848,0.216591,-0.056336,-0.379729,-0.897619
DATA,-151.097946,-154.031845,139.966110,0.011238,-0.638972,0.768646,0.027783,0.218411,-0.050123,-0.408109,-0.885004
DATA,-150.786423,-152.154297,148.044250,0.012996,-0.639017,0.768609,0.027004,0.219817,-0.042927,-0.437269,-0.870995
DATA,-151.441544,-153.261917,150.741882,0.012980,-0.638984,0.768579,0.028598,0.222128,-0.034075,-0.466769,-0.855350
DATA,-149.763046,-152.709183,154.457001,0.011518,-0.639023,0.768636,0.026754,0.224489,-0.025702,-0.496042,-0.838383
DATA,-146.636276,-152.102188,156.086731,0.012038,-0.638997,0.768612,0.027821,0.223251,-0.021132,-0.523766,-0.821816
DATA,-132.019531,-153.173248,156.602127,0.013152,-0.639115,0.768604,0.024654,0.216345,-0.021439,-0.548979,-0.807067
DATA,-88.188568,-152.481430,156.601944,0.009884,-0.638992,0.768642,0.027938,0.205428,-0.023687,-0.571263,-0.794290
DATA,-40.559540,-151.399094,156.895309,0.013896,-0.639095,0.768584,0.025334,0.196236,-0.026355,-0.590883,-0.782084
DATA,-6.764285,-153.842575,156.770645,0.010982,-0.638984,0.768623,0.028232,0.190334,-0.028637,-0.608929,-0.769518
DATA,26.402494,-151.431732,156.984650,0.010665,-0.639022,0.768636,0.027140,0.185376,-0.026114,-0.623629,-0.758973
DATA,43.188976,-154.111053,156.056946,0.012647,-0.638992,0.768574,0.028697,0.180500,-0.019350,-0.635701,-0.750286
DATA,52.526386,-153.230988,156.172241,0.010808,-0.638935,0.768608,0.029797,0.178659,-0.011447,-0.647615,-0.740638
DATA,42.517128,-152.496414,157.355957,0.011443,-0.639044,0.768637,0.026240,0.181492,-0.004364,-0.659479,-0.729472
DATA,25.061378,-153.209427,157.182968,0.012286,-0.639068,0.768617,0.025883,0.185304,0.001988,-0.669752,-0.719090
DATA,22.372398,-152.861053,157.424240,0.011756,-0.638976,0.768584,0.029157,0.186706,0.006589,-0.678694,-0.710262
DATA,24.608900,-152.460861,155.828232,0.011259,-0.639061,0.768639,0.025852,0.185853,0.011328,-0.686922,-0.702473
DATA,26.332352,-152.780045,156.706161,0.011784,-0.639056,0.768615,0.026452,0.184847,0.016936,-0.695076,-0.694561
DATA,27.092628,-152.876801,157.130096,0.009123,-0.638931,0.768665,0.028945,0.185282,0.023345,-0.702377,-0.686872
DATA,26.444048,-154.482376,156.599106,0.012551,-0.639026,0.768603,0.027141,0.186094,0.028311,-0.708544,-0.680097
DATA,28.471811,-152.481094,157.405914,0.014455,-0.639016,0.768530,0.028496,0.186997,0.031106,-0.713637,-0.674379
DATA,27.943254,-153.506088,156.769318,0.012754,-0.639098,0.768614,0.024957,0.187986,0.032640,-0.717359,-0.670069
DATA,25.316040,-152.450012,156.921158,0.014032,-0.639042,0.768550,0.027547,0.188950,0.033764,-0.719573,-0.667363
DATA,18.001099,-153.523560,156.494415,0.013074,-0.639030,0.768576,0.027595,0.190353,0.035073,-0.720755,-0.665619
DATA,12.134706,-152.687637,156.752884,0.010975,-0.638977,0.768616,0.028570,0.192620,0.036745,-0.720469,-0.665185
DATA,7.417673,-153.153625,157.388611,0.013171,-0.639029,0.768549,0.028286,0.195025,0.038392,-0.717836,-0.667235
DATA,0.819109,-152.098724,157.394638,0.009475,-0.638959,0.768650,0.028596,0.197080,0.040511,-0.711553,-0.673209
DATA,0.100669,-152.685944,156.803772,0.012581,-0.638969,0.768567,0.029414,0.199400,0.042846,-0.700036,-0.684363
DATA,1.256317,-153.408936,157.060867,0.011991,-0.639089,0.768622,0.025323,0.200255,0.046501,-0.684115,-0.699801
DATA,6.980319,-152.259766,156.448074,0.013138,-0.639075,0.768561,0.026934,0.201576,0.048288,-0.666262,-0.716331
DATA,6.881720,-151.420670,157.125717,0.013801,-0.639020,0.768524,0.028889,0.205373,0.049105,-0.648012,-0.731772
DATA,-15.968075,-151.466476,156.838135,0.010767,-0.639060,0.768628,0.026425,0.213995,0.047798,-0.630660,-0.744439
DATA,-54.214993,-153.552704,155.654449,0.013098,-0.639056,0.768555,0.027557,0.225223,0.041808,-0.612059,-0.756909
DATA,-80.642387,-151.008560,155.615891,0.014001,-0.639013,0.768514,0.029200,0.238560,0.029664,-0.584757,-0.774770
DATA,-101.261215,-151.319794,152.836517,0.010164,-0.639035,0.768670,0.026050,0.245589,0.017938,-0.559294,-0.791552
DATA,-110.322945,-151.904938,148.358948,0.012369,-0.639025,0.768598,0.027395,0.247019,0.009486,-0.534224,-0.808391
DATA,-113.480843,-152.108795,100.651283,0.012531,-0.639020,0.768589,0.027687,0.248211,0.004110,-0.511480,-0.822656
DATA,-111.641685,-150.729080,-7.030436,0.012192,-0.639033,0.768612,0.026898,0.250403,0.001798,-0.491366,-0.834179
DATA,-110.197311,-152.038956,-112.687035,0.010991,-0.638989,0.768624,0.028100,0.251802,-0.000407,-0.470358,-0.845789
DATA,-95.811035,-152.001724,-149.460922,0.011847,-0.639064,0.768651,0.025169,0.250702,-0.002979,-0.448018,-0.858149
DATA,-78.607681,-150.218506,-153.495804,0.013675,-0.639000,0.768563,0.028352,0.250615,-0.006975,-0.426953,-0.868824
DATA,-70.025391,-151.603485,-155.753937,0.012660,-0.639045,0.768612,0.026402,0.253496,-0.012461,-0.399483,-0.880907
DATA,-65.501587,-152.737823,-156.349655,0.010807,-0.639048,0.768692,0.024748,0.258052,-0.019170,-0.371859,-0.891495
DATA,-66.710274,-153.005173,-157.061081,0.012532,-0.638947,0.768609,0.028788,0.262231,-0.027184,-0.344356,-0.901064
DATA,-68.021248,-151.749496,-157.399353,0.014123,-0.639020,0.768608,0.026373,0.264426,-0.038110,-0.314730,-0.910808
DATA,-60.289814,-152.074966,-158.185928,0.010501,-0.638979,0.768691,0.026658,0.259505,-0.050651,-0.275661,-0.924177
DATA,-51.773926,-150.795319,-158.281845,0.012257,-0.639025,0.768675,0.025211,0.244655,-0.063845,-0.231278,-0.939456
DATA,-49.880932,-150.207901,-158.461014,0.010183,-0.638923,0.768697,0.027901,0.224518,-0.078309,-0.183381,-0.953851
DATA,-56.289238,-139.290421,-159.018677,0.014415,-0.639012,0.768609,0.026389,0.201179,-0.092177,-0.131362,-0.966320
DATA,-77.525475,-53.767246,-157.892502,0.010971,-0.638934,0.768677,0.027907,0.178537,-0.104628,-0.079506,-0.975119
DATA,-100.000206,134.115463,-160.534622,0.012759,-0.639031,0.768665,0.025113,0.160477,-0.122064,-0.034928,-0.978840
DATA,-129.998154,155.609406,-159.674042,0.011049,-0.638927,0.768681,0.027914,0.148927,-0.136553,0.010129,-0.979322
DATA,-133.324585,156.454971,-158.926285,0.011947,-0.638988,0.768638,0.027335,0.144270,-0.142358,0.053905,-0.977760
DATA,-113.102676,158.832291,-161.289581,0.013848,-0.639001,0.768586,0.027587,0.142366,-0.143396,0.096549,-0.974601
DATA,68.230080,156.880081,-160.479095,0.013484,-0.638954,0.768545,0.029919,0.129076,-0.128949,0.204310,-0.961753
DATA,120.859375,158.139771,-161.477753,0.012935,-0.638994,0.768572,0.028583,0.125718,-0.115396,0.231848,-0.957667
DATA,-158.301346,157.900620,-162.049469,0.011876,-0.639042,0.768620,0.026615,0.087628,-0.174419,0.185666,-0.963030
DATA,-162.263321,126.403442,-160.358429,0.011023,-0.638969,0.768628,0.028430,0.106861,-0.181289,0.093920,-0.973085
DATA,-164.267578,78.999756,-159.840363,0.012929,-0.639059,0.768598,0.026332,0.114378,-0.180875,0.068490,-0.974429
DATA,-164.582397,-30.965107,-158.983704,0.011148,-0.638981,0.768608,0.028637,0.119503,-0.179225,0.042238,-0.975609
DATA,-165.719070,-126.729645,-159.199417,0.012917,-0.639089,0.768586,0.025978,0.122621,-0.179027,0.011839,-0.976101
DATA,-165.251404,-142.834763,-159.771240,0.013287,-0.639057,0.768572,0.026945,0.125756,-0.178960,-0.019676,-0.975588
DATA,-166.665970,-146.808121,-160.272278,0.010113,-0.638970,0.768634,0.028594,0.130729,-0.182167,-0.052117,-0.973144
DATA,-168.176819,-149.207535,-159.981369,0.012658,-0.639072,0.768607,0.025909,0.137924,-0.189793,-0.085375,-0.968332
DATA,-169.770691,-150.742584,-159.683151,0.009192,-0.639014,0.768682,0.026548,0.144735,-0.199903,-0.118652,-0.961776
DATA,-166.695908,-152.495804,-157.405670,0.010166,-0.639011,0.768659,0.026940,0.149915,-0.211506,-0.150675,-0.953985
DATA,-166.718018,-151.586823,-154.772156,0.012052,-0.639041,0.768601,0.027099,0.153734,-0.223671,-0.180737,-0.945342
DATA,-168.275497,-151.111221,-153.717560,0.010549,-0.638997,0.768618,0.028234,0.155498,-0.235747,-0.208455,-0.936371
DATA,-167.216522,-152.687164,-151.950729,0.014438,-0.639019,0.768479,0.029771,0.153881,-0.245624,-0.235100,-0.927749
DATA,-167.448959,-151.047180,-143.562515,0.011865,-0.639091,0.768586,0.026417,0.150486,-0.251103,-0.261268,-0.919804
DATA,-167.689987,-152.667603,-84.775200,0.012767,-0.639093,0.768565,0.026566,0.149917,-0.254427,-0.288342,-0.910852
DATA,-167.985016,-154.490173,-7.966891,0.013451,-0.639088,0.768524,0.027491,0.152252,-0.255520,-0.317174,-0.900516
DATA,-165.482346,-152.584381,151.771561,0.011822,-0.639081,0.768606,0.026065,0.175185,-0.229375,-0.444982,-0.847755
DATA,-165.715607,-152.372269,153.432770,0.011751,-0.639090,0.768591,0.026347,0.178614,-0.214448,-0.474758,-0.834694
DATA,-165.547653,-151.952332,156.229904,0.011513,-0.639121,0.768620,0.024804,0.181555,-0.196387,-0.505407,-0.820386
DATA,-165.405411,-154.577728,156.442535,0.011523,-0.639010,0.768575,0.028744,0.185351,-0.176715,-0.536833,-0.803883
DATA,-164.074127,-152.529861,158.547974,0.012658,-0.639106,0.768579,0.025887,0.188792,-0.158566,-0.566665,-0.786197
DATA,-163.215775,-153.179199,159.068954,0.014891,-0.639099,0.768494,0.027348,0.188969,-0.142628,-0.594525,-0.768432
DATA,-162.747513,-154.547806,158.856613,0.011464,-0.639044,0.768583,0.027772,0.185519,-0.128944,-0.619097,-0.752114
DATA,-159.891724,-155.069138,159.104446,0.010023,-0.639012,0.768618,0.028096,0.179766,-0.117925,-0.640285,-0.737436
DATA,-152.096863,-153.884430,158.818008,0.012997,-0.639124,0.768556,0.025957,0.172856,-0.108168,-0.658412,-0.724509
DATA,-141.358215,-154.433975,159.507599,0.010100,-0.639061,0.768609,0.027193,0.167269,-0.101467,-0.674443,-0.711936
DATA,-117.993736,-154.193588,158.854263,0.013399,-0.639063,0.768479,0.029307,0.163979,-0.095401,-0.688236,-0.700243
DATA,-86.647720,-153.207321,158.213928,0.013400,-0.639171,0.768516,0.025770,0.161471,-0.088043,-0.699857,-0.690200
DATA,-65.614372,-153.200958,158.011185,0.010229,-0.639047,0.768555,0.028942,0.159575,-0.081905,-0.710251,-0.680713
DATA,-53.925171,-152.800262,157.726669,0.011571,-0.639142,0.768543,0.026551,0.158628,-0.075754,-0.721981,-0.669210
DATA,-39.403130,-154.398819,158.064133,0.012765,-0.639209,0.768537,0.024511,0.159039,-0.070193,-0.733967,-0.656561
DATA,-13.866288,-153.852036,157.524490,0.010772,-0.639084,0.768568,0.027537,0.157738,-0.064720,-0.744878,-0.645048
DATA,9.726254,-153.916672,157.199234,0.013096,-0.639125,0.768527,0.026722,0.155885,-0.058516,-0.753152,-0.636426
DATA,35.682949,-153.207230,158.072418,0.014514,-0.639124,0.768460,0.027893,0.154288,-0.054446,-0.760809,-0.628013
DATA,51.110207,-154.825684,157.450806,0.009093,-0.639077,0.768627,0.026645,0.152913,-0.050349,-0.767342,-0.620700
DATA,60.633011,-153.132797,157.123795,0.012566,-0.639124,0.768534,0.026798,0.152686,-0.046870,-0.772651,-0.614411
DATA,58.066639,-153.607513,158.077072,0.010464,-0.639097,0.768567,0.027384,0.153208,-0.043335,-0.777192,-0.608788
DATA,49.308674,-154.189926,157.378738,0.013345,-0.639205,0.768522,0.024753,0.155017,-0.041032,-0.781269,-0.603246
DATA,26.371384,-152.929733,158.150543,0.010298,-0.639036,0.768551,0.029254,0.158095,-0.039041,-0.785057,-0.597635
DATA,-7.583816,-153.947968,157.811829,0.011975,-0.639060,0.768525,0.028786,0.163042,-0.036584,-0.787421,-0.593336
DATA,-40.972294,-153.138596,158.282166,0.013394,-0.639165,0.768527,0.025586,0.168430,-0.034804,-0.787962,-0.591216
DATA,-64.904274,-154.425888,158.156860,0.012334,-0.639159,0.768563,0.025206,0.172466,-0.033363,-0.786752,-0.591746
DATA,-71.486336,-153.061707,158.090057,0.011873,-0.639143,0.768562,0.025835,0.174614,-0.032798,-0.783341,-0.595660
DATA,-69.441559,-153.333374,157.104645,0.013184,-0.639172,0.768544,0.025002,0.175308,-0.032912,-0.778386,-0.601912
DATA,-52.086140,-153.377975,157.671158,0.013289,-0.639061,0.768503,0.028770,0.173439,-0.032216,-0.771760,-0.610957
DATA,-36.020481,-154.584198,156.964432,0.011449,-0.639113,0.768605,0.025499,0.170453,-0.031489,-0.762437,-0.623413
DATA,-16.378771,-153.491241,157.434479,0.013765,-0.639075,0.768528,0.027536,0.166356,-0.029545,-0.749085,-0.640565
DATA,-5.595044,-153.431168,157.549423,0.011853,-0.639060,0.768601,0.026717,0.164762,-0.029399,-0.732373,-0.660015
DATA,-7.615700,-151.498825,156.997543,0.014612,-0.639041,0.768506,0.028501,0.166663,-0.031463,-0.713612,-0.679699
DATA,-29.470514,-153.588806,157.310883,0.011785,-0.639068,0.768602,0.026548,0.172325,-0.035318,-0.692991,-0.699156
DATA,-46.461975,-152.439240,156.654144,0.010609,-0.639011,0.768600,0.028412,0.177812,-0.039216,-0.669980,-0.719702
DATA,-50.412292,-152.977875,155.462891,0.010381,-0.639089,0.768649,0.025244,0.178343,-0.042868,-0.645337,-0.741550
DATA,-47.080250,-152.274063,153.493973,0.014335,-0.639110,0.768519,0.026665,0.176173,-0.047477,-0.619467,-0.763525
DATA,-52.016327,-152.033752,150.094559,0.012007,-0.639134,0.768578,0.025521,0.173929,-0.054371,-0.593229,-0.784138
DATA,-68.575867,-153.072449,120.146858,0.010568,-0.639063,0.768584,0.027671,0.174283,-0.061918,-0.565796,-0.803534
DATA,-106.623543,-152.375290,9.169589,0.011962,-0.639047,0.768532,0.028888,0.178225,-0.070668,-0.537896,-0.820920
DATA,-139.446854,-151.867142,-93.495438,0.010806,-0.639078,0.768598,0.026825,0.183199,-0.079703,-0.509288,-0.837085
DATA,-149.109375,-150.884415,-148.616928,0.013067,-0.639085,0.768527,0.027670,0.186149,-0.088418,-0.478995,-0.853284
DATA,-151.865570,-150.344223,-153.083450,0.012600,-0.639086,0.768548,0.027301,0.184329,-0.095890,-0.443696,-0.871758
DATA,-152.931564,-149.868652,-154.479126,0.012108,-0.639118,0.768552,0.026622,0.178257,-0.102800,-0.406855,-0.890014
DATA,-155.672775,-152.048416,-155.792236,0.011185,-0.639034,0.768541,0.029264,0.170305,-0.109385,-0.367034,-0.907919
DATA,-156.298203,-151.465988,-157.098099,0.012451,-0.639149,0.768544,0.025952,0.160004,-0.115695,-0.324840,-0.924928
DATA,-156.066589,-149.693298,-156.800781,0.010494,-0.639082,0.768574,0.027514,0.148441,-0.121123,-0.282281,-0.940006
DATA,-159.240707,-148.703430,-159.249985,0.011816,-0.639094,0.768520,0.028204,0.136710,-0.127396,-0.241268,-0.952297
DATA,-162.762817,-146.379929,-158.775009,0.013150,-0.639223,0.768526,0.024250,0.126114,-0.138526,-0.197498,-0.962237
DATA,-159.113037,-114.107246,-159.603439,0.009458,-0.639102,0.768568,0.027615,0.115634,-0.153329,-0.152186,-0.969515
DATA,-160.558350,82.086411,-158.591751,0.012071,-0.639161,0.768523,0.026456,0.103689,-0.165087,-0.106991,-0.974960
DATA,-160.118881,143.119614,-158.142593,0.010978,-0.639147,0.768573,0.025819,0.093477,-0.175375,-0.060996,-0.978154
DATA,-160.475021,154.316772,-158.212830,0.013511,-0.639174,0.768501,0.026091,0.082796,-0.182260,-0.015552,-0.979635
DATA,-160.496536,157.155228,-159.404846,0.010902,-0.639120,0.768540,0.027455,0.072066,-0.185959,0.028716,-0.979490
DATA,-162.221680,159.231827,-161.596939,0.013394,-0.639171,0.768493,0.026442,0.060752,-0.189192,0.073610,-0.977291
DATA,-156.025085,156.448395,-156.950256,0.012581,-0.639184,0.768505,0.026193,-0.007297,-0.202516,0.332741,-0.920987
DATA,-160.579346,158.309952,-160.508057,0.012968,-0.639133,0.768451,0.028707,-0.015000,-0.197230,0.351864,-0.914914
DATA,-158.077713,158.764709,-157.170624,0.012280,-0.639241,0.768465,0.026108,-0.016311,-0.199783,0.401253,-0.893766
DATA,-159.724365,158.156433,-159.101593,0.014372,-0.639235,0.768395,0.027214,-0.014328,-0.198586,0.409359,-0.890384
DATA,-158.583603,157.665741,-157.852539,0.010276,-0.639181,0.768510,0.027117,-0.012583,-0.200024,0.416751,-0.886651
DATA,-158.733353,157.946335,-158.452499,0.011022,-0.639172,0.768497,0.027378,-0.009473,-0.204458,0.432037,-0.878323
DATA,-159.301376,156.338501,-158.299545,0.011094,-0.639154,0.768491,0.027949,-0.010524,-0.206219,0.435709,-0.876083
DATA,-157.268600,156.955734,-158.333176,0.011278,-0.639172,0.768517,0.026718,-0.007994,-0.209381,0.443380,-0.871499
DATA,-151.158890,158.009064,-157.123932,0.012833,-0.639203,0.768475,0.026481,0.043488,-0.204295,0.399403,-0.892664
DATA,-147.028824,156.537750,-159.057724,0.014089,-0.639162,0.768415,0.028492,0.043488,-0.204295,0.399403,-0.892664
DATA,-143.796921,157.341660,-160.044495,0.013049,-0.639188,0.768445,0.027562,0.059344,-0.199375,0.375276,-0.903270
DATA,-141.407791,157.894760,-161.177902,0.010932,-0.639136,0.768496,0.028258,0.072984,-0.191395,0.345755,-0.915694
DATA,-141.755768,159.474228,-161.058746,0.012968,-0.639202,0.768450,0.027158,0.084510,-0.185721,0.311513,-0.928076
DATA,-146.290344,159.377502,-161.955231,0.013078,-0.639223,0.768446,0.026728,0.092112,-0.186093,0.275888,-0.938494
DATA,-147.664902,158.183411,-160.629379,0.012488,-0.639258,0.768486,0.024950,0.096767,-0.186564,0.243127,-0.946953
DATA,-148.869873,156.997147,-159.503738,0.012311,-0.639221,0.768498,0.025604,0.103152,-0.179900,0.204661,-0.956614
DATA,-145.855255,154.571518,-159.973312,0.010617,-0.639080,0.768482,0.030004,0.112279,-0.167842,0.160771,-0.966114
DATA,-125.858665,129.385620,-160.623276,0.012742,-0.639214,0.768472,0.026333,0.122894,-0.151837,0.112506,-0.974261
DATA,-107.049309,-79.711525,-159.751434,0.013491,-0.639167,0.768415,0.028674,0.132785,-0.135041,0.064609,-0.979774
DATA,-83.949371,-144.064987,-161.232681,0.012076,-0.639165,0.768479,0.027621,0.141070,-0.119838,0.019516,-0.982526
DATA,-64.603752,-150.383118,-160.769470,0.012462,-0.639176,0.768455,0.027843,0.147541,-0.110730,-0.019026,-0.982654
DATA,-61.505806,-152.170715,-160.720184,0.013546,-0.639286,0.768472,0.024091,0.152567,-0.107163,-0.051696,-0.981105
DATA,-80.135712,-152.742783,-160.655884,0.012543,-0.639149,0.768461,0.028261,0.157725,-0.106762,-0.085274,-0.977984
DATA,-109.058464,-151.788116,-160.147034,0.009738,-0.639113,0.768544,0.027928,0.163021,-0.108798,-0.117451,-0.973546
DATA,-142.039368,-151.563095,-159.882248,0.011847,-0.639109,0.768484,0.028850,0.168205,-0.110013,-0.151995,-0.967730
DATA,-158.129852,-153.143448,-157.260361,0.011223,-0.639189,0.768544,0.025526,0.173502,-0.110466,-0.188572,-0.960279
DATA,-158.992920,-158.360626,-149.685562,0.012690,-0.639159,0.768459,0.028011,0.177972,-0.108650,-0.226939,-0.951325
DATA,-159.642899,-155.066254,-150.835052,0.009138,-0.639130,0.768553,0.027475,0.182120,-0.104817,-0.267008,-0.940507
DATA,-159.506592,-153.542496,-146.177979,0.012889,-0.639209,0.768471,0.026417,0.188967,-0.097236,-0.307017,-0.927673
DATA,-158.673416,-154.133453,-48.607674,0.012138,-0.639179,0.768492,0.026879,0.196948,-0.085891,-0.345775,-0.913386
DATA,-158.469742,-154.728073,84.883820,0.011031,-0.639144,0.768533,0.027026,0.204518,-0.074258,-0.381560,-0.898371
DATA,-157.440216,-154.745605,140.664551,0.013317,-0.639161,0.768454,0.027833,0.211423,-0.064117,-0.415017,-0.882581
DATA,-156.898117,-152.053909,152.558472,0.012639,-0.639180,0.768504,0.026274,0.217674,-0.054743,-0.445992,-0.866436
DATA,-160.439102,-153.611008,154.128433,0.011440,-0.639134,0.768521,0.027419,0.224182,-0.047752,-0.474993,-0.849614
DATA,-160.470703,-153.555496,156.280914,0.011889,-0.639183,0.768542,0.025445,0.230449,-0.041421,-0.504191,-0.831246
DATA,-162.322723,-151.828674,157.488617,0.013012,-0.639163,0.768493,0.026812,0.236974,-0.035596,-0.535417,-0.809879
DATA,-163.327591,-152.973709,157.943710,0.011123,-0.639089,0.768521,0.028587,0.243928,-0.029246,-0.566071,-0.786897
DATA,-163.016525,-152.534286,159.265030,0.011392,-0.639194,0.768544,0.025339,0.248449,-0.024498,-0.592844,-0.765643
DATA,-163.404236,-153.014664,158.907516,0.013330,-0.639190,0.768483,0.026308,0.249194,-0.023508,-0.612857,-0.749504
DATA,-163.832886,-153.860809,158.816650,0.010240,-0.639069,0.768536,0.028945,0.245684,-0.026243,-0.628248,-0.737736
DATA,-163.100906,-153.891373,159.520615,0.013091,-0.639167,0.768496,0.026614,0.240400,-0.031138,-0.640616,-0.728594
DATA,-163.150269,-153.603119,159.211838,0.012750,-0.639157,0.768502,0.026847,0.234713,-0.036015,-0.649830,-0.722034
DATA,-162.958282,-154.281815,158.902222,0.011049,-0.639101,0.768526,0.028202,0.230965,-0.039921,-0.657542,-0.716030
DATA,-161.587952,-152.212219,158.935181,0.014046,-0.639169,0.768452,0.027333,0.229485,-0.041133,-0.665269,-0.709268
DATA,-162.340591,-151.895905,158.629669,0.013665,-0.639195,0.768450,0.026965,0.231247,-0.040482,-0.673304,-0.701104
DATA,-162.266068,-153.279602,157.730179,0.013642,-0.639276,0.768484,0.023934,0.235361,-0.039306,-0.681138,-0.692178
DATA,-163.040558,-153.387039,158.309830,0.013003,-0.639138,0.768430,0.029139,0.240512,-0.038790,-0.688966,-0.682624
DATA,-162.542007,-152.854370,158.072891,0.008981,-0.639168,0.768596,0.025371,0.246061,-0.037620,-0.696050,-0.673464
DATA,-162.968399,-153.257126,157.708618,0.013995,-0.639170,0.768435,0.027824,0.250391,-0.036556,-0.701522,-0.666209
DATA,-163.735550,-152.153015,158.296783,0.013561,-0.639231,0.768480,0.025270,0.252982,-0.034562,-0.704556,-0.662123
DATA,-163.081406,-151.788651,158.315323,0.009226,-0.639110,0.768570,0.027446,0.253985,-0.032218,-0.704938,-0.661449
DATA,-162.978210,-151.952179,158.450790,0.015025,-0.639172,0.768410,0.027927,0.253995,-0.029774,-0.703128,-0.663484
DATA,-163.330307,-153.087143,158.321671,0.009965,-0.639106,0.768549,0.027865,0.253498,-0.027637,-0.700533,-0.666504
DATA,-163.238831,-152.699509,158.494019,0.013265,-0.639175,0.768468,0.027152,0.253019,-0.025365,-0.696585,-0.670900
DATA,-161.816315,-152.563599,158.412903,0.013572,-0.639130,0.768452,0.028476,0.253128,-0.022986,-0.690814,-0.676885
DATA,-164.091248,-153.199341,156.815353,0.012769,-0.639167,0.768483,0.027132,0.253004,-0.020780,-0.682009,-0.685872
DATA,-161.921570,-151.938354,157.545685,0.013723,-0.639116,0.768427,0.029369,0.251739,-0.018895,-0.669699,-0.698408
DATA,-161.746918,-152.481979,156.631027,0.012864,-0.639214,0.768474,0.026231,0.248846,-0.017033,-0.652137,-0.715893
DATA,-160.390823,-152.077927,156.907303,0.011825,-0.639137,0.768456,0.028989,0.244409,-0.017236,-0.631785,-0.735401
DATA,-160.333740,-152.529282,156.197922,0.012044,-0.639234,0.768480,0.025942,0.241469,-0.019529,-0.611538,-0.753215
DATA,-159.977249,-151.315414,153.730133,0.010808,-0.639166,0.768492,0.027744,0.240642,-0.023391,-0.591811,-0.768963
DATA,-159.214310,-151.220505,151.949921,0.013169,-0.639153,0.768410,0.029267,0.239281,-0.027502,-0.572692,-0.783589
DATA,-157.574112,-150.646576,147.731766,0.014021,-0.639242,0.768440,0.025944,0.237220,-0.031087,-0.554302,-0.797188
DATA,-156.925766,-152.752869,138.497284,0.013504,-0.639243,0.768438,0.026259,0.234762,-0.033273,-0.534891,-0.810969
DATA,-156.672684,-150.851929,67.749229,0.010226,-0.639256,0.768555,0.023874,0.232949,-0.035255,-0.513657,-0.825014
DATA,-158.680954,-151.562775,-33.143906,0.014477,-0.639206,0.768408,0.027482,0.231853,-0.038507,-0.491088,-0.838805
DATA,-159.247635,-151.127213,-131.978638,0.011524,-0.639125,0.768471,0.028969,0.231885,-0.043966,-0.468692,-0.851249
DATA,-159.311249,-150.213608,-151.172852,0.012262,-0.639200,0.768483,0.026584,0.231980,-0.050251,-0.444098,-0.863966
DATA,-159.822372,-151.149002,-153.026550,0.013711,-0.639136,0.768403,0.029573,0.229885,-0.057075,-0.415160,-0.878372
DATA,-160.429794,-146.873413,-154.038864,0.012284,-0.639148,0.768464,0.028302,0.224396,-0.064270,-0.382093,-0.894159
DATA,-158.089127,-149.995544,-154.724670,0.010210,-0.639112,0.768527,0.028243,0.214061,-0.071430,-0.345528,-0.910871
DATA,-158.695389,-150.841446,-154.923325,0.011994,-0.639139,0.768486,0.028055,0.201533,-0.079644,-0.307082,-0.926683
DATA,-156.551758,-152.196320,-156.956528,0.011099,-0.639179,0.768525,0.026367,0.188591,-0.087764,-0.266951,-0.940993
DATA,-159.323669,-150.113205,-158.895294,0.012296,-0.639106,0.768452,0.029544,0.178570,-0.099550,-0.222228,-0.953319
DATA,-162.201340,-143.323013,-158.893127,0.011642,-0.639182,0.768512,0.026467,0.167248,-0.114797,-0.175056,-0.963434
DATA,-162.214798,-44.371056,-157.642471,0.013550,-0.639138,0.768427,0.028951,0.154180,-0.131452,-0.121979,-0.971633
DATA,-159.777710,133.144058,-159.507751,0.011246,-0.639155,0.768518,0.027084,0.139008,-0.147899,-0.065931,-0.976963
DATA,-159.890976,153.931335,-159.700317,0.013151,-0.639142,0.768447,0.028531,0.124268,-0.162824,-0.012943,-0.978713
DATA,-159.797470,157.526764,-158.732925,0.013071,-0.639213,0.768484,0.025843,0.111765,-0.173165,0.038334,-0.977780
DATA,-162.089722,157.558975,-160.846268,0.010677,-0.639122,0.768524,0.027925,0.100470,-0.178888,0.087278,-0.974827
DATA,-163.052734,160.817612,-161.306320,0.011396,-0.639164,0.768512,0.026997,0.092025,-0.182941,0.132944,-0.969737
DATA,-160.912567,160.167953,-162.910538,0.012198,-0.639187,0.768476,0.027134,0.083220,-0.187855,0.173817,-0.963106
DATA,-154.261230,157.398071,-157.689758,0.014226,-0.639136,0.768392,0.029605,0.054940,-0.198661,0.378830,-0.902221
DATA,-156.392380,159.488800,-162.933807,0.011649,-0.639197,0.768479,0.027069,0.083453,-0.190385,0.241875,-0.947779
DATA,-156.671661,159.096832,-160.727432,0.012251,-0.639167,0.768449,0.028324,0.090516,-0.190380,0.208228,-0.955094
DATA,-156.734299,157.898453,-161.831177,0.013844,-0.639264,0.768445,0.025349,0.099705,-0.187921,0.168730,-0.962432
DATA,-156.392548,152.109207,-160.996567,0.011225,-0.639155,0.768476,0.028273,0.110210,-0.182522,0.122017,-0.969356
DATA,-157.838577,100.825035,-161.037964,0.010413,-0.639210,0.768532,0.025705,0.122001,-0.175019,0.071674,-0.974344
DATA,-164.197052,-117.009384,-159.674393,0.012553,-0.639146,0.768422,0.029368,0.134752,-0.165853,0.019343,-0.976709
DATA,-162.182709,-144.874847,-159.530624,0.011834,-0.639216,0.768485,0.026331,0.148016,-0.156423,-0.031129,-0.976040
DATA,-161.155518,-150.203171,-159.974838,0.013392,-0.639211,0.768421,0.027544,0.159584,-0.144799,-0.078016,-0.973386
DATA,-160.771622,-152.970734,-159.565811,0.009726,-0.639138,0.768545,0.027310,0.170498,-0.132302,-0.120741,-0.968942
DATA,-160.804245,-153.890106,-160.843567,0.013658,-0.639156,0.768432,0.028388,0.181057,-0.120727,-0.160238,-0.962791
DATA,-161.247421,-154.479904,-157.988785,0.011322,-0.639176,0.768489,0.027391,0.191773,-0.112553,-0.198371,-0.954570
DATA,-160.107727,-154.005630,-156.006592,0.010798,-0.639201,0.768502,0.026664,0.201795,-0.107268,-0.238100,-0.943971
DATA,-161.204727,-151.959366,-152.826553,0.012234,-0.639142,0.768416,0.029730,0.211686,-0.101486,-0.279351,-0.931049
DATA,-161.123764,-157.078217,-137.882935,0.013107,-0.639206,0.768416,0.027945,0.221068,-0.094551,-0.320241,-0.916316
DATA,-161.304703,-152.277496,-10.054518,0.012014,-0.639237,0.768467,0.026266,0.230660,-0.087380,-0.361262,-0.899250
DATA,-160.131210,-154.489105,125.537178,0.010915,-0.639207,0.768493,0.026716,0.239163,-0.078890,-0.402016,-0.880318
DATA,-161.302826,-155.205505,146.267609,0.011887,-0.639159,0.768433,0.029075,0.246450,-0.069656,-0.440852,-0.860267
DATA,-162.620590,-154.873352,152.695114,0.014295,-0.639309,0.768405,0.025152,0.252790,-0.060389,-0.475765,-0.840296
DATA,-161.851364,-152.658478,155.509674,0.009674,-0.639146,0.768482,0.028870,0.256829,-0.050959,-0.508227,-0.820455
DATA,-162.574387,-152.745667,157.548157,0.012249,-0.639221,0.768445,0.027177,0.259751,-0.041603,-0.539157,-0.800068
DATA,-162.797089,-154.108932,158.375641,0.013164,-0.639269,0.768448,0.025478,0.263364,-0.032188,-0.567962,-0.779117
DATA,-163.169846,-152.130203,158.127014,0.013443,-0.639222,0.768399,0.027883,0.265854,-0.023388,-0.595638,-0.757621
DATA,-162.801926,-152.755630,157.817093,0.010910,-0.639226,0.768500,0.026072,0.266072,-0.016506,-0.621257,-0.736867
DATA,-162.421967,-150.693604,158.896347,0.012674,-0.639139,0.768406,0.029873,0.264941,-0.010206,-0.643987,-0.717623
DATA,-163.090652,-151.847992,158.562714,0.011535,-0.639253,0.768489,0.025438,0.263561,-0.005734,-0.662731,-0.700922
DATA,-162.836792,-153.732254,157.723938,0.011204,-0.639131,0.768453,0.029431,0.261846,-0.003459,-0.676269,-0.688538
DATA,-162.517059,-155.226120,158.370667,0.014123,-0.639246,0.768407,0.026763,0.259568,-0.002217,-0.686569,-0.679148
DATA,-162.949203,-154.463684,158.780884,0.012449,-0.639211,0.768442,0.027401,0.258896,-0.000731,-0.694802,-0.670987
DATA,-162.735336,-154.432800,157.798752,0.012241,-0.639182,0.768429,0.028510,0.260079,0.000671,-0.701560,-0.663455
DATA,-162.846497,-153.079727,157.869034,0.011936,-0.639238,0.768461,0.026440,0.261712,0.001510,-0.707119,-0.656877
DATA,-162.985291,-152.297791,158.028427,0.011580,-0.639294,0.768483,0.024548,0.263965,0.001885,-0.711321,-0.651415
DATA,-162.307556,-153.116013,157.882614,0.011776,-0.639174,0.768425,0.028984,0.266318,0.002307,-0.714246,-0.647242
DATA,-163.389816,-153.085876,158.092972,0.010585,-0.639195,0.768482,0.027448,0.268792,0.002465,-0.715780,-0.644518
DATA,-163.479965,-152.794388,157.830063,0.012608,-0.639204,0.768433,0.027729,0.270562,0.002598,-0.715842,-0.643708
DATA,-162.800537,-152.334106,158.149811,0.011708,-0.639210,0.768466,0.027099,0.271520,0.002765,-0.713706,-0.645673
DATA,-163.352783,-152.579193,157.763992,0.012236,-0.639197,0.768431,0.028115,0.272268,0.003402,-0.708646,-0.650907
DATA,-162.939957,-153.023849,157.831299,0.010567,-0.639237,0.768511,0.025603,0.272214,0.003928,-0.700098,-0.660112
DATA,-163.416138,-154.016541,157.435989,0.013761,-0.639194,0.768374,0.029033,0.270830,0.002968,-0.688074,-0.673198
DATA,-162.898148,-152.607742,158.058777,0.010656,-0.639233,0.768511,0.025648,0.268739,-0.000180,-0.673155,-0.688943
DATA,-162.224686,-153.642166,157.535202,0.012333,-0.639173,0.768435,0.028507,0.265802,-0.004336,-0.654007,-0.708241
DATA,-161.211563,-152.428619,155.915359,0.013021,-0.639232,0.768444,0.026594,0.262355,-0.008358,-0.629824,-0.731041
DATA,-160.166733,-152.257416,155.002823,0.014991,-0.639248,0.768387,0.026826,0.258455,-0.013360,-0.601384,-0.755884
DATA,-160.974823,-153.222748,152.146164,0.011050,-0.639224,0.768494,0.026223,0.257604,-0.018899,-0.572365,-0.778256
DATA,-159.844574,-152.988388,146.172012,0.012044,-0.639204,0.768452,0.027487,0.260803,-0.024450,-0.544032,-0.797128
DATA,-161.774673,-153.195679,101.460732,0.013153,-0.639237,0.768393,0.027851,0.266333,-0.030163,-0.515759,-0.813726
DATA,-161.966309,-151.531021,-26.171467,0.009870,-0.639240,0.768512,0.025762,0.270685,-0.037335,-0.486620,-0.829781
DATA,-161.789398,-148.207672,-136.131287,0.013106,-0.639253,0.768432,0.026386,0.270222,-0.044621,-0.456715,-0.846404
DATA,-161.629013,-150.927216,-151.415237,0.011052,-0.639177,0.768459,0.028298,0.265030,-0.049793,-0.425389,-0.863900
DATA,-161.213760,-149.396484,-151.974426,0.011912,-0.639201,0.768459,0.027390,0.258141,-0.053416,-0.394837,-0.880122
DATA,-160.968552,-151.115097,-154.258316,0.013987,-0.639255,0.768415,0.026366,0.252029,-0.053534,-0.364853,-0.894706
DATA,-160.697678,-149.896240,-154.353867,0.011008,-0.639275,0.768502,0.024736,0.245246,-0.055667,-0.329093,-0.910195
DATA,-155.558517,-150.506134,-157.879608,0.011426,-0.639219,0.768450,0.027452,0.236896,-0.062372,-0.294766,-0.923636
DATA,-149.880081,-146.502289,-157.489853,0.011799,-0.639203,0.768424,0.028372,0.225287,-0.072981,-0.259254,-0.936326
DATA,-145.032928,-145.034180,-157.074799,0.010131,-0.639261,0.768499,0.025527,0.209930,-0.084558,-0.218885,-0.949141
DATA,-139.600769,-133.559448,-157.879272,0.011676,-0.639184,0.768428,0.028748,0.191374,-0.095584,-0.171469,-0.961685
DATA,-137.089966,-27.577848,-159.192093,0.010443,-0.639207,0.768498,0.026753,0.167126,-0.106994,-0.115448,-0.973290
DATA,-145.431686,136.232620,-160.777161,0.012770,-0.639186,0.768420,0.028451,0.143107,-0.121921,-0.055101,-0.980622
DATA,-153.931488,156.460144,-161.580704,0.011735,-0.639184,0.768448,0.028189,0.119084,-0.136736,0.004211,-0.983415
DATA,-156.838501,158.790329,-159.946075,0.010751,-0.639191,0.768485,0.027397,0.098496,-0.149224,0.052452,-0.982486
DATA,-155.047379,157.746338,-157.550140,0.013497,-0.639250,0.768406,0.027019,0.084875,-0.159683,0.088891,-0.979488
DATA,-154.609924,156.447235,-158.543900,0.015076,-0.639259,0.768358,0.027312,0.077848,-0.164774,0.118083,-0.976138
DATA,-151.875336,159.909271,-161.623398,0.010078,-0.639197,0.768485,0.027494,0.074607,-0.161421,0.146308,-0.973124
DATA,-155.399399,158.270325,-160.141815,0.012582,-0.639293,0.768450,0.025096,0.056477,-0.164380,0.249534,-0.952640
DATA,-154.308304,157.440369,-159.653549,0.011470,-0.639144,0.768436,0.029465,0.058802,-0.164959,0.249604,-0.952380
DATA,-156.768417,157.885239,-160.952179,0.012698,-0.639219,0.768424,0.027610,0.062377,-0.165331,0.246060,-0.953011
DATA,-154.727493,158.717529,-160.394836,0.012891,-0.639270,0.768425,0.026266,0.067245,-0.165648,0.238893,-0.954447
DATA,-153.239029,158.893997,-161.881027,0.010691,-0.639189,0.768464,0.028028,0.074255,-0.164917,0.226972,-0.956960
DATA,-155.355453,159.549164,-161.072495,0.013541,-0.639283,0.768394,0.026530,0.084209,-0.161461,0.211100,-0.960352
DATA,-150.610718,158.245255,-160.682861,0.012032,-0.639193,0.768403,0.029061,0.097392,-0.152893,0.192746,-0.964359
DATA,-147.920242,157.506760,-160.519028,0.014133,-0.639267,0.768392,0.026671,0.111917,-0.144969,0.175167,-0.967355
DATA,-145.057404,158.636642,-161.681198,0.010753,-0.639207,0.768475,0.027299,0.124206,-0.139408,0.159820,-0.969328
DATA,-131.854294,158.351013,-160.397293,0.012694,-0.639264,0.768407,0.027031,0.133258,-0.134267,0.141145,-0.971747
DATA,-121.791069,156.985962,-161.083710,0.013161,-0.639312,0.768429,0.024982,0.140388,-0.131205,0.120238,-0.973971
DATA,-125.486931,155.896835,-160.997681,0.012020,-0.639194,0.768412,0.028819,0.146639,-0.127756,0.094699,-0.976323
DATA,-136.896118,151.058075,-158.492371,0.011848,-0.639226,0.768439,0.027425,0.152100,-0.123529,0.069654,-0.978138
DATA,-142.509399,135.877792,-157.235321,0.010291,-0.639219,0.768465,0.027489,0.159722,-0.116368,0.044655,-0.979262
DATA,-138.089905,74.330368,-158.089417,0.013557,-0.639277,0.768408,0.026281,0.168708,-0.104402,0.026950,-0.979751
DATA,-123.969551,-19.500393,-159.307480,0.011901,-0.639166,0.768412,0.029465,0.176413,-0.093260,0.015914,-0.979759
DATA,-89.230782,-104.812027,-159.030609,0.013230,-0.639214,0.768377,0.028766,0.178924,-0.084476,0.008641,-0.980192
DATA,-39.788876,-130.724335,-160.131668,0.011855,-0.639255,0.768467,0.025901,0.178645,-0.070379,-0.001594,-0.981392
DATA,-4.955315,-141.018936,-158.919754,0.011491,-0.639228,0.768461,0.026903,0.178198,-0.055773,-0.013617,-0.982318
DATA,21.345894,-145.190109,-158.314087,0.011530,-0.639162,0.768420,0.029482,0.178723,-0.046405,-0.032052,-0.982282
DATA,47.228584,-145.715591,-157.790054,0.011342,-0.639243,0.768457,0.026699,0.181453,-0.034227,-0.049558,-0.981554
DATA,84.788536,-148.936676,-157.867523,0.014115,-0.639237,0.768374,0.027898,0.186809,-0.019065,-0.064282,-0.980105
DATA,129.125900,-149.939255,-158.954727,0.010812,-0.639241,0.768464,0.026778,0.193063,-0.003775,-0.070054,-0.978675
DATA,144.806061,-151.477982,-159.488846,0.010167,-0.639200,0.768468,0.027880,0.194449,0.011172,-0.066540,-0.978589
DATA,152.472504,-147.637787,-159.264359,0.012482,-0.639307,0.768436,0.025244,0.190755,0.028551,-0.069818,-0.978735
DATA,155.388901,-145.305923,-157.573761,0.013467,-0.639221,0.768366,0.028777,0.187018,0.046867,-0.073705,-0.978466
DATA,155.818588,-146.599289,-158.584976,0.012523,-0.639300,0.768423,0.025796,0.185212,0.066381,-0.080653,-0.977131
DATA,156.831543,-149.803253,-156.818176,0.012928,-0.639280,0.768413,0.026391,0.188181,0.087327,-0.085546,-0.974497
DATA,161.021378,-148.037216,-157.849014,0.010104,-0.639172,0.768469,0.028502,0.193613,0.109721,-0.085468,-0.971170
DATA,160.068527,-149.242020,-159.064804,0.013430,-0.639272,0.768408,0.026466,0.195740,0.131785,-0.079311,-0.968519
DATA,158.849838,-148.183426,-157.367325,0.010941,-0.639189,0.768429,0.028900,0.194100,0.149508,-0.079605,-0.966248
DATA,161.556656,-146.173874,-158.403427,0.012013,-0.639266,0.768443,0.026268,0.190927,0.165893,-0.081477,-0.964048
DATA,161.638626,-146.832626,-157.414841,0.013204,-0.639281,0.768390,0.026894,0.187663,0.185308,-0.086549,-0.960704
DATA,160.185776,-146.403214,-155.725647,0.013897,-0.639397,0.768401,0.023200,0.188461,0.212028,-0.089596,-0.954725
DATA,161.150253,-147.238144,-156.724442,0.012267,-0.639261,0.768386,0.027891,0.189882,0.235373,-0.085488,-0.949335
DATA,162.494354,-146.305145,-153.274048,0.012142,-0.639275,0.768385,0.027653,0.189843,0.254121,-0.081468,-0.944852
DATA,161.500198,-149.134537,-154.096664,0.011408,-0.639318,0.768415,0.026115,0.188538,0.270326,-0.079870,-0.940743
DATA,160.224716,-149.084793,-154.921967,0.012725,-0.639282,0.768354,0.028082,0.187627,0.285022,-0.082170,-0.936380
DATA,161.983932,-149.070480,-151.800217,0.011978,-0.639313,0.768383,0.026890,0.187066,0.303175,-0.083887,-0.930620
DATA,162.259109,-150.755997,-151.517746,0.011603,-0.639275,0.768362,0.028518,0.188185,0.323004,-0.084760,-0.923618
DATA,161.447083,-151.154663,-145.858780,0.012289,-0.639250,0.768324,0.029774,0.191093,0.337372,-0.085041,-0.917841
DATA,162.929138,-151.337051,-130.250610,0.013846,-0.639311,0.768313,0.028009,0.193089,0.347986,-0.085653,-0.913393
DATA,161.604813,-151.576035,-109.890930,0.013276,-0.639296,0.768320,0.028434,0.194200,0.353255,-0.089531,-0.910759
DATA,161.716934,-151.938583,-89.795692,0.010833,-0.639268,0.768400,0.027945,0.191545,0.358765,-0.090966,-0.909023
DATA,161.472275,-151.554153,-62.013973,0.012358,-0.639403,0.768407,0.023703,0.189232,0.367368,-0.091934,-0.905970
DATA,161.336243,-151.957550,-33.588882,0.013885,-0.639302,0.768311,0.028264,0.187905,0.374163,-0.090835,-0.903572
DATA,162.489944,-151.077957,-16.075354,0.010950,-0.639303,0.768415,0.026650,0.186393,0.379469,-0.091152,-0.901638
DATA,161.937622,-151.982803,-9.128338,0.011755,-0.639312,0.768393,0.026707,0.185683,0.385892,-0.091926,-0.898977
DATA,161.585083,-151.781219,-5.733883,0.012619,-0.639260,0.768322,0.029485,0.186429,0.392579,-0.090864,-0.896030
DATA,161.024353,-153.000839,10.973812,0.012502,-0.639393,0.768356,0.025463,0.188935,0.392228,-0.091980,-0.895545
DATA,161.460114,-150.856445,19.356636,0.012797,-0.639361,0.768344,0.026471,0.190960,0.396579,-0.092771,-0.893114
DATA,161.066666,-152.156876,25.576780,0.012292,-0.639309,0.768332,0.028254,0.193097,0.401499,-0.093892,-0.890335
DATA,161.429291,-152.595154,23.817776,0.009687,-0.639340,0.768434,0.025672,0.195364,0.404867,-0.094819,-0.888215
DATA,161.333206,-150.411774,17.906008,0.012434,-0.639300,0.768329,0.028507,0.197608,0.405837,-0.096916,-0.887048
DATA,160.624603,-150.040512,5.469352,0.011429,-0.639270,0.768360,0.028747,0.199678,0.405018,-0.099191,-0.886707
DATA,162.127533,-151.630646,-23.056938,0.012121,-0.639274,0.768324,0.029326,0.202840,0.401170,-0.101397,-0.887489
DATA,162.548538,-151.490814,-67.143448,0.014356,-0.639392,0.768284,0.026675,0.207463,0.394494,-0.102375,-0.889299
DATA,161.986298,-151.692291,-137.047165,0.012359,-0.639419,0.768348,0.025137,0.210950,0.379585,-0.099011,-0.895328
DATA,161.502396,-151.534637,-151.217072,0.011759,-0.639335,0.768339,0.027709,0.205668,0.354321,-0.088023,-0.907970
DATA,160.343399,-152.999908,-152.465469,0.009800,-0.639299,0.768374,0.028329,0.191873,0.326545,-0.077394,-0.922260
DATA,161.951599,-147.130875,-153.666168,0.008833,-0.639321,0.768426,0.026680,0.178309,0.302600,-0.070990,-0.933595
DATA,161.720078,-149.144241,-155.353073,0.012682,-0.639344,0.768322,0.027575,0.170510,0.281879,-0.067403,-0.941768
DATA,159.548889,-144.652618,-154.908890,0.011264,-0.639340,0.768362,0.027171,0.168913,0.262807,-0.066416,-0.947623
DATA,162.107559,-149.130554,-155.579895,0.012674,-0.639310,0.768303,0.028866,0.172143,0.243544,-0.066467,-0.952174
DATA,159.697189,-146.849792,-158.655624,0.009240,-0.639331,0.768425,0.026339,0.179173,0.223648,-0.066575,-0.955744
DATA,162.921112,-145.891907,-157.593552,0.011075,-0.639317,0.768326,0.028742,0.185725,0.195887,-0.062474,-0.960849
DATA,163.028366,-148.152496,-158.738129,0.012092,-0.639403,0.768341,0.025881,0.187504,0.164652,-0.061166,-0.966432
DATA,160.643570,-148.928955,-158.242065,0.012439,-0.639340,0.768311,0.028078,0.182056,0.134761,-0.056653,-0.972361
DATA,158.998444,-149.631241,-159.557388,0.012553,-0.639393,0.768306,0.026921,0.169795,0.110415,-0.051338,-0.977928
DATA,158.726624,-150.394623,-157.423584,0.011077,-0.639335,0.768343,0.027879,0.154367,0.087535,-0.045366,-0.983082
DATA,155.234634,-147.484192,-157.205261,0.013510,-0.639371,0.768282,0.027647,0.138921,0.066099,-0.041476,-0.987224
DATA,155.852478,-147.170242,-159.771820,0.011480,-0.639315,0.768335,0.028389,0.127940,0.042601,-0.040862,-0.990024
DATA,152.252945,-148.869583,-158.542175,0.011342,-0.639380,0.768346,0.026622,0.119996,0.014943,-0.039567,-0.991873
DATA,146.907822,-148.477768,-158.984909,0.010877,-0.639324,0.768320,0.028836,0.112490,-0.012906,-0.038595,-0.992819
DATA,106.420692,-147.334198,-158.501221,0.010987,-0.639384,0.768337,0.026952,0.104311,-0.039768,-0.038896,-0.992988
DATA,26.729794,-142.731216,-159.082581,0.012920,-0.639415,0.768300,0.026390,0.096185,-0.063394,-0.036582,-0.992669
DATA,-51.391300,-141.790771,-158.132660,0.013444,-0.639323,0.768228,0.030165,0.090532,-0.087417,-0.039382,-0.991268
DATA,-129.440292,-134.599197,-158.934937,0.012617,-0.639403,0.768299,0.026845,0.088973,-0.111724,-0.043170,-0.988806
DATA,-159.488083,-138.459198,-159.665695,0.010777,-0.639362,0.768345,0.027323,0.090071,-0.136366,-0.047667,-0.985403
DATA,-164.031906,-138.289734,-159.634827,0.013723,-0.639385,0.768256,0.027950,0.090475,-0.160414,-0.051406,-0.981549
DATA,-164.631592,-132.801971,-159.481094,0.010111,-0.639357,0.768379,0.026723,0.088181,-0.183657,-0.055601,-0.977447
DATA,-167.284821,-134.076523,-160.049530,0.013819,-0.639383,0.768259,0.027855,0.085762,-0.209469,-0.062417,-0.972045
DATA,-168.071686,-127.555832,-158.984344,0.011591,-0.639398,0.768345,0.026113,0.081956,-0.239218,-0.069207,-0.965023
DATA,-167.975937,-123.596771,-156.870987,0.012841,-0.639364,0.768270,0.028465,0.075866,-0.269957,-0.075212,-0.956928
DATA,-167.827301,-114.091209,-152.931778,0.013123,-0.639463,0.768293,0.025313,0.068457,-0.299447,-0.076162,-0.948601
DATA,-169.612259,-107.630768,-149.637695,0.014699,-0.639401,0.768216,0.028173,0.061515,-0.325776,-0.075470,-0.940420
DATA,-169.400452,-113.170563,-143.704208,0.012740,-0.639490,0.768329,0.023662,0.056035,-0.349526,-0.080037,-0.931818
DATA,-169.445587,-114.895126,-137.000488,0.011799,-0.639376,0.768309,0.027571,0.056208,-0.372733,-0.081467,-0.922645
DATA,-169.625778,-114.794144,-114.318260,0.011605,-0.639382,0.768313,0.027410,0.057590,-0.393557,-0.087179,-0.913343
DATA,-169.740234,-125.788696,-56.735596,0.014375,-0.639458,0.768231,0.026626,0.058943,-0.411895,-0.093848,-0.904467
DATA,-169.896973,-132.377106,-5.028321,0.010846,-0.639422,0.768319,0.026616,0.060175,-0.428075,-0.100907,-0.896074
DATA,-169.666443,-139.740234,28.765676,0.011628,-0.639391,0.768260,0.028643,0.060045,-0.443341,-0.106706,-0.887951
DATA,-169.560593,-142.473358,58.853268,0.011270,-0.639468,0.768283,0.026359,0.058798,-0.457987,-0.110038,-0.880161
DATA,-169.955338,-142.221939,83.803436,0.012145,-0.639406,0.768184,0.030100,0.056774,-0.471631,-0.111347,-0.872894
DATA,-169.461609,-144.571869,108.782471,0.011578,-0.639506,0.768253,0.026202,0.054337,-0.483725,-0.113253,-0.866159
DATA,-169.600372,-143.918625,128.544830,0.010602,-0.639424,0.768242,0.028798,0.052961,-0.494528,-0.115943,-0.859764
DATA,-169.685638,-147.521225,136.140472,0.013904,-0.639496,0.768163,0.027890,0.051607,-0.503020,-0.119330,-0.854440
DATA,-169.556946,-147.892410,144.094193,0.010273,-0.639393,0.768226,0.030002,0.050151,-0.509074,-0.123531,-0.850335
DATA,-169.762817,-148.747574,143.571198,0.010358,-0.639484,0.768291,0.026129,0.049159,-0.513556,-0.128075,-0.847019
DATA,-169.637558,-147.072739,141.570572,0.012529,-0.639435,0.768197,0.028980,0.050469,-0.515476,-0.133486,-0.844937
DATA,-169.102509,-146.771652,136.733276,0.012660,-0.639510,0.768218,0.026613,0.053912,-0.515357,-0.138230,-0.844034
DATA,-170.003143,-145.674438,124.934830,0.012180,-0.639419,0.768189,0.029680,0.057723,-0.513838,-0.141830,-0.844111
DATA,-169.620850,-145.062164,114.394379,0.012290,-0.639559,0.768230,0.025213,0.060194,-0.512158,-0.145368,-0.844357
DATA,-169.703964,-141.734589,96.208687,0.011937,-0.639423,0.768209,0.029173,0.061027,-0.510863,-0.148696,-0.844503
DATA,-169.138260,-142.921341,82.213905,0.013947,-0.639547,0.768203,0.025460,0.062635,-0.508909,-0.152760,-0.844839
DATA,-169.266541,-143.255035,64.782509,0.012532,-0.639436,0.768202,0.028822,0.066311,-0.505885,-0.157611,-0.845483
DATA,-170.001266,-139.649841,50.155239,0.009631,-0.639441,0.768287,0.027523,0.074197,-0.501411,-0.159866,-0.847069
DATA,-169.489700,-142.513245,24.697428,0.012983,-0.639471,0.768184,0.028321,0.082983,-0.490228,-0.160235,-0.852710
DATA,-168.976151,-142.709229,3.934626,0.011665,-0.639524,0.768273,0.025109,0.091520,-0.480708,-0.163385,-0.856650
DATA,-169.703247,-140.774185,-20.593447,0.014001,-0.639513,0.768196,0.026492,0.095283,-0.469123,-0.173131,-0.860738
DATA,-169.146072,-141.393768,-55.849564,0.012932,-0.639499,0.768235,0.026238,0.098999,-0.456111,-0.181200,-0.865638
DATA,-168.913330,-141.318237,-90.723373,0.014337,-0.639462,0.768157,0.028599,0.101437,-0.440688,-0.190066,-0.871424
DATA,-168.423828,-140.164154,-122.233566,0.010834,-0.639373,0.768252,0.029559,0.102434,-0.425065,-0.199601,-0.876919
DATA,-168.866714,-140.873825,-142.008530,0.012150,-0.639478,0.768267,0.026195,0.101881,-0.414483,-0.205783,-0.880612
DATA,-169.170807,-143.635956,-149.565842,0.013053,-0.639449,0.768230,0.027514,0.100184,-0.402879,-0.213677,-0.884304
DATA,-167.613327,-145.201370,-151.243454,0.011631,-0.639435,0.768270,0.027346,0.100095,-0.386305,-0.222038,-0.889634
DATA,-167.865082,-146.216492,-154.137009,0.011936,-0.639431,0.768258,0.027668,0.103632,-0.363385,-0.221837,-0.898888
DATA,-166.881332,-150.929596,-156.545578,0.013456,-0.639480,0.768235,0.026450,0.106672,-0.339076,-0.217537,-0.909025
DATA,-164.194351,-153.184540,-155.461441,0.013246,-0.639491,0.768247,0.025913,0.109697,-0.311901,-0.212834,-0.919449
DATA,-165.581268,-152.822372,-158.129623,0.010314,-0.639462,0.768331,0.025495,0.113209,-0.284160,-0.204864,-0.929767
DATA,-161.537964,-149.432541,-159.458832,0.012928,-0.639432,0.768215,0.028381,0.112372,-0.250727,-0.197326,-0.941048
DATA,-133.982697,-149.358978,-158.899033,0.011681,-0.639400,0.768230,0.029214,0.108129,-0.218939,-0.191854,-0.950561
DATA,-38.281124,-152.913116,-158.037537,0.011087,-0.639421,0.768293,0.027290,0.104136,-0.185021,-0.190386,-0.958476
DATA,54.219849,-151.716217,-157.300278,0.014598,-0.639418,0.768193,0.028490,0.104055,-0.149331,-0.185273,-0.965685
DATA,132.009933,-149.371445,-157.550919,0.010156,-0.639339,0.768308,0.029071,0.107469,-0.115200,-0.180023,-0.970964
DATA,146.958740,-149.799240,-157.942474,0.012965,-0.639461,0.768275,0.025979,0.113567,-0.082245,-0.172122,-0.975045
DATA,152.650833,-143.743637,-157.079468,0.012841,-0.639477,0.768271,0.025759,0.120044,-0.052950,-0.166713,-0.977237
DATA,154.286346,-146.427673,-157.344528,0.008653,-0.639320,0.768333,0.029326,0.125007,-0.025954,-0.158555,-0.979061
DATA,158.587601,-144.361801,-156.400635,0.011806,-0.639435,0.768266,0.027384,0.124363,0.002333,-0.151916,-0.980536
DATA,158.782257,-145.739777,-156.612534,0.009284,-0.639417,0.768341,0.026691,0.119502,0.031930,-0.145560,-0.981587
DATA,160.484390,-146.787720,-155.701248,0.013153,-0.639471,0.768260,0.026089,0.112617,0.060765,-0.139073,-0.981979
DATA,162.466782,-148.024384,-156.148331,0.011934,-0.639481,0.768304,0.025104,0.107269,0.087914,-0.132315,-0.981457
DATA,162.721863,-147.599945,-154.742584,0.011555,-0.639442,0.768287,0.026759,0.104016,0.115067,-0.123696,-0.980122
DATA,163.540466,-148.792725,-155.156799,0.009440,-0.639393,0.768331,0.027474,0.103842,0.138693,-0.111837,-0.978506
DATA,163.457138,-149.542618,-155.516373,0.012569,-0.639480,0.768251,0.026417,0.107637,0.161416,-0.102041,-0.975678
DATA,161.329269,-150.453156,-153.487213,0.013388,-0.639491,0.768224,0.026523,0.114646,0.182261,-0.095903,-0.971823
DATA,163.209518,-145.795914,-154.898163,0.010145,-0.639346,0.768268,0.029991,0.120522,0.201589,-0.095928,-0.967282
DATA,163.482498,-149.912567,-154.007950,0.012921,-0.639480,0.768223,0.027060,0.124639,0.220770,-0.094219,-0.962730
DATA,164.304214,-148.091354,-150.426834,0.013607,-0.639452,0.768193,0.028187,0.126966,0.235634,-0.084717,-0.959781
DATA,164.374710,-150.271301,-152.710617,0.012398,-0.639471,0.768253,0.026644,0.126698,0.246984,-0.074339,-0.957821
DATA,163.706604,-150.415878,-151.947815,0.010880,-0.639472,0.768287,0.026305,0.128865,0.261186,-0.069449,-0.954124
DATA,162.200180,-151.293335,-151.224304,0.014191,-0.639491,0.768188,0.027140,0.136074,0.277712,-0.068145,-0.948534
DATA,163.682663,-152.207138,-148.095856,0.010630,-0.639496,0.768279,0.026057,0.144304,0.295912,-0.062597,-0.942175
DATA,162.866150,-151.639816,-135.881729,0.012716,-0.639463,0.768178,0.028765,0.148875,0.310143,-0.053473,-0.937437
DATA,163.654999,-151.828003,-123.490631,0.010616,-0.639391,0.768214,0.030232,0.151623,0.321660,-0.045109,-0.933547
DATA,162.835037,-152.235855,-109.211098,0.013704,-0.639541,0.768176,0.026545,0.155026,0.331628,-0.041531,-0.929659
DATA,163.155533,-151.175201,-41.072399,0.012647,-0.639531,0.768240,0.025449,0.169095,0.360721,-0.031923,-0.916662
DATA,163.244797,-152.870407,-32.165195,0.012875,-0.639464,0.768199,0.028127,0.173565,0.369658,-0.027286,-0.912405
DATA,163.487381,-152.743469,-8.930873,0.012038,-0.639512,0.768233,0.026405,0.177650,0.379459,-0.021839,-0.907730
DATA,162.833954,-151.990799,17.074009,0.012944,-0.639496,0.768191,0.027586,0.180723,0.389294,-0.018224,-0.903027
DATA,163.497330,-151.807800,35.874851,0.012935,-0.639522,0.768202,0.026642,0.183584,0.397780,-0.014637,-0.898807
DATA,162.739014,-152.268112,36.570320,0.011798,-0.639489,0.768225,0.027313,0.185697,0.403234,-0.008740,-0.896015
DATA,163.127396,-151.360489,42.129021,0.011068,-0.639503,0.768245,0.026718,0.186421,0.407930,-0.003737,-0.893771
DATA,162.356506,-152.364075,51.896847,0.011698,-0.639465,0.768221,0.028006,0.186135,0.412844,0.000420,-0.891579
DATA,162.585739,-151.856537,41.377060,0.010276,-0.639461,0.768267,0.027380,0.184545,0.416896,0.005778,-0.890004
DATA,162.455475,-152.080704,41.552902,0.012960,-0.639482,0.768193,0.027833,0.182519,0.421220,0.009563,-0.888352
DATA,162.654404,-152.807877,42.132862,0.011642,-0.639495,0.768242,0.026733,0.181378,0.425662,0.011162,-0.886448
DATA,162.511566,-152.084183,36.333469,0.015710,-0.639569,0.768136,0.025910,0.180263,0.428143,0.013917,-0.885441
DATA,162.835052,-152.543991,36.878292,0.011357,-0.639443,0.768230,0.028394,0.180445,0.431062,0.015134,-0.883966
DATA,162.722580,-153.863419,34.743935,0.013304,-0.639545,0.768211,0.025637,0.182296,0.434453,0.015910,-0.881910
DATA,162.051880,-151.908173,36.410297,0.011866,-0.639459,0.768219,0.028130,0.183718,0.436337,0.017440,-0.880655
DATA,162.633850,-152.759155,35.558300,0.012292,-0.639512,0.768218,0.026728,0.182725,0.437995,0.020890,-0.879963
DATA,162.741135,-153.142822,24.889732,0.013561,-0.639486,0.768153,0.028529,0.181291,0.440560,0.023460,-0.878914
DATA,161.927658,-152.814789,22.961248,0.010858,-0.639508,0.768265,0.026111,0.181646,0.444148,0.023862,-0.877022
DATA,161.495407,-152.866898,8.670230,0.014025,-0.639492,0.768153,0.028200,0.181231,0.445071,0.026488,-0.876564
DATA,161.999435,-153.150711,-8.969528,0.010894,-0.639458,0.768248,0.027735,0.181104,0.443312,0.028288,-0.877426
DATA,162.649551,-152.965271,-40.982647,0.012585,-0.639511,0.768202,0.027074,0.180212,0.438732,0.027803,-0.879923
DATA,163.501709,-152.207443,-85.147224,0.012649,-0.639451,0.768181,0.028990,0.179527,0.429740,0.024840,-0.884577
DATA,162.803497,-151.402206,-132.996765,0.011774,-0.639559,0.768245,0.024997,0.176790,0.416250,0.024666,-0.891557
DATA,163.001358,-148.251297,-153.890350,0.012615,-0.639605,0.768181,0.025375,0.167387,0.355689,0.026930,-0.919098
DATA,163.942841,-148.800110,-152.104599,0.012031,-0.639515,0.768164,0.028284,0.172193,0.339558,0.022693,-0.924410
DATA,164.016830,-146.893677,-157.264755,0.012946,-0.639498,0.768145,0.028762,0.172628,0.316026,0.021314,-0.932670
DATA,162.476913,-148.979095,-156.504379,0.012986,-0.639532,0.768170,0.027290,0.169162,0.283994,0.017871,-0.943617
DATA,162.642761,-148.004257,-157.115143,0.012235,-0.639532,0.768206,0.026631,0.162630,0.248569,0.013054,-0.954774
DATA,161.631500,-148.370178,-155.974945,0.012263,-0.639523,0.768217,0.026522,0.152023,0.212414,0.010919,-0.965220
DATA,162.498520,-145.576035,-158.100616,0.014426,-0.639607,0.768164,0.024863,0.142814,0.178019,0.004502,-0.973598
DATA,162.487289,-148.370392,-158.049072,0.012002,-0.639467,0.768178,0.028987,0.133532,0.146551,0.000726,-0.980149
DATA,162.371201,-146.138367,-157.728394,0.011316,-0.639480,0.768214,0.028004,0.126109,0.118306,-0.005734,-0.984920
DATA,161.001862,-144.508316,-159.149689,0.013589,-0.639515,0.768143,0.028157,0.120283,0.086465,-0.012371,-0.988890
DATA,159.851227,-143.361542,-161.620682,0.011001,-0.639507,0.768224,0.027254,0.116370,0.053321,-0.018697,-0.991597
DATA,153.982742,-146.690247,-159.554611,0.012075,-0.639514,0.768190,0.027567,0.111968,0.018107,-0.022569,-0.993291
DATA,147.534760,-149.746231,-160.463120,0.013541,-0.639557,0.768172,0.026363,0.108288,-0.019164,-0.029817,-0.993487
DATA,85.177078,-148.441284,-160.126068,0.012301,-0.639448,0.768164,0.029639,0.104494,-0.056368,-0.033050,-0.992377
DATA,-23.494667,-144.162247,-160.445419,0.009770,-0.639448,0.768253,0.028235,0.100015,-0.090240,-0.035374,-0.990254
DATA,-120.173767,-144.230209,-159.540985,0.012725,-0.639571,0.768207,0.025395,0.095286,-0.120961,-0.040301,-0.987251
DATA,-160.626144,-145.059280,-160.531769,0.010740,-0.639474,0.768219,0.028230,0.091327,-0.150698,-0.047478,-0.983207
DATA,-164.585175,-145.337112,-160.999222,0.012768,-0.639553,0.768185,0.026451,0.089795,-0.179072,-0.058805,-0.977963
DATA,-164.916458,-143.233521,-159.022263,0.012942,-0.639535,0.768173,0.027185,0.088439,-0.206180,-0.070125,-0.971983
DATA,-167.112869,-143.837494,-159.393234,0.008882,-0.639412,0.768251,0.029399,0.086187,-0.233155,-0.074599,-0.965736
DATA,-167.562119,-148.326920,-159.320435,0.013350,-0.639551,0.768171,0.026639,0.081829,-0.256393,-0.074194,-0.960240
DATA,-168.095490,-140.420273,-158.438492,0.009220,-0.639469,0.768255,0.027907,0.075820,-0.281465,-0.073265,-0.953761
DATA,-169.808151,-142.679077,-158.144470,0.012772,-0.639562,0.768197,0.025883,0.073491,-0.304675,-0.074464,-0.946693
DATA,-170.065460,-127.247536,-151.738495,0.015023,-0.639553,0.768144,0.026470,0.079375,-0.363543,-0.097045,-0.923103
DATA,-169.513123,-133.396088,-147.359543,0.011372,-0.639452,0.768241,0.027895,0.080947,-0.381256,-0.103696,-0.915062
DATA,-170.098145,-132.013672,-143.242340,0.013779,-0.639484,0.768169,0.028046,0.080300,-0.397902,-0.107859,-0.907520
DATA,-169.808029,-135.873703,-122.151917,0.010727,-0.639502,0.768308,0.025017,0.079793,-0.414691,-0.111101,-0.899623
DATA,-170.448639,-132.070801,-79.845665,0.013071,-0.639443,0.768193,0.028661,0.079228,-0.431981,-0.115646,-0.890922
DATA,-170.558884,-133.046646,-23.063690,0.012849,-0.639463,0.768204,0.028016,0.080494,-0.453590,-0.119110,-0.879539
DATA,-170.273483,-138.299973,39.168545,0.013325,-0.639577,0.768226,0.024332,0.081217,-0.477207,-0.120356,-0.866713
DATA,-170.423935,-139.400635,94.555992,0.013014,-0.639504,0.768202,0.027023,0.079274,-0.497361,-0.123774,-0.855001
DATA,-170.081360,-141.780304,126.819687,0.013291,-0.639525,0.768213,0.026072,0.075252,-0.512534,-0.128457,-0.845662
DATA,-170.568375,-147.930573,141.009949,0.010824,-0.639443,0.768277,0.027328,0.071245,-0.524537,-0.132228,-0.838034
DATA,-170.409775,-148.174118,145.297073,0.013763,-0.639481,0.768196,0.027359,0.067359,-0.535191,-0.135839,-0.831012
DATA,-169.440674,-150.129807,148.445999,0.014119,-0.639514,0.768202,0.026230,0.064814,-0.545189,-0.139969,-0.824001
DATA,-170.231827,-151.023819,148.986130,0.012064,-0.639506,0.768269,0.025463,0.063992,-0.553329,-0.146411,-0.817493
DATA,-170.205307,-152.658524,150.860077,0.010390,-0.639423,0.768294,0.027452,0.064092,-0.560485,-0.154928,-0.811016
DATA,-169.712067,-150.904922,153.527603,0.013071,-0.639444,0.768220,0.027888,0.065219,-0.569615,-0.164177,-0.802703
DATA,-169.977234,-151.009430,154.832504,0.013680,-0.639476,0.768183,0.027902,0.064084,-0.580182,-0.172766,-0.793369
DATA,-169.674515,-154.379028,153.868393,0.010835,-0.639508,0.768265,0.026110,0.062581,-0.591075,-0.179218,-0.783961
DATA,-170.399231,-154.046188,154.091797,0.012652,-0.639591,0.768211,0.024796,0.061099,-0.601221,-0.184092,-0.775184
DATA,-170.478668,-151.674255,155.777100,0.013856,-0.639453,0.768143,0.029400,0.058727,-0.610108,-0.185773,-0.767989
DATA,-170.407883,-153.054581,155.155884,0.010967,-0.639450,0.768236,0.028228,0.055165,-0.617545,-0.186684,-0.762066
DATA,-169.904938,-153.824844,154.510803,0.012521,-0.639537,0.768233,0.025560,0.051657,-0.624058,-0.187386,-0.756815
DATA,-170.313995,-151.633469,157.077652,0.011144,-0.639477,0.768245,0.027296,0.047663,-0.628768,-0.189060,-0.752752
DATA,-170.206009,-151.609741,155.837494,0.012023,-0.639479,0.768222,0.027525,0.044915,-0.631220,-0.192386,-0.750022
DATA,-169.278305,-153.963013,154.630692,0.013417,-0.639502,0.768175,0.027638,0.045121,-0.631768,-0.197202,-0.748294
DATA,-169.863876,-152.743149,155.255356,0.009534,-0.639396,0.768260,0.029318,0.046548,-0.630422,-0.201746,-0.748131
DATA,-170.678467,-152.666214,155.429413,0.013263,-0.639488,0.768188,0.027668,0.046043,-0.627733,-0.205547,-0.749387
DATA,-169.238251,-153.700806,151.462051,0.011993,-0.639450,0.768238,0.027747,0.044622,-0.624038,-0.208289,-0.751798
DATA,-169.802719,-153.606583,150.841110,0.009769,-0.639434,0.768288,0.027624,0.046041,-0.618976,-0.211499,-0.754995
DATA,-169.327774,-154.420013,149.214371,0.009618,-0.639402,0.768296,0.028180,0.046026,-0.607919,-0.215842,-0.762711
DATA,-169.538651,-154.719711,147.706253,0.013873,-0.639423,0.768168,0.029404,0.045573,-0.603885,-0.222162,-0.764127
DATA,-169.696136,-153.777283,147.748230,0.011622,-0.639526,0.768293,0.024421,0.045257,-0.596355,-0.227234,-0.768555
DATA,-169.812546,-154.427612,136.906647,0.013238,-0.639451,0.768204,0.028111,0.044662,-0.585451,-0.229455,-0.776275
DATA,-169.464355,-153.000763,88.197395,0.010952,-0.639493,0.768304,0.025236,0.046056,-0.570820,-0.230635,-0.786671
DATA,-169.417542,-150.570953,28.660435,0.012093,-0.639443,0.768226,0.028195,0.051168,-0.551759,-0.232898,-0.799189
DATA,-169.641647,-148.538162,-19.184372,0.012518,-0.639514,0.768246,0.025767,0.063959,-0.527689,-0.231788,-0.814695
DATA,-169.171326,-146.560699,-60.727470,0.012764,-0.639426,0.768201,0.028961,0.074339,-0.506233,-0.228911,-0.828131
DATA,-169.911804,-145.731201,-103.315414,0.012950,-0.639535,0.768250,0.024875,0.081730,-0.492145,-0.228717,-0.835944
DATA,-168.309082,-144.765259,-136.974365,0.011966,-0.639388,0.768226,0.029467,0.084954,-0.473928,-0.221201,-0.848083
DATA,-166.855469,-142.970001,-145.883118,0.012545,-0.639475,0.768226,0.027259,0.085292,-0.456297,-0.211733,-0.860051
DATA,-167.473145,-142.806152,-151.901505,0.012001,-0.639422,0.768191,0.029643,0.081628,-0.436376,-0.205728,-0.872117
DATA,-165.876724,-147.398056,-155.042358,0.014105,-0.639499,0.768153,0.028002,0.080813,-0.415631,-0.198870,-0.883839
DATA,-164.994247,-148.386459,-156.782303,0.011472,-0.639446,0.768227,0.028349,0.077699,-0.393502,-0.200919,-0.893728
DATA,-162.506210,-152.450974,-157.564240,0.011885,-0.639491,0.768246,0.026614,0.078001,-0.363459,-0.202716,-0.905936
DATA,-161.071320,-152.026993,-156.608383,0.010437,-0.639454,0.768270,0.027399,0.080811,-0.330228,-0.200143,-0.918892
DATA,-152.708557,-151.298050,-156.912979,0.012353,-0.639470,0.768203,0.028102,0.083106,-0.298401,-0.194038,-0.930806
DATA,-93.201637,-151.012634,-157.696457,0.012744,-0.639509,0.768209,0.026857,0.083665,-0.267707,-0.194237,-0.940003
DATA,-16.617640,-151.056137,-158.107971,0.012691,-0.639515,0.768218,0.026458,0.085747,-0.241926,-0.198563,-0.945881
DATA,53.385185,-150.163086,-158.671875,0.011751,-0.639388,0.768208,0.030031,0.090742,-0.213068,-0.198622,-0.952322
DATA,119.597664,-152.535629,-158.653488,0.011914,-0.639512,0.768248,0.026049,0.097141,-0.185016,-0.195050,-0.958274
DATA,144.441589,-151.915421,-159.372299,0.011606,-0.639490,0.768249,0.026659,0.101513,-0.159915,-0.193565,-0.962629
DATA,151.874863,-149.082138,-159.075134,0.015297,-0.639551,0.768151,0.026157,0.104518,-0.133452,-0.189002,-0.967236
DATA,155.677567,-149.352127,-158.763901,0.010344,-0.639550,0.768290,0.024498,0.105803,-0.104326,-0.181149,-0.972166
DATA,155.958420,-148.209915,-158.342682,0.012946,-0.639527,0.768204,0.026454,0.105027,-0.079525,-0.180051,-0.974796
DATA,158.254608,-144.860687,-157.169342,0.012442,-0.639440,0.768174,0.029481,0.106515,-0.059207,-0.180494,-0.975997
DATA,161.284790,-148.182251,-156.691879,0.012630,-0.639522,0.768207,0.026641,0.106621,-0.036002,-0.173082,-0.978457
DATA,159.877808,-146.800720,-156.639038,0.010609,-0.639528,0.768259,0.025879,0.103880,-0.010262,-0.165546,-0.980662
DATA,160.314346,-144.927490,-156.945419,0.012648,-0.639500,0.768162,0.028418,0.102041,0.017280,-0.157895,-0.982017
DATA,160.952637,-148.733429,-157.547852,0.013674,-0.639585,0.768170,0.025686,0.101653,0.046485,-0.151427,-0.982128
DATA,162.557419,-148.705154,-155.694275,0.009977,-0.639476,0.768228,0.028215,0.102942,0.077945,-0.147445,-0.980606
DATA,161.966263,-148.062973,-155.777863,0.011699,-0.639561,0.768212,0.025996,0.102997,0.111062,-0.137894,-0.978796
DATA,162.302292,-149.125824,-156.003006,0.010549,-0.639544,0.768242,0.026019,0.101624,0.142860,-0.129700,-0.975931
DATA,162.128952,-145.767593,-155.608612,0.013891,-0.639504,0.768099,0.029421,0.101970,0.173929,-0.118021,-0.972328
DATA,165.172928,-146.947479,-155.066772,0.012387,-0.639573,0.768170,0.026598,0.106882,0.201901,-0.111718,-0.967125
DATA,163.927216,-150.784714,-153.727905,0.011286,-0.639564,0.768186,0.026866,0.113921,0.225622,-0.107367,-0.961556
DATA,163.107620,-151.696503,-151.297546,0.010829,-0.639556,0.768208,0.026581,0.122958,0.243346,-0.103410,-0.956541
DATA,162.803955,-152.208740,-145.731064,0.010586,-0.639512,0.768203,0.027850,0.129840,0.255858,-0.097430,-0.952988
DATA,162.464813,-151.169067,-141.903961,0.011681,-0.639524,0.768167,0.028141,0.132282,0.266855,-0.091409,-0.950229
DATA,165.264450,-152.830978,-144.847458,0.011156,-0.639656,0.768237,0.022994,0.134088,0.276614,-0.088778,-0.947430
DATA,163.656387,-153.637238,-112.120781,0.013268,-0.639576,0.768133,0.027174,0.138494,0.288549,-0.086505,-0.943438
DATA,162.085007,-152.706711,-53.710876,0.010535,-0.639592,0.768223,0.025397,0.145609,0.304019,-0.084353,-0.937686
DATA,162.400757,-152.008408,6.514319,0.011191,-0.639491,0.768130,0.030044,0.154132,0.321519,-0.080715,-0.930781
DATA,162.897202,-151.698792,44.879063,0.010871,-0.639607,0.768207,0.025330,0.163985,0.334666,-0.075902,-0.924849
DATA,162.949600,-152.224274,71.460991,0.012657,-0.639598,0.768148,0.026510,0.174177,0.343015,-0.072510,-0.920188
DATA,162.177170,-151.742264,95.178452,0.012169,-0.639590,0.768176,0.026107,0.182977,0.351643,-0.072847,-0.915183
DATA,161.521591,-151.697189,115.285286,0.011422,-0.639506,0.768175,0.028420,0.190194,0.360375,-0.073517,-0.910248
DATA,161.975677,-151.263855,127.418106,0.013797,-0.639621,0.768140,0.025601,0.196755,0.368800,-0.074515,-0.905385
DATA,162.469894,-150.198044,136.598953,0.011956,-0.639602,0.768154,0.026579,0.202638,0.376674,-0.077797,-0.900557
DATA,161.946335,-151.619736,140.023010,0.011425,-0.639610,0.768165,0.026294,0.208403,0.385580,-0.083642,-0.894931
DATA,162.737106,-152.535843,146.218994,0.012132,-0.639527,0.768111,0.029382,0.215813,0.401101,-0.094590,-0.885209
DATA,162.101608,-153.248001,145.759933,0.011469,-0.639559,0.768161,0.027601,0.219069,0.404850,-0.098045,-0.882322
DATA,162.111252,-153.985840,145.327972,0.015044,-0.639637,0.768061,0.026845,0.215449,0.403094,-0.099548,-0.883848
DATA,163.076447,-153.987656,147.485992,0.011307,-0.639556,0.768151,0.028010,0.210554,0.392965,-0.114703,-0.887744
DATA,163.612457,-153.002975,147.751297,0.010721,-0.639529,0.768185,0.027918,0.198016,0.381202,-0.133300,-0.893144
DATA,162.233902,-152.549866,147.575760,0.012523,-0.639564,0.768135,0.027726,0.186157,0.358676,-0.161258,-0.900385
DATA,163.450943,-153.573883,149.565750,0.011546,-0.639619,0.768187,0.025352,0.171636,0.333617,-0.193168,-0.906602
DATA,161.512543,-152.485077,137.692139,0.012786,-0.639575,0.768137,0.027296,0.158202,0.295711,-0.223905,-0.915092
DATA,161.746628,-151.015350,120.877411,0.010576,-0.639548,0.768209,0.026868,0.145206,0.268034,-0.241715,-0.921220
DATA,161.055923,-151.530731,131.878189,0.011819,-0.639601,0.768197,0.025370,0.137847,0.272325,-0.245385,-0.920121
DATA,161.551468,-152.301788,139.883682,0.011926,-0.639539,0.768149,0.028201,0.141283,0.291094,-0.245846,-0.913709
DATA,162.197891,-153.909988,145.232101,0.012660,-0.639576,0.768132,0.027499,0.152615,0.308293,-0.247160,-0.905857
DATA,164.349365,-154.444870,147.794159,0.011540,-0.639545,0.768160,0.027928,0.163755,0.313288,-0.250544,-0.901256
DATA,162.562973,-152.100800,149.949326,0.013991,-0.639586,0.768080,0.028039,0.170148,0.307012,-0.254125,-0.901229
DATA,162.432480,-151.285782,145.711044,0.011389,-0.639562,0.768141,0.028088,0.170085,0.301287,-0.256842,-0.902402
DATA,162.560730,-151.756439,145.389877,0.011782,-0.639641,0.768151,0.025773,0.170199,0.301520,-0.265364,-0.899833
DATA,161.336365,-151.731827,147.135620,0.011044,-0.639550,0.768137,0.028630,0.174003,0.300393,-0.275583,-0.896405
DATA,161.960434,-151.909195,148.017166,0.010916,-0.639582,0.768169,0.027046,0.173524,0.292803,-0.276005,-0.898875
DATA,163.013672,-19.931141,3.940173,0.012107,-0.639633,0.768172,0.025215,0.167721,0.282812,-0.274905,-0.903501
DATA,162.506989,-1.995881,-56.068939,0.009494,-0.639583,0.768223,0.026007,0.162565,0.275196,-0.277766,-0.905917
DATA,163.026199,-5.687247,-83.316475,0.014710,-0.639611,0.768061,0.027635,0.161527,0.272680,-0.279137,-0.906442
DATA,162.698303,-42.484184,-80.408150,0.011777,-0.639596,0.768158,0.026691,0.164645,0.274362,-0.278217,-0.905656
DATA,162.422256,0.756494,-119.726288,0.011784,-0.639561,0.768151,0.027702,0.168544,0.276475,-0.277053,-0.904652
DATA,162.243759,-146.753281,20.979147,0.010913,-0.639567,0.768172,0.027333,0.173023,0.280266,-0.276501,-0.902808
DATA,160.938828,-154.690201,70.616196,0.013312,-0.639646,0.768116,0.025945,0.177410,0.285934,-0.274492,-0.900789
DATA,160.251602,-153.334702,68.301720,0.011486,-0.639596,0.768152,0.026964,0.181046,0.287879,-0.270135,-0.900763
DATA,159.874741,-154.518005,24.797947,0.010959,-0.639551,0.768141,0.028514,0.186731,0.287489,-0.266215,-0.900895
DATA,161.156097,-154.077744,2.962645,0.014741,-0.639637,0.768074,0.026636,0.195044,0.285928,-0.262532,-0.900711
DATA,160.401642,-151.705139,-8.750312,0.013089,-0.639576,0.768104,0.028056,0.204610,0.287482,-0.259104,-0.899085
DATA,158.808029,-145.258240,-113.463371,0.010830,-0.639580,0.768181,0.026777,0.216093,0.288797,-0.258764,-0.896070
DATA,160.899536,-148.059341,-39.999950,0.014293,-0.639602,0.768089,0.027302,0.224574,0.290605,-0.257804,-0.893673
DATA,159.137314,-151.076752,-67.401024,0.010432,-0.639533,0.768186,0.027909,0.229439,0.291325,-0.256194,-0.892666
DATA,160.069290,-149.217392,-81.126663,0.014217,-0.639656,0.768121,0.025060,0.232177,0.292724,-0.252951,-0.892425
DATA,159.540894,-127.491928,-136.837708,0.010782,-0.639615,0.768181,0.025968,0.236923,0.293732,-0.252697,-0.890917
DATA,158.892075,-152.664627,-124.287437,0.013596,-0.639647,0.768090,0.026556,0.245882,0.294668,-0.254891,-0.887549
DATA,159.188568,-151.388763,-134.963226,0.011691,-0.639577,0.768100,0.028770,0.257930,0.290682,-0.253214,-0.885923
DATA,157.047821,-147.089508,-142.011292,0.011821,-0.639639,0.768126,0.026558,0.266142,0.277881,-0.245950,-0.889640
DATA,161.542206,-12.033917,-154.493240,0.010834,-0.639565,0.768138,0.028353,0.268580,0.266724,-0.246506,-0.892165
DATA,158.934250,-158.873581,-149.748825,0.012311,-0.639648,0.768135,0.025830,0.270593,0.259161,-0.250439,-0.892690
DATA,156.949493,-147.321075,-152.519791,0.011054,-0.639579,0.768131,0.028120,0.270032,0.252745,-0.248244,-0.895309
DATA,156.253922,-148.975586,-151.403931,0.011965,-0.639596,0.768092,0.028437,0.266281,0.246435,-0.245769,-0.898867
DATA,157.229248,-147.752838,-151.814407,0.012172,-0.639634,0.768104,0.027128,0.263594,0.240142,-0.245469,-0.901441
DATA,157.894302,-148.178406,-152.915512,0.011898,-0.639617,0.768121,0.027188,0.263968,0.234725,-0.245289,-0.902806
DATA,156.698929,-149.353683,-153.831085,0.012414,-0.639617,0.768093,0.027751,0.268731,0.226459,-0.245712,-0.903397
DATA,156.476318,-149.257645,-153.286667,0.014212,-0.639742,0.768094,0.023656,0.271982,0.218997,-0.246433,-0.904067
DATA,156.349121,-148.853210,-154.611191,0.009642,-0.639601,0.768178,0.026837,0.270118,0.216805,-0.245055,-0.905527
DATA,155.836136,-149.317551,-153.635086,0.011913,-0.639624,0.768115,0.027171,0.265164,0.214175,-0.243667,-0.907989
DATA,157.260284,-147.761215,-155.701935,0.012650,-0.639593,0.768086,0.028374,0.259924,0.209504,-0.240341,-0.911473
DATA,157.471893,-146.888947,-154.901627,0.011453,-0.639635,0.768150,0.026099,0.254570,0.203526,-0.234336,-0.915892
DATA,157.819397,-148.583740,-155.372208,0.011384,-0.639596,0.768150,0.027068,0.249914,0.204965,-0.231221,-0.917643
DATA,158.151840,-148.878922,-154.734467,0.011120,-0.639599,0.768144,0.027288,0.247093,0.208595,-0.228106,-0.918369
DATA,160.068100,-149.825150,-155.885345,0.011747,-0.639615,0.768143,0.026669,0.247781,0.210988,-0.226120,-0.918128
DATA,158.272293,-150.051193,-154.174240,0.012634,-0.639555,0.768094,0.028999,0.244336,0.211644,-0.211425,-0.922392
DATA,158.740463,-149.389160,-155.943176,0.012762,-0.639577,0.768084,0.028728,0.235503,0.214412,-0.197244,-0.927179
DATA,159.784119,-147.248520,-155.598114,0.011330,-0.639624,0.768159,0.026159,0.225416,0.220939,-0.188443,-0.929980
DATA,160.515579,-145.912262,-154.910278,0.013523,-0.639679,0.768101,0.025465,0.216516,0.226623,-0.183458,-0.931722
DATA,160.080719,-150.627548,-157.642670,0.010951,-0.639596,0.768151,0.027218,0.208383,0.229520,-0.175282,-0.934438
DATA,162.510880,-149.622223,-155.033142,0.012734,-0.639650,0.768130,0.025727,0.202667,0.230280,-0.171511,-0.936206
DATA,162.696274,-150.344986,-156.649261,0.013199,-0.639554,0.768065,0.029546,0.199019,0.228795,-0.168550,-0.937889
DATA,163.705978,-148.877731,-156.710327,0.009901,-0.639626,0.768192,0.025724,0.197500,0.223178,-0.164729,-0.940239
DATA,162.894287,-148.727066,-156.968063,0.013008,-0.639561,0.768058,0.029644,0.193652,0.217661,-0.157832,-0.943510
DATA,162.845108,-147.352539,-156.702850,0.014237,-0.639682,0.768054,0.026397,0.189850,0.215069,-0.155693,-0.945231
DATA,161.322632,-147.386063,-155.781693,0.013761,-0.639566,0.768008,0.030481,0.184837,0.213182,-0.149572,-0.947638
DATA,162.524582,-147.736710,-157.858063,0.011047,-0.639646,0.768150,0.026024,0.175138,0.213069,-0.142875,-0.950534
DATA,162.681900,-148.981476,-157.214600,0.015156,-0.639688,0.768016,0.026846,0.168944,0.212673,-0.144673,-0.951471
DATA,162.422058,-147.350998,-158.745056,0.011237,-0.639625,0.768126,0.027119,0.166231,0.211753,-0.146947,-0.951806
DATA,161.270981,-150.622971,-157.131042,0.014536,-0.639657,0.768037,0.027332,0.165793,0.211507,-0.147100,-0.951913
DATA,162.181168,-147.493408,-156.930176,0.012659,-0.639612,0.768076,0.028225,0.166149,0.212578,-0.146474,-0.951709
DATA,162.298035,-146.177582,-156.141022,0.010773,-0.639607,0.768147,0.027159,0.169645,0.213433,-0.147738,-0.950705
DATA,161.746445,-149.447739,-156.530716,0.012537,-0.639651,0.768111,0.026346,0.172641,0.210356,-0.142655,-0.951628
DATA,162.206268,-149.375687,-154.747757,0.011679,-0.639694,0.768148,0.024572,0.170423,0.210929,-0.132902,-0.953311
DATA,162.216202,-146.308456,-157.874878,0.012369,-0.639659,0.768090,0.026846,0.167439,0.213242,-0.127754,-0.954029
DATA,163.442520,-147.196899,-155.485413,0.013377,-0.639695,0.768079,0.025803,0.165937,0.214770,-0.122901,-0.954586
DATA,161.875488,-147.999741,-156.603317,0.010570,-0.639613,0.768157,0.026790,0.165161,0.212136,-0.118357,-0.955883
DATA,162.787186,-149.092255,-157.592056,0.012503,-0.639594,0.768093,0.028203,0.165029,0.207621,-0.115447,-0.957252
DATA,162.888870,-148.945236,-155.535156,0.010948,-0.639627,0.768162,0.026156,0.164228,0.203087,-0.110921,-0.958896
DATA,162.535660,-147.695541,-154.883820,0.014392,-0.639640,0.768034,0.027890,0.162729,0.199496,-0.107011,-0.960349
DATA,162.134613,-148.653030,-155.643967,0.012807,-0.639672,0.768124,0.025307,0.158994,0.198092,-0.101940,-0.961815
DATA,161.759964,-148.710342,-156.768372,0.013392,-0.639642,0.768083,0.026970,0.154628,0.199339,-0.096457,-0.962834
DATA,162.016205,-147.550018,-155.499207,0.011062,-0.639568,0.768115,0.028812,0.148966,0.204259,-0.091336,-0.963195
DATA,161.566986,-148.985550,-155.792328,0.012970,-0.639585,0.768062,0.029033,0.146752,0.213484,-0.093942,-0.961282
DATA,164.312744,-148.218918,-154.626801,0.010447,-0.639637,0.768143,0.026682,0.144892,0.222490,-0.093969,-0.959518
DATA,163.683319,-150.556137,-154.869873,0.013655,-0.639697,0.768062,0.026107,0.142772,0.227878,-0.091364,-0.958822
DATA,162.633682,-151.568680,-157.402023,0.012813,-0.639647,0.768069,0.027530,0.139040,0.229709,-0.086713,-0.959366
DATA,165.794724,-149.227280,-155.335693,0.013990,-0.639676,0.768048,0.026863,0.133877,0.232171,-0.082093,-0.959914
DATA,163.634903,-146.922089,-154.651093,0.012805,-0.639679,0.768083,0.026375,0.127472,0.239656,-0.079495,-0.959164
DATA,163.968002,-147.830124,-154.913712,0.013093,-0.639711,0.768089,0.025255,0.123182,0.246380,-0.079863,-0.957990
DATA,162.019165,-149.666229,-156.607986,0.011249,-0.639679,0.768127,0.025769,0.121617,0.250699,-0.079628,-0.957089
DATA,161.837814,-149.623016,-156.576340,0.014490,-0.639686,0.768010,0.027446,0.121971,0.252939,-0.078869,-0.956517
DATA,163.711182,-147.852081,-156.757645,0.010190,-0.639622,0.768124,0.027667,0.122033,0.255749,-0.073960,-0.956154
DATA,163.025589,-146.378357,-153.358963,0.014850,-0.639690,0.768005,0.027304,0.121240,0.259073,-0.067462,-0.955840
DATA,163.935638,-146.817291,-153.575653,0.011941,-0.639694,0.768091,0.026178,0.120227,0.261274,-0.062319,-0.955718
DATA,164.346878,-150.588776,-153.772491,0.013403,-0.639683,0.768023,0.027664,0.118931,0.264888,-0.058526,-0.955125
DATA,162.860306,-148.853973,-155.594070,0.011028,-0.639719,0.768137,0.024578,0.117572,0.267501,-0.056078,-0.954712
DATA,163.956467,-147.228333,-153.456284,0.012352,-0.639616,0.768055,0.028814,0.117894,0.268133,-0.055921,-0.954504
DATA,163.884583,-149.308701,-150.041931,0.013007,-0.639654,0.768050,0.027789,0.116937,0.268430,-0.053416,-0.954682
DATA,161.594772,-149.070801,-155.464798,0.012230,-0.639661,0.768065,0.027573,0.115913,0.269145,-0.051895,-0.954689
DATA,162.734299,-147.670029,-153.490250,0.012922,-0.639715,0.768050,0.026396,0.115021,0.270192,-0.051764,-0.954509
DATA,163.428604,-148.194550,-154.007065,0.012370,-0.639663,0.768062,0.027549,0.114034,0.271836,-0.050997,-0.954202
DATA,162.936234,-146.543686,-152.715378,0.011667,-0.639716,0.768104,0.025366,0.112719,0.275523,-0.047244,-0.953493
DATA,164.075821,-146.426712,-152.651917,0.011016,-0.639670,0.768113,0.026513,0.112024,0.282889,-0.043999,-0.951572
DATA,161.316345,-146.399750,-155.025330,0.012925,-0.639689,0.768072,0.026391,0.113068,0.292502,-0.041537,-0.948648
DATA,161.391876,-147.300827,-154.252213,0.011876,-0.639644,0.768111,0.026840,0.115140,0.304329,-0.041012,-0.944693
DATA,161.984085,-149.350723,-152.123535,0.013479,-0.639659,0.768050,0.027454,0.118235,0.316492,-0.040706,-0.940317
DATA,160.928574,-149.405197,-151.515808,0.009673,-0.639649,0.768149,0.026511,0.119095,0.329683,-0.038214,-0.935770
DATA,162.843597,-149.070877,-151.602142,0.012596,-0.639681,0.768047,0.027449,0.117292,0.344271,-0.036605,-0.930795
DATA,162.628998,-151.017578,-148.987869,0.013338,-0.639734,0.768053,0.025642,0.115614,0.359172,-0.037416,-0.925326
DATA,162.809952,-152.604507,-146.375031,0.013152,-0.639675,0.768023,0.027995,0.114843,0.369476,-0.035702,-0.921425
DATA,162.685104,-151.521637,-136.245895,0.011790,-0.639718,0.768079,0.026011,0.113953,0.378592,-0.032760,-0.917938
DATA,163.161575,-151.566574,-101.329086,0.013540,-0.639697,0.768034,0.027004,0.111970,0.390679,-0.028460,-0.913248
DATA,162.170105,-152.954529,-39.686466,0.013500,-0.639647,0.768014,0.028712,0.108689,0.407108,-0.025613,-0.906528
DATA,162.484726,-152.918884,51.288559,0.010873,-0.639678,0.768116,0.026303,0.101602,0.431138,-0.019761,-0.896329
DATA,161.538101,-152.909988,133.864059,0.010613,-0.639669,0.768125,0.026362,0.089671,0.457088,-0.012293,-0.884804
DATA,162.381958,-152.887344,141.605606,0.011173,-0.639641,0.768081,0.028016,0.078715,0.480750,-0.009387,-0.873267
DATA,161.488831,-152.517929,146.345627,0.011209,-0.639669,0.768089,0.027150,0.070537,0.505283,-0.007216,-0.860036
DATA,162.967255,-155.246078,150.930283,0.012940,-0.639711,0.768037,0.026868,0.069699,0.529486,-0.007260,-0.845419
DATA,162.506302,-155.254990,147.638779,0.015694,-0.639761,0.767978,0.025875,0.072870,0.552480,-0.006647,-0.830308
DATA,161.606232,-154.778748,152.911774,0.011034,-0.639689,0.768111,0.026092,0.079918,0.568202,-0.008861,-0.818951
DATA,162.830170,-152.945740,151.755646,0.010198,-0.639637,0.768099,0.028019,0.084377,0.579971,-0.006549,-0.810229
DATA,161.942444,-154.599792,151.741440,0.014208,-0.639698,0.767998,0.027642,0.088501,0.590197,-0.004187,-0.802382
DATA,160.114853,-153.631302,155.578812,0.011170,-0.639695,0.768076,0.026923,0.090994,0.599771,-0.001014,-0.794980
DATA,161.123474,-153.611160,153.646652,0.009967,-0.639631,0.768114,0.027824,0.090384,0.608530,0.001803,-0.788365
DATA,161.132248,-153.606674,154.588562,0.013068,-0.639706,0.768033,0.027028,0.089208,0.616017,0.002931,-0.782660
DATA,161.141083,-155.287140,154.238586,0.011484,-0.639702,0.768083,0.026431,0.087614,0.622758,0.002907,-0.777488
DATA,160.485657,-154.062408,153.465515,0.013314,-0.639656,0.767994,0.029132,0.086756,0.629330,0.003009,-0.772275
DATA,158.641098,-153.684601,153.343658,0.009549,-0.639583,0.768126,0.028721,0.086488,0.634023,0.004464,-0.768450
DATA,161.556320,-154.682831,153.533844,0.011196,-0.639669,0.768106,0.026670,0.087833,0.637576,0.005481,-0.765344
DATA,158.503799,-153.018936,153.374420,0.012379,-0.639699,0.768071,0.026432,0.090292,0.640258,0.006535,-0.762807
DATA,159.571915,-154.626724,156.037323,0.012451,-0.639683,0.768062,0.027063,0.093216,0.642389,0.006824,-0.760658
DATA,159.007065,-153.049011,150.818161,0.012034,-0.639703,0.768111,0.025322,0.095417,0.643959,0.007602,-0.759048
DATA,161.729614,-153.697311,153.070908,0.011497,-0.639640,0.768093,0.027611,0.098937,0.637225,0.008230,-0.764257
DATA,159.685379,-157.598419,152.923187,0.012105,-0.639683,0.768094,0.026273,0.104747,0.626931,0.008569,-0.771954
DATA,159.137253,-155.333099,154.436844,0.013141,-0.639664,0.768047,0.027606,0.109578,0.618883,0.008490,-0.777756
DATA,159.553665,-154.069885,153.397446,0.012602,-0.639753,0.768089,0.024439,0.112907,0.613401,0.008510,-0.781613
DATA,160.412277,-154.071442,152.671677,0.013920,-0.639670,0.768023,0.027733,0.115007,0.610895,0.008518,-0.783267
DATA,161.314972,-154.930573,152.078537,0.014175,-0.639598,0.768003,0.029752,0.116839,0.608591,0.008114,-0.784793
DATA,161.929337,-153.701279,151.640945,0.010904,-0.639669,0.768126,0.026216,0.120105,0.603499,0.007154,-0.788234
DATA,161.895035,-153.382263,149.947861,0.012736,-0.639650,0.768046,0.028113,0.123800,0.597196,0.006680,-0.792455
DATA,161.457794,-152.547028,152.273804,0.012923,-0.639663,0.768045,0.027773,0.128164,0.592335,0.004748,-0.795419
DATA,160.928223,-153.408539,151.027969,0.012121,-0.639648,0.768080,0.027496,0.135046,0.588338,0.000642,-0.797259
DATA,161.334946,-154.024155,150.211151,0.014620,-0.639653,0.768029,0.027608,0.138889,0.584982,0.004028,-0.799056
DATA,160.774261,-154.691833,148.437881,0.012970,-0.639578,0.768058,0.029317,0.136106,0.575899,0.014960,-0.805973
DATA,161.306656,-153.576996,145.085358,0.012468,-0.639707,0.768118,0.024788,0.135389,0.561876,0.013198,-0.815960
DATA,162.375793,-152.901215,144.503204,0.011666,-0.639600,0.768094,0.028394,0.135052,0.549115,0.010895,-0.824691
DATA,161.302063,-152.813156,140.197693,0.011622,-0.639655,0.768112,0.026652,0.133175,0.538120,0.008089,-0.832242
DATA,161.413879,-152.975464,139.768768,0.010684,-0.639601,0.768104,0.028515,0.127616,0.530871,0.007687,-0.837753
DATA,161.766190,-153.666748,136.731186,0.013446,-0.639639,0.768044,0.028108,0.120687,0.526342,0.008385,-0.841622
DATA,161.477631,-153.310532,129.623016,0.011398,-0.639639,0.768128,0.026687,0.117179,0.522514,0.006863,-0.844512
DATA,161.685257,-153.241196,120.986710,0.012096,-0.639621,0.768079,0.028154,0.112050,0.515933,0.006199,-0.849247
DATA,162.481873,-153.636414,98.610603,0.012953,-0.639689,0.768067,0.026510,0.106403,0.511284,0.004636,-0.852787
DATA,162.006256,-153.460968,78.862091,0.012609,-0.639695,0.768077,0.026266,0.103259,0.509036,0.001273,-0.854528
DATA,162.880035,-153.237381,64.577003,0.014288,-0.639744,0.768045,0.025087,0.100524,0.506844,-0.001528,-0.856155
DATA,163.041504,-152.908722,55.779751,0.011448,-0.639620,0.768108,0.027660,0.098671,0.507404,-0.011827,-0.855959
DATA,161.827469,-154.018509,51.549450,0.013329,-0.639597,0.768041,0.029184,0.103924,0.506749,-0.024102,-0.855468
DATA,162.117874,-153.471970,45.716213,0.013023,-0.639665,0.768087,0.026501,0.109703,0.504011,-0.034809,-0.855994
DATA,162.572906,-152.197098,21.619034,0.012660,-0.639542,0.768067,0.029979,0.118818,0.492348,-0.044791,-0.861086
DATA,162.214478,-150.587524,-153.980286,0.013830,-0.639634,0.768044,0.028003,0.150007,0.406355,-0.067055,-0.898820
DATA,163.393158,-149.752396,-153.532425,0.013286,-0.639668,0.768076,0.026603,0.148005,0.375162,-0.068709,-0.912484
DATA,162.342148,-149.540283,-153.843491,0.011991,-0.639570,0.768074,0.029477,0.141522,0.344191,-0.070894,-0.925461
DATA,163.436966,-149.208542,-155.516357,0.012400,-0.639669,0.768119,0.025768,0.137082,0.318867,-0.078350,-0.934555
DATA,164.760818,-148.287476,-154.997253,0.012326,-0.639574,0.768082,0.029044,0.137362,0.298772,-0.089134,-0.940171
DATA,163.044434,-148.943604,-156.620575,0.008722,-0.639572,0.768204,0.027094,0.141931,0.278713,-0.099021,-0.944653
DATA,163.949265,-150.371429,-157.034851,0.012611,-0.639614,0.768073,0.028241,0.147597,0.254239,-0.105446,-0.949978
DATA,163.614029,-150.270233,-158.226532,0.012025,-0.639615,0.768125,0.027042,0.151895,0.225056,-0.108752,-0.956269
DATA,162.898651,-150.083237,-159.431793,0.011978,-0.639537,0.768098,0.029557,0.155189,0.194613,-0.112101,-0.962016
DATA,163.056534,-148.490219,-157.371323,0.012157,-0.639603,0.768152,0.026490,0.157996,0.164070,-0.115131,-0.966883
DATA,161.424225,-150.801285,-159.683990,0.012489,-0.639604,0.768159,0.026125,0.160360,0.137400,-0.119985,-0.970056
DATA,161.369415,-149.670959,-160.247849,0.012403,-0.639531,0.768132,0.028617,0.160667,0.104921,-0.119376,-0.974129
DATA,156.940567,-149.110352,-161.221893,0.012481,-0.639512,0.768102,0.029783,0.157977,0.069033,-0.125222,-0.977035
DATA,148.790359,-150.208450,-160.686386,0.012734,-0.639650,0.768143,0.025319,0.155773,0.028168,-0.131946,-0.978535
DATA,-160.684235,-150.868301,-159.937531,0.013176,-0.639591,0.768114,0.027396,0.136648,-0.096523,-0.140904,-0.975785
DATA,-162.959213,-151.966705,-161.467682,0.012425,-0.639555,0.768133,0.028031,0.129618,-0.135741,-0.140164,-0.972177
DATA,-168.156952,-149.864594,-158.142395,0.012283,-0.639563,0.768145,0.027603,0.113360,-0.246244,-0.124206,-0.954508
DATA,-168.597961,-140.465454,-153.861221,0.009347,-0.639521,0.768232,0.027323,0.112352,-0.273862,-0.129352,-0.946385
DATA,-169.214661,-134.933258,-145.725647,0.012342,-0.639498,0.768120,0.029690,0.112840,-0.304064,-0.138680,-0.935724
DATA,-168.697250,-140.196915,-86.587372,0.009550,-0.639564,0.768238,0.026015,0.109413,-0.335671,-0.147065,-0.923973
DATA,-168.824249,-147.232651,-9.115369,0.012501,-0.639563,0.768142,0.027571,0.102629,-0.363140,-0.157791,-0.912523
DATA,-168.894485,-150.771500,49.413662,0.011794,-0.639551,0.768139,0.028245,0.096450,-0.384980,-0.166218,-0.902696
DATA,-169.939667,-149.366348,110.415016,0.011729,-0.639645,0.768191,0.024478,0.094073,-0.406281,-0.170212,-0.892812
DATA,-169.762100,-152.715851,143.044174,0.009476,-0.639516,0.768190,0.028514,0.093708,-0.428236,-0.171655,-0.882252
DATA,-169.810562,-153.875366,149.369919,0.012471,-0.639602,0.768112,0.027531,0.091448,-0.448335,-0.175056,-0.871773
DATA,-169.547058,-152.962433,152.250793,0.011045,-0.639524,0.768130,0.029386,0.087713,-0.464543,-0.179450,-0.862731
DATA,-170.001358,-152.598190,146.193268,0.012242,-0.639651,0.768084,0.027268,0.098859,-0.530345,-0.229736,-0.810051
DATA,-168.546555,-151.182663,136.518051,0.011855,-0.639615,0.768089,0.028118,0.109945,-0.517078,-0.223467,-0.818905
DATA,-169.914047,-150.833023,94.473206,0.012951,-0.639672,0.768059,0.027173,0.122447,-0.500153,-0.214153,-0.830056
DATA,-169.703949,-147.992966,32.038395,0.011358,-0.639753,0.768129,0.023761,0.127367,-0.486599,-0.208551,-0.838752
DATA,-169.520676,-147.670959,-34.800301,0.012664,-0.639642,0.768026,0.028893,0.125943,-0.469699,-0.206203,-0.849118
DATA,-168.700165,-143.771774,-111.188248,0.011957,-0.639750,0.768089,0.024824,0.122386,-0.443960,-0.206534,-0.863287
DATA,-168.730789,-142.939468,-149.382294,0.011299,-0.639649,0.768061,0.028334,0.117382,-0.418958,-0.209595,-0.875652
DATA,-168.369949,-146.617065,-153.559586,0.011890,-0.639696,0.768060,0.027041,0.119009,-0.390556,-0.217221,-0.886633
DATA,-167.385345,-150.650681,-156.253983,0.010304,-0.639690,0.768108,0.026459,0.129308,-0.362332,-0.227068,-0.894670
DATA,-167.302811,-152.744080,-156.311356,0.014664,-0.639684,0.767989,0.027976,0.144549,-0.333058,-0.236277,-0.901305
DATA,-164.570450,-154.932236,-158.764542,0.009843,-0.639636,0.768132,0.027258,0.163020,-0.299757,-0.243356,-0.907936
DATA,-159.383820,-152.020187,-160.145721,0.014337,-0.639681,0.768003,0.027812,0.179018,-0.257752,-0.238040,-0.919159
DATA,-81.418030,-153.647156,-160.497742,0.013855,-0.639731,0.768023,0.026311,0.185491,-0.221599,-0.229186,-0.929495
DATA,21.992981,-153.236115,-160.245422,0.010568,-0.639666,0.768089,0.027460,0.185037,-0.192227,-0.217483,-0.938888
DATA,151.675415,-151.496872,-158.707016,0.012715,-0.639746,0.767998,0.027241,0.173250,-0.117288,-0.194202,-0.958391
DATA,160.751205,-150.715210,-158.966873,0.012417,-0.639724,0.768017,0.027371,0.188185,-0.029426,-0.170611,-0.966754
DATA,162.796310,-147.847168,-159.103409,0.012413,-0.639714,0.768011,0.027745,0.193940,0.003446,-0.160986,-0.967708
DATA,162.928787,-153.019363,-158.907394,0.015156,-0.639802,0.767943,0.026193,0.197623,0.038470,-0.151936,-0.967668
DATA,166.013412,-150.591644,-157.411896,0.010643,-0.639749,0.768050,0.026599,0.200269,0.074168,-0.141721,-0.966595
DATA,165.751968,-150.700363,-157.559540,0.012008,-0.639698,0.767976,0.029255,0.201537,0.105468,-0.132357,-0.964749
DATA,165.705704,-149.811996,-156.270370,0.013201,-0.639787,0.767988,0.026322,0.202648,0.128966,-0.126020,-0.962507
DATA,166.704330,-151.686707,-155.639282,0.010201,-0.639760,0.768081,0.025598,0.202905,0.144450,-0.119090,-0.961136
DATA,165.344238,-152.745026,-158.130905,0.011734,-0.639748,0.768037,0.026522,0.202259,0.158840,-0.112091,-0.959842
DATA,165.580673,-150.823334,-156.387314,0.014187,-0.639796,0.767981,0.025799,0.200121,0.172360,-0.102373,-0.959043
DATA,163.906647,-150.949326,-153.406525,0.012852,-0.639725,0.768014,0.027241,0.196690,0.189215,-0.093962,-0.957435
DATA,164.389404,-153.304871,-153.488037,0.014382,-0.639754,0.767986,0.026544,0.191953,0.204851,-0.085787,-0.955945
DATA,163.079163,-153.643311,-148.232635,0.009722,-0.639673,0.768085,0.027712,0.187476,0.222580,-0.079093,-0.953444
DATA,164.278992,-153.629166,-107.991470,0.012734,-0.639730,0.767996,0.027656,0.188797,0.243874,-0.076667,-0.948158
DATA,164.757065,-153.960587,-18.949425,0.010742,-0.639723,0.768048,0.027233,0.195940,0.264835,-0.074069,-0.941267
DATA,164.994492,-154.063568,54.314838,0.012148,-0.639739,0.767993,0.027809,0.203104,0.284267,-0.068813,-0.934455
DATA,163.985275,-154.292480,99.417938,0.011469,-0.639759,0.768034,0.026477,0.209082,0.303045,-0.065225,-0.927467
DATA,163.209534,-154.653915,132.081161,0.012104,-0.639764,0.767994,0.027222,0.212710,0.322159,-0.062390,-0.920367
DATA,159.925171,-155.082275,155.453415,0.011799,-0.639758,0.768029,0.026509,0.215533,0.480140,-0.051307,-0.848751
DATA,159.557739,-155.818985,156.362076,0.011226,-0.639646,0.767983,0.030482,0.215871,0.503380,-0.049494,-0.835200
DATA,157.932907,-154.095978,155.314835,0.011448,-0.639783,0.768037,0.025823,0.217652,0.526201,-0.049725,-0.820529
DATA,156.665359,-153.566696,155.400787,0.014226,-0.639789,0.767940,0.027148,0.218100,0.541642,-0.047625,-0.810425
DATA,154.633698,-153.571991,154.206146,0.010392,-0.639727,0.768054,0.027087,0.212772,0.554546,-0.040302,-0.803482
DATA,153.943466,-154.682693,155.384491,0.013177,-0.639725,0.767958,0.028615,0.206801,0.565130,-0.035725,-0.797863
DATA,155.015335,-155.504807,155.524185,0.009151,-0.639710,0.768070,0.027475,0.200598,0.576947,-0.032862,-0.791083
DATA,153.977066,-153.522202,156.601044,0.013470,-0.639799,0.767951,0.026973,0.195881,0.587269,-0.031102,-0.784716
DATA,153.274155,-154.136917,156.109940,0.011764,-0.639782,0.767979,0.027381,0.192148,0.596262,-0.030241,-0.778868
DATA,151.378693,-155.591675,155.558487,0.011237,-0.639796,0.767992,0.026896,0.188051,0.604030,-0.025865,-0.774026
DATA,153.628830,-152.990860,155.874969,0.011829,-0.639865,0.767998,0.024745,0.183158,0.610086,-0.018818,-0.770645
DATA,152.896500,-152.387711,154.478409,0.011220,-0.639714,0.767979,0.029119,0.179568,0.616663,-0.013449,-0.766356
DATA,150.683258,-155.450150,155.005280,0.011097,-0.639796,0.768053,0.025139,0.175547,0.625614,-0.008113,-0.760082
DATA,148.916306,-154.261169,155.644287,0.014439,-0.639762,0.767914,0.028340,0.173708,0.635595,-0.004596,-0.752212
DATA,146.407379,-154.737167,156.086731,0.010284,-0.639709,0.768036,0.028063,0.175446,0.644596,-0.000876,-0.744119
DATA,143.992905,-154.014587,156.214767,0.012702,-0.639773,0.767997,0.026637,0.177407,0.651396,0.005151,-0.737688
DATA,143.170319,-152.871704,156.072464,0.013180,-0.639666,0.767951,0.030089,0.178467,0.657176,0.012685,-0.732194
DATA,141.790909,-153.486862,156.008179,0.010217,-0.639706,0.768086,0.026744,0.179638,0.661793,0.020744,-0.727550
DATA,142.239655,-152.542786,156.150650,0.013303,-0.639734,0.767994,0.027369,0.178981,0.666889,0.024252,-0.722936
DATA,143.620026,-153.070633,156.114929,0.013668,-0.639746,0.767971,0.027545,0.177075,0.670941,0.024637,-0.719636
DATA,144.575394,-154.135834,155.931168,0.011407,-0.639622,0.768004,0.030382,0.176061,0.673305,0.024346,-0.717684
DATA,143.174911,-153.171341,155.874222,0.012400,-0.639747,0.768049,0.025885,0.176032,0.675696,0.024163,-0.715447
DATA,145.632782,-153.260605,156.190369,0.011692,-0.639660,0.768015,0.029173,0.174710,0.677782,0.026575,-0.713710
DATA,147.076080,-152.448151,156.007660,0.014313,-0.639767,0.767991,0.026118,0.173297,0.679391,0.028802,-0.712437
DATA,146.742203,-153.589325,155.495361,0.010363,-0.639632,0.768078,0.028623,0.172597,0.681002,0.030079,-0.711015
DATA,149.018494,-152.401520,155.762955,0.011602,-0.639713,0.768075,0.026335,0.172487,0.682136,0.028665,-0.710012
DATA,149.261734,-152.711258,155.555008,0.010679,-0.639701,0.768077,0.026956,0.171388,0.682385,0.026111,-0.710137
DATA,149.410934,-153.040222,155.273224,0.012336,-0.639736,0.768035,0.026621,0.169868,0.681949,0.022568,-0.711042
DATA,151.849701,-153.208649,155.429001,0.012999,-0.639695,0.767971,0.029017,0.168956,0.680756,0.019775,-0.712484
DATA,151.878723,-154.364029,155.995438,0.010670,-0.639693,0.768040,0.028150,0.175699,0.671457,0.013354,-0.719789
DATA,152.642151,-154.854248,154.262848,0.010394,-0.639691,0.768059,0.027801,0.178376,0.665147,0.009241,-0.725035
DATA,156.108566,-123.318161,152.898911,0.014414,-0.639760,0.767941,0.027663,0.179457,0.659076,0.003587,-0.730343
DATA,157.064117,-127.875488,153.064896,0.013056,-0.639745,0.767996,0.027148,0.179912,0.650959,0.000584,-0.737485
DATA,156.998352,-134.279282,152.818634,0.013247,-0.639762,0.768014,0.026150,0.179081,0.645372,-0.003258,-0.742573
DATA,156.427048,-130.672653,150.971649,0.012358,-0.639688,0.767995,0.028829,0.180775,0.639779,-0.008198,-0.746951
DATA,156.490768,-158.045044,154.350647,0.009605,-0.639692,0.768095,0.027049,0.182740,0.633761,-0.014077,-0.751502
DATA,156.638840,-156.027603,153.615662,0.012049,-0.639787,0.768068,0.024501,0.187998,0.627555,-0.023949,-0.755154
DATA,158.553802,-0.028494,154.234940,0.012479,-0.639721,0.768004,0.027782,0.188846,0.619402,-0.028420,-0.761493
DATA,160.644043,-0.504792,154.737259,0.012480,-0.639778,0.768011,0.026212,0.194090,0.611648,-0.033651,-0.766214
DATA,157.967575,-68.733246,153.585434,0.010724,-0.639708,0.768029,0.028104,0.202662,0.605983,-0.037824,-0.768298
DATA,157.643723,0.346468,153.891388,0.013939,-0.639746,0.767937,0.028348,0.210194,0.603680,-0.039884,-0.767983
DATA,159.348770,-143.952316,150.977005,0.012296,-0.639759,0.767993,0.027266,0.218187,0.605441,-0.041389,-0.764279
DATA,157.283951,-154.700272,152.639923,0.011437,-0.639742,0.768008,0.027648,0.224985,0.609979,-0.039847,-0.758762
DATA,158.136642,-154.770889,154.842422,0.014019,-0.639781,0.767988,0.026038,0.227926,0.611492,-0.034488,-0.756927
DATA,157.843521,-143.838043,151.797852,0.013465,-0.639820,0.768011,0.024647,0.222799,0.605900,-0.031053,-0.763074
DATA,157.187836,-143.901031,150.306854,0.011313,-0.639685,0.768030,0.028367,0.211899,0.601461,-0.026644,-0.769827
DATA,157.956680,-143.038498,152.095276,0.012605,-0.639686,0.767986,0.028991,0.202639,0.597203,-0.027611,-0.775580
DATA,160.988876,-126.858238,153.092880,0.012714,-0.639790,0.768024,0.025416,0.196534,0.591282,-0.030072,-0.781572
DATA,160.838120,-2.436641,154.679916,0.012134,-0.639738,0.768013,0.027261,0.192121,0.585133,-0.032286,-0.787189
DATA,161.921356,-2.981210,154.223389,0.014013,-0.639804,0.767983,0.025636,0.188825,0.575042,-0.031778,-0.795401
DATA,161.713486,-2.375690,154.448822,0.011826,-0.639689,0.767999,0.028901,0.185940,0.561395,-0.030577,-0.805808
DATA,162.298843,-4.483650,154.790344,0.012538,-0.639781,0.768035,0.025390,0.183340,0.550439,-0.029740,-0.813953
DATA,162.369736,-8.861091,154.221664,0.014062,-0.639768,0.767999,0.026014,0.180777,0.542423,-0.029131,-0.819908
DATA,162.552902,-46.422512,153.649750,0.010649,-0.639674,0.768078,0.027568,0.178086,0.537383,-0.027017,-0.823878
DATA,161.687927,-151.609680,150.684738,0.011427,-0.639717,0.768064,0.026647,0.225185,0.436554,-0.093419,-0.866017
DATA,163.235336,-154.933273,145.929443,0.012923,-0.639755,0.768034,0.025881,0.223166,0.405557,-0.105386,-0.880122
DATA,162.218704,-154.804718,141.510468,0.013105,-0.639748,0.768016,0.026517,0.218843,0.375580,-0.116237,-0.893049
DATA,162.658691,-154.655777,131.976501,0.009524,-0.639695,0.768110,0.026563,0.213645,0.346356,-0.125903,-0.904733
DATA,163.012802,-155.109970,69.945572,0.012728,-0.639668,0.767993,0.029162,0.210705,0.316166,-0.135573,-0.915021
DATA,163.323792,-155.214355,-70.535446,0.013945,-0.639762,0.767993,0.026411,0.208732,0.286773,-0.143700,-0.923874
DATA,161.731812,-154.182480,-149.083847,0.012829,-0.639655,0.767971,0.029966,0.209856,0.266068,-0.152165,-0.928447
DATA,164.003189,-152.086838,-154.012711,0.012532,-0.639780,0.768029,0.025618,0.214214,0.247967,-0.153939,-0.932163
DATA,164.694763,-150.717621,-156.675308,0.014452,-0.639774,0.767951,0.027050,0.220142,0.222089,-0.151956,-0.937616
DATA,163.878693,-155.238312,-154.019684,0.011004,-0.639787,0.768051,0.025467,0.219240,0.187769,-0.140720,-0.947035
DATA,164.836746,-150.971985,-158.531601,0.011867,-0.639682,0.767985,0.029402,0.213244,0.149682,-0.134122,-0.956103
DATA,163.318008,-151.050034,-157.995117,0.012066,-0.639777,0.768025,0.026022,0.205450,0.107672,-0.132695,-0.963633
DATA,162.371246,-151.815094,-159.203201,0.012988,-0.639820,0.768031,0.024290,0.193450,0.057510,-0.126726,-0.971190
DATA,162.088608,-151.208023,-157.926270,0.011163,-0.639646,0.767992,0.030273,0.175566,0.009306,-0.120477,-0.977024
DATA,-165.830795,-144.185562,-158.602631,0.010553,-0.639672,0.768041,0.028677,0.095897,-0.346901,-0.128957,-0.924031
DATA,-166.161346,-148.122131,-156.489502,0.012554,-0.639743,0.768026,0.026595,0.088465,-0.376562,-0.134324,-0.912323
DATA,-168.892761,-135.609406,-152.299286,0.011632,-0.639764,0.768066,0.025332,0.082295,-0.407850,-0.140673,-0.898386
DATA,-169.075623,-138.526627,-148.422714,0.013087,-0.639715,0.767985,0.028150,0.075158,-0.435152,-0.149893,-0.884605
DATA,-168.961517,-141.773575,-133.818634,0.012394,-0.639825,0.768042,0.024110,0.068355,-0.457232,-0.155752,-0.872931
DATA,-169.418976,-143.445297,-86.389030,0.010806,-0.639756,0.768055,0.026197,0.062027,-0.478752,-0.154217,-0.862071
DATA,-169.237503,-148.079651,52.307407,0.011984,-0.639708,0.767969,0.029218,0.045083,-0.534953,-0.156457,-0.829044
DATA,-168.725449,-150.833298,87.583847,0.011938,-0.639789,0.768041,0.025307,0.041505,-0.548630,-0.161571,-0.819254
DATA,-169.511307,-150.868729,118.681770,0.012117,-0.639691,0.768011,0.028413,0.038319,-0.559876,-0.167371,-0.810591
DATA,-170.064545,-152.768707,129.864700,0.012435,-0.639752,0.768018,0.026684,0.035808,-0.569348,-0.172727,-0.802948
DATA,-169.312271,-151.957733,142.831284,0.013364,-0.639773,0.768000,0.026253,0.053813,-0.607042,-0.225888,-0.759986
DATA,-169.251862,-154.172531,135.092987,0.014327,-0.639797,0.767975,0.025869,0.059161,-0.600360,-0.228618,-0.764069
DATA,-170.017899,-151.234390,109.992531,0.010835,-0.639663,0.768028,0.029093,0.065297,-0.590886,-0.230708,-0.770301
DATA,-168.604019,-150.992691,72.115234,0.012434,-0.639755,0.768039,0.025992,0.071101,-0.579808,-0.231842,-0.777828
DATA,-168.341507,-149.077805,35.749805,0.010452,-0.639727,0.768077,0.026399,0.077267,-0.567971,-0.231916,-0.785910
DATA,-169.267624,-146.888870,-15.426512,0.011995,-0.639763,0.768019,0.026566,0.083186,-0.553897,-0.231440,-0.795433
DATA,-169.200729,-146.557022,-69.325699,0.013062,-0.639723,0.767970,0.028390,0.090880,-0.538221,-0.230198,-0.805648
DATA,-168.451782,-145.969757,-118.151451,0.012449,-0.639801,0.768025,0.025247,0.096049,-0.521161,-0.231423,-0.815849
DATA,-167.842377,-146.744888,-146.888260,0.011262,-0.639713,0.768017,0.028104,0.095614,-0.501308,-0.235090,-0.827213
DATA,-167.478745,-145.790466,-150.480347,0.015335,-0.639821,0.767908,0.026649,0.094764,-0.473590,-0.233101,-0.844036
DATA,-166.747742,-144.387970,-154.834808,0.012349,-0.639692,0.767954,0.029802,0.090635,-0.447506,-0.233105,-0.858595
DATA,-166.681137,-151.258163,-156.468781,0.011434,-0.639755,0.767990,0.027799,0.083942,-0.422407,-0.236564,-0.870956
DATA,-166.218582,-150.972931,-157.020020,0.012292,-0.639761,0.767969,0.027889,0.076949,-0.397577,-0.240945,-0.882019
DATA,-164.784668,-151.558929,-157.552246,0.014255,-0.639798,0.767914,0.027615,0.072793,-0.371213,-0.246437,-0.892284
DATA,153.970337,-149.909988,-159.585052,0.013360,-0.639884,0.767950,0.024978,-0.001051,-0.151094,-0.197393,-0.968610
DATA,154.498535,-146.277039,-158.444397,0.011404,-0.639820,0.767972,0.026814,-0.013294,-0.132415,-0.191311,-0.972466
DATA,157.629776,-146.661179,-158.731857,0.011955,-0.639818,0.767959,0.026984,-0.024358,-0.113496,-0.180277,-0.976742
DATA,159.198181,-146.355774,-159.614502,0.012971,-0.639877,0.767949,0.025380,-0.036230,-0.093808,-0.169837,-0.980328
DATA,160.884537,-144.786972,-157.919098,0.012595,-0.639792,0.767928,0.028193,-0.051145,-0.071969,-0.155991,-0.983805
DATA,162.434982,-147.183838,-159.454071,0.011420,-0.639808,0.767981,0.026834,-0.074291,-0.048306,-0.139542,-0.986243
DATA,163.776108,-142.935364,-160.490860,0.012443,-0.639752,0.767906,0.029695,-0.102921,-0.026575,-0.129358,-0.985884
DATA,164.827835,-140.478455,-159.534393,0.010119,-0.639781,0.768002,0.027409,-0.130116,-0.014154,-0.127032,-0.983225
DATA,163.817810,-137.278259,-158.666550,0.013000,-0.639835,0.767928,0.027002,-0.156739,-0.007309,-0.125248,-0.979639
DATA,165.019058,-130.887680,-159.207626,0.009339,-0.639842,0.768037,0.025167,-0.186230,-0.000221,-0.120429,-0.975098
DATA,164.974915,-121.001106,-157.795090,0.012689,-0.639794,0.767897,0.028935,-0.217773,0.003824,-0.116064,-0.969066
DATA,164.171112,-114.188576,-157.991852,0.012867,-0.639937,0.767940,0.024142,-0.246359,0.003250,-0.114111,-0.962432
DATA,166.690155,-111.546753,-160.423508,0.012464,-0.639825,0.767898,0.028300,-0.270832,-0.001072,-0.109595,-0.956367
DATA,165.856995,-60.503490,-159.367371,0.012776,-0.639899,0.767933,0.025395,-0.292413,-0.002725,-0.104421,-0.950570
DATA,165.701996,-25.847263,-158.730270,0.011421,-0.639844,0.767961,0.026537,-0.313414,-0.001580,-0.098097,-0.944535
DATA,165.289108,6.196723,-159.408203,0.011986,-0.639828,0.767912,0.028074,-0.332551,-0.000148,-0.095899,-0.938197
DATA,165.161346,28.797493,-158.926926,0.013751,-0.639863,0.767847,0.028244,-0.347911,-0.000489,-0.095839,-0.932616
DATA,165.408966,56.952496,-159.908875,0.009660,-0.639836,0.767977,0.027007,-0.359333,-0.000292,-0.091319,-0.928731
DATA,166.286087,76.053307,-160.003311,0.012463,-0.639838,0.767870,0.028778,-0.369445,0.000799,-0.084175,-0.925432
DATA,165.840973,89.546524,-160.605133,0.011792,-0.639930,0.767931,0.025154,-0.377830,0.001082,-0.080648,-0.922355
DATA,165.661743,86.591591,-159.336685,0.012577,-0.639911,0.767888,0.026530,-0.384273,0.001532,-0.079902,-0.919754
DATA,165.189560,87.505264,-159.344269,0.012508,-0.639888,0.767871,0.027585,-0.389308,0.002014,-0.080777,-0.917557
DATA,165.323532,84.301979,-159.269394,0.012586,-0.639901,0.767890,0.026718,-0.391821,0.002497,-0.082488,-0.916333
DATA,165.230698,76.211220,-159.012360,0.012252,-0.639931,0.767888,0.026183,-0.390310,0.002216,-0.085085,-0.916741
DATA,165.716293,60.823681,-159.655487,0.012583,-0.639868,0.767802,0.029839,-0.382564,0.001833,-0.086411,-0.919877
DATA,164.441864,45.064548,-158.799744,0.013470,-0.639959,0.767819,0.026941,-0.367837,0.001001,-0.087958,-0.925720
DATA,164.498901,17.052185,-158.851959,0.010540,-0.639921,0.767902,0.026754,-0.345315,0.000054,-0.089085,-0.934249
DATA,163.993195,-26.527174,-159.015701,0.013495,-0.639958,0.767818,0.026950,-0.315057,0.002005,-0.091580,-0.944642
DATA,164.089767,-79.125305,-157.529037,0.011672,-0.639939,0.767860,0.027059,-0.278553,0.005864,-0.096909,-0.955501
DATA,165.030167,-106.159241,-158.404129,0.011155,-0.639925,0.767875,0.027186,-0.237792,0.010685,-0.099455,-0.966152
DATA,164.949097,-119.695068,-159.895523,0.014919,-0.639933,0.767750,0.028675,-0.197315,0.014718,-0.095661,-0.975551
DATA,164.645538,-126.786682,-160.251831,0.011394,-0.639943,0.767879,0.026550,-0.156407,0.016810,-0.089218,-0.983511
DATA,164.624237,-130.932129,-157.710922,0.014383,-0.640007,0.767802,0.025766,-0.116601,0.019780,-0.080709,-0.989696
DATA,164.881485,-132.082306,-159.576172,0.011836,-0.639884,0.767823,0.029262,-0.077676,0.022719,-0.073548,-0.994002
DATA,162.268524,-136.664429,-159.840240,0.012886,-0.639993,0.767833,0.025982,-0.038538,0.022579,-0.066932,-0.996757
DATA,160.607040,-134.879562,-159.537323,0.011884,-0.639907,0.767816,0.028924,-0.000533,0.019696,-0.063504,-0.997787
DATA,160.436356,-139.340256,-158.470093,0.011858,-0.639918,0.767811,0.028821,0.035931,0.017000,-0.063582,-0.997185
DATA,159.821884,-141.148224,-158.618286,0.010290,-0.639985,0.767877,0.026029,0.070839,0.013751,-0.064128,-0.995329
DATA,156.608032,-143.584518,-158.894180,0.012141,-0.639948,0.767808,0.028103,0.102685,0.013171,-0.063219,-0.992616
DATA,152.991074,-144.639801,-157.483826,0.010088,-0.639988,0.767906,0.025167,0.128545,0.016080,-0.060919,-0.989700
DATA,149.707275,-147.930756,-158.300659,0.012251,-0.639985,0.767805,0.027297,0.151970,0.022095,-0.062071,-0.986187
DATA,151.219910,-148.321274,-158.818802,0.011185,-0.640007,0.767862,0.025560,0.178859,0.028784,-0.065963,-0.981239
DATA,152.690887,-148.258514,-158.977493,0.011793,-0.639940,0.767803,0.028587,0.209042,0.036426,-0.062182,-0.975248
DATA,149.693771,-147.268082,-160.411896,0.012678,-0.640000,0.767813,0.026517,0.239256,0.039741,-0.045231,-0.969088
DATA,144.268936,-146.582626,-160.711243,0.010644,-0.639920,0.767824,0.028909,0.263585,0.035358,-0.037088,-0.963274
DATA,123.733475,-146.187637,-159.493240,0.014771,-0.640029,0.767701,0.027926,0.287184,0.032842,-0.038259,-0.956547
DATA,75.041351,-140.417786,-159.255096,0.012171,-0.640021,0.767804,0.026497,0.312765,0.028022,-0.040462,-0.948554
DATA,24.150555,-135.433838,-159.394745,0.014333,-0.639993,0.767724,0.028345,0.339051,0.024437,-0.044558,-0.939394
DATA,-14.796834,-113.073029,-158.644363,0.011085,-0.640015,0.767837,0.026169,0.364555,0.023393,-0.047523,-0.929674
DATA,-42.359135,-66.118034,-157.851074,0.014214,-0.639974,0.767713,0.029128,0.389035,0.023529,-0.048032,-0.919669
DATA,-61.163994,-11.041481,-158.915970,0.014600,-0.639982,0.767722,0.028531,0.415269,0.027667,-0.055649,-0.907573
DATA,-76.465714,48.022717,-159.293732,0.012296,-0.640005,0.767828,0.026132,0.445210,0.031309,-0.064519,-0.892550
DATA,-92.664474,105.170128,-160.968277,0.011201,-0.639964,0.767833,0.027461,0.477209,0.034088,-0.074263,-0.874982
DATA,-112.262611,144.365906,-161.440353,0.014313,-0.640054,0.767751,0.026161,0.508467,0.026476,-0.076712,-0.857249
DATA,-132.298203,151.580124,-160.142731,0.011339,-0.639969,0.767795,0.028313,0.534795,0.018350,-0.086308,-0.840362
DATA,-144.575928,154.440140,-159.718719,0.013718,-0.640059,0.767747,0.026468,0.557532,0.016581,-0.096540,-0.824356
DATA,-150.386749,156.196945,-160.507507,0.012264,-0.640016,0.767762,0.027775,0.577717,0.016854,-0.106082,-0.809139
DATA,-148.925705,154.277374,-158.768982,0.013376,-0.640049,0.767751,0.026792,0.598337,0.020473,-0.118575,-0.792157
DATA,-149.639343,155.812943,-160.008316,0.011159,-0.639995,0.767788,0.027996,0.621445,0.026947,-0.133275,-0.771568
DATA,-149.710297,156.394424,-160.187424,0.011439,-0.640010,0.767796,0.027311,0.644882,0.030799,-0.136508,-0.751361
DATA,-151.205093,157.301147,-160.291138,0.013430,-0.640049,0.767738,0.027094,0.665087,0.025722,-0.137336,-0.733578
DATA,-152.641022,157.502975,-160.582550,0.010742,-0.640034,0.767805,0.026784,0.677401,0.017615,-0.135943,-0.722729
DATA,-150.375153,156.733994,-159.985550,0.012534,-0.639968,0.767702,0.030286,0.683842,0.006820,-0.132956,-0.717382
DATA,-149.684006,157.412338,-159.848602,0.011767,-0.640058,0.767783,0.026399,0.686299,-0.002483,-0.124876,-0.716515
DATA,-151.118195,157.740326,-160.602615,0.010978,-0.639975,0.767783,0.028647,0.683875,-0.010053,-0.115284,-0.720364
DATA,-153.089310,158.239822,-160.678757,0.011503,-0.639990,0.767760,0.028727,0.679522,-0.010431,-0.120388,-0.723636
DATA,-152.288879,157.978302,-159.644043,0.011848,-0.640056,0.767793,0.026103,0.675927,-0.014337,-0.125384,-0.726083
DATA,-153.263107,157.806992,-161.136765,0.011583,-0.640043,0.767797,0.026454,0.672595,-0.016931,-0.131062,-0.728115
DATA,-154.215179,158.556458,-160.985168,0.011979,-0.640049,0.767772,0.026829,0.669552,-0.025083,-0.129613,-0.730939
DATA,-154.300629,157.486053,-161.528122,0.012793,-0.639991,0.767699,0.029779,0.664496,-0.033318,-0.127743,-0.735539
DATA,-154.889496,157.783798,-160.994690,0.012757,-0.640060,0.767739,0.027156,0.657432,-0.040984,-0.126431,-0.741700
DATA,-154.928375,157.265625,-160.436066,0.011139,-0.640011,0.767769,0.028159,0.647684,-0.041090,-0.126637,-0.750186
DATA,-156.132416,158.206009,-160.398987,0.013764,-0.640035,0.767679,0.028887,0.637362,-0.045596,-0.128372,-0.758427
DATA,-156.668884,158.473419,-161.080383,0.009608,-0.640094,0.767829,0.025012,0.625194,-0.051057,-0.128740,-0.768083
DATA,-158.124451,157.213318,-160.350647,0.012289,-0.640049,0.767696,0.028794,0.610345,-0.057338,-0.123442,-0.780355
DATA,-157.480713,157.346313,-159.786804,0.012392,-0.640132,0.767722,0.026110,0.589673,-0.061954,-0.112168,-0.797412
DATA,-159.720596,157.258957,-161.014313,0.011917,-0.640075,0.767694,0.028413,0.564663,-0.070223,-0.101274,-0.816069
DATA,-159.568893,155.199020,-160.607071,0.013625,-0.640150,0.767682,0.026220,0.536398,-0.076891,-0.087203,-0.835919
DATA,-159.407455,151.335037,-159.725693,0.010321,-0.640065,0.767760,0.027470,0.506464,-0.077879,-0.080271,-0.854977
DATA,-158.598785,152.261520,-160.604187,0.014559,-0.640155,0.767675,0.025796,0.476075,-0.076776,-0.077344,-0.872626
DATA,-158.930161,146.971268,-159.471756,0.011135,-0.640077,0.767771,0.026574,0.446073,-0.070638,-0.075445,-0.889009
DATA,-160.731354,140.152176,-160.645493,0.012462,-0.640112,0.767740,0.026025,0.416561,-0.063026,-0.074311,-0.903871
DATA,-159.552917,110.563904,-160.624283,0.012942,-0.640022,0.767698,0.029047,0.388572,-0.061515,-0.071738,-0.916560
DATA,-159.048752,66.226357,-160.496918,0.011021,-0.640033,0.767786,0.027213,0.362153,-0.064114,-0.065347,-0.927612
DATA,-158.144592,28.825254,-159.761917,0.014172,-0.640107,0.767690,0.026726,0.336746,-0.067602,-0.059759,-0.937262
DATA,-158.100754,-0.377938,-158.801834,0.010175,-0.640006,0.767796,0.027901,0.309782,-0.069255,-0.052159,-0.946846
DATA,-157.608429,-30.234446,-158.025955,0.011968,-0.640079,0.767770,0.026180,0.282737,-0.070726,-0.054059,-0.955058
DATA,-154.259491,-73.567146,-158.360672,0.012409,-0.640027,0.767747,0.027854,0.256365,-0.068049,-0.054713,-0.962628
DATA,-142.425629,-117.690918,-157.889191,0.010233,-0.640030,0.767821,0.026616,0.230368,-0.062136,-0.053403,-0.969648
DATA,-105.316269,-135.295975,-158.317612,0.012431,-0.640048,0.767758,0.027032,0.204490,-0.057237,-0.049663,-0.975931
DATA,-55.441219,-140.206802,-159.871613,0.010797,-0.640082,0.767812,0.025370,0.179171,-0.052331,-0.045235,-0.981383
DATA,0.428795,-143.288757,-159.899170,0.012172,-0.640060,0.767747,0.027191,0.153980,-0.045863,-0.037465,-0.986298
DATA,61.200443,-145.645004,-159.952423,0.012431,-0.640095,0.767772,0.025484,0.127862,-0.037996,-0.030382,-0.990598
DATA,124.441910,-148.534103,-160.378860,0.010830,-0.640012,0.767751,0.028725,0.100288,-0.029023,-0.022618,-0.994278
DATA,145.305298,-148.715012,-160.092697,0.010556,-0.640038,0.767769,0.027763,0.073013,-0.022627,-0.022071,-0.996830
DATA,151.458725,-148.042847,-159.507797,0.012848,-0.640096,0.767721,0.026771,0.048428,-0.018201,-0.025379,-0.998338
DATA,154.730148,-146.127335,-160.902710,0.011626,-0.640058,0.767750,0.027398,0.026835,-0.013095,-0.028998,-0.999133
DATA,156.330368,-144.127335,-159.147858,0.011470,-0.640007,0.767733,0.029064,0.005301,-0.002124,-0.020731,-0.999769
DATA,161.886673,-140.977234,-161.417114,0.011857,-0.640080,0.767755,0.026625,-0.021230,0.011595,-0.011838,-0.999637
DATA,165.607224,-138.155045,-162.893906,0.010717,-0.640051,0.767795,0.026655,-0.054859,0.020874,-0.003107,-0.998271
DATA,165.151001,-135.142593,-160.982147,0.013358,-0.640043,0.767708,0.028109,-0.093421,0.019166,0.003871,-0.995435
DATA,164.575455,-131.361740,-160.619232,0.011713,-0.640099,0.767793,0.025106,-0.131954,0.014576,0.005285,-0.991135
DATA,163.384323,-123.106743,-158.552811,0.011337,-0.640010,0.767789,0.027522,-0.163729,0.012438,0.004093,-0.986418
DATA,162.986481,-112.794006,-159.323044,0.012522,-0.640032,0.767740,0.027879,-0.189448,0.015456,0.002658,-0.981766
DATA,165.173584,-99.268814,-161.029007,0.013135,-0.640054,0.767719,0.027660,-0.216005,0.021741,0.013689,-0.976054
DATA,167.009140,-46.565060,-160.479492,0.013259,-0.640002,0.767695,0.029429,-0.245895,0.025848,0.024520,-0.968641
DATA,166.412399,53.099380,-161.312866,0.012453,-0.640090,0.767767,0.025757,-0.279610,0.029116,0.037666,-0.958933
DATA,167.237152,135.784958,-161.638504,0.012494,-0.639980,0.767730,0.029319,-0.316081,0.029069,0.045084,-0.947214
DATA,167.154526,150.911407,-161.435196,0.010062,-0.639988,0.767817,0.027765,-0.352900,0.028320,0.051367,-0.933821
DATA,166.959213,154.121277,-160.656662,0.012086,-0.640021,0.767773,0.027435,-0.385991,0.022015,0.052743,-0.920730
DATA,165.408585,154.239182,-160.940521,0.014822,-0.640106,0.767704,0.025995,-0.413031,0.014120,0.052187,-0.909111
DATA,165.186737,156.163422,-161.132233,0.011744,-0.640089,0.767805,0.024963,-0.436437,0.007255,0.051915,-0.898207
DATA,165.269852,157.017761,-161.577057,0.012127,-0.640023,0.767774,0.027328,-0.458560,0.004515,0.057482,-0.886791
DATA,165.915878,157.470139,-162.543213,0.012575,-0.640036,0.767770,0.026922,-0.482055,-0.001331,0.063053,-0.873868
DATA,164.487289,156.664703,-161.759689,0.012177,-0.640029,0.767791,0.026690,-0.504774,-0.010139,0.066341,-0.860639
DATA,162.782272,157.800293,-161.776703,0.009435,-0.639989,0.767859,0.026788,-0.525573,-0.020097,0.069746,-0.847646
DATA,160.803757,157.587021,-161.746552,0.012402,-0.640092,0.767797,0.024817,-0.543958,-0.028612,0.073928,-0.835359
DATA,159.109146,157.572433,-162.253510,0.010507,-0.639974,0.767827,0.027635,-0.560076,-0.037748,0.077089,-0.823982
DATA,158.097366,158.033844,-162.679794,0.014333,-0.639977,0.767678,0.029926,-0.573816,-0.046643,0.081020,-0.813631
DATA,155.834702,157.292313,-162.391739,0.011097,-0.640035,0.767804,0.026614,-0.584682,-0.056947,0.083161,-0.804977
DATA,152.757187,156.179703,-162.266724,0.012750,-0.639951,0.767748,0.029361,-0.592551,-0.067463,0.085889,-0.798095
DATA,149.769821,154.803787,-161.876892,0.013166,-0.640060,0.767784,0.025637,-0.597778,-0.076331,0.086915,-0.793272
DATA,151.703873,153.339157,-161.843643,0.011858,-0.640056,0.767829,0.025011,-0.595994,-0.086917,0.088263,-0.793376
DATA,153.918381,152.165665,-160.876282,0.011582,-0.640009,0.767805,0.027020,-0.589528,-0.090027,0.086626,-0.798028
DATA,161.598450,142.756470,-162.263901,0.012342,-0.640005,0.767770,0.027755,-0.511286,-0.098898,0.051525,-0.852145
DATA,161.675476,131.047119,-160.867249,0.013013,-0.640054,0.767760,0.026572,-0.481852,-0.098550,0.039304,-0.869805
DATA,162.502106,104.026878,-161.326538,0.012593,-0.640049,0.767751,0.027127,-0.444967,-0.096151,0.025234,-0.890013
DATA,163.185760,62.196857,-161.175262,0.010864,-0.640082,0.767811,0.025360,-0.404086,-0.088252,0.020831,-0.910215
DATA,163.435028,23.985435,-160.669388,0.013892,-0.640071,0.767711,0.027140,-0.363536,-0.083354,0.020229,-0.927623
DATA,162.845627,-10.465186,-160.328720,0.011623,-0.640058,0.767768,0.026874,-0.320792,-0.082524,0.017725,-0.943381
DATA,161.580811,-59.774563,-161.184921,0.010944,-0.640064,0.767798,0.026179,-0.273602,-0.084084,0.012341,-0.958081
DATA,161.487122,-95.485817,-162.026932,0.011882,-0.640046,0.767753,0.027482,-0.225199,-0.081811,0.010141,-0.970819
DATA,158.509933,-117.250542,-161.114090,0.009795,-0.639968,0.767785,0.029163,-0.176532,-0.077407,0.005810,-0.981229
DATA,158.017700,-127.552208,-161.404053,0.011099,-0.640031,0.767763,0.027876,-0.128265,-0.072500,0.000648,-0.989086
DATA,155.635498,-132.299866,-162.154236,0.012482,-0.640113,0.767752,0.025606,-0.082776,-0.067999,-0.004200,-0.994237
DATA,151.446335,-137.217957,-160.880005,0.012518,-0.640053,0.767714,0.028120,-0.041349,-0.064431,-0.006280,-0.997045
DATA,146.638779,-137.835770,-162.115967,0.011062,-0.640107,0.767771,0.025857,-0.005839,-0.062949,-0.005670,-0.997984
DATA,125.967194,-137.698639,-161.956543,0.012547,-0.639975,0.767680,0.030688,0.026912,-0.066297,-0.004854,-0.997425
DATA,80.701584,-138.788971,-160.548126,0.012807,-0.640115,0.767748,0.025545,0.058396,-0.071292,-0.003705,-0.995738
DATA,40.959953,-133.260986,-161.762299,0.010571,-0.640058,0.767782,0.026938,0.089360,-0.076114,-0.006671,-0.993064
DATA,-4.110768,-127.286308,-160.693512,0.013241,-0.640100,0.767737,0.026028,0.120372,-0.075141,-0.015687,-0.989757
DATA,-47.508934,-113.939156,-159.597931,0.013535,-0.640048,0.767727,0.027407,0.154294,-0.072448,-0.026610,-0.985006
DATA,-84.317619,-83.743057,-159.012436,0.011812,-0.640044,0.767767,0.027161,0.190089,-0.066357,-0.035144,-0.978891
DATA,-118.884705,-38.463459,-159.211044,0.012530,-0.640083,0.767768,0.025869,0.226159,-0.060742,-0.036398,-0.971513
DATA,-144.716888,17.163481,-159.778915,0.013467,-0.640014,0.767700,0.028932,0.261185,-0.055573,-0.035659,-0.963028
DATA,-152.436203,83.738190,-161.229172,0.012921,-0.640103,0.767778,0.024873,0.296071,-0.053432,-0.034833,-0.953034
DATA,-156.212769,132.892639,-162.289703,0.012130,-0.640017,0.767780,0.027306,0.331430,-0.053788,-0.034250,-0.941322
DATA,-157.893433,145.057449,-161.465195,0.012742,-0.640053,0.767782,0.026111,0.365924,-0.055659,-0.038089,-0.928198
DATA,-159.240433,152.604507,-161.645477,0.011457,-0.640051,0.767796,0.026319,0.400205,-0.055171,-0.052428,-0.913260
DATA,-158.980865,155.768661,-160.406311,0.012291,-0.639982,0.767734,0.029254,0.435028,-0.049993,-0.066114,-0.896594
DATA,-159.149536,155.680679,-161.243881,0.011671,-0.640108,0.767804,0.024562,0.469847,-0.042943,-0.081659,-0.877913
DATA,-160.286560,157.975800,-161.405441,0.010645,-0.640017,0.767798,0.027395,0.506465,-0.034100,-0.095614,-0.856264
DATA,-160.609116,157.335831,-162.090469,0.014517,-0.640104,0.767724,0.025618,0.543048,-0.027291,-0.106072,-0.832528
DATA,-161.097061,158.346207,-161.579361,0.010984,-0.639974,0.767792,0.028424,0.577176,-0.028543,-0.113761,-0.808153
DATA,-160.200455,157.581314,-161.994675,0.010848,-0.639993,0.767822,0.027216,0.604426,-0.033189,-0.128449,-0.785537
DATA,-161.508896,159.125366,-160.747345,0.011639,-0.639990,0.767799,0.027612,0.628783,-0.040758,-0.133556,-0.764940
DATA,-159.929321,158.429901,-160.955200,0.011767,-0.640000,0.767794,0.027451,0.644311,-0.050838,-0.136737,-0.750721
DATA,-161.303070,159.040894,-161.345322,0.010672,-0.640005,0.767837,0.026566,0.653477,-0.058199,-0.131406,-0.743178
DATA,-159.526917,158.975433,-161.411484,0.013212,-0.640021,0.767784,0.026574,0.657896,-0.066022,-0.123657,-0.739948
DATA,-160.906784,159.897812,-161.102402,0.012696,-0.639996,0.767786,0.027386,0.658877,-0.070266,-0.124879,-0.738478
DATA,-159.870544,159.285233,-162.040024,0.012292,-0.639992,0.767809,0.027007,0.658829,-0.067469,-0.128576,-0.738147
DATA,-160.202911,159.392395,-161.636200,0.011655,-0.640025,0.767861,0.024937,0.657982,-0.064282,-0.133569,-0.738300
DATA,-160.121979,159.533447,-161.850693,0.012944,-0.639989,0.767842,0.025793,0.651423,-0.079074,-0.139732,-0.741532
DATA,-159.883362,158.512146,-159.827530,0.009912,-0.639929,0.767910,0.026583,0.644840,-0.085831,-0.137632,-0.746908
DATA,-159.972916,159.836746,-161.565613,0.013042,-0.639952,0.767848,0.026479,0.635624,-0.084206,-0.140131,-0.754490
DATA,-159.702866,158.533813,-161.068329,0.010545,-0.639898,0.767914,0.026973,0.626866,-0.081732,-0.140147,-0.762049
DATA,-160.036362,158.935638,-160.957047,0.012461,-0.639892,0.767876,0.027373,0.618780,-0.083872,-0.139581,-0.768501
DATA,-160.264542,158.517090,-160.603745,0.012863,-0.639876,0.767865,0.027867,0.609717,-0.086182,-0.133948,-0.776450
DATA,-161.021988,159.517075,-162.184875,0.009876,-0.639845,0.767954,0.027340,0.597829,-0.083038,-0.135890,-0.785646
DATA,-160.510132,159.654602,-160.147705,0.014446,-0.639950,0.767862,0.025375,0.584276,-0.083197,-0.125568,-0.797454
DATA,-162.228119,159.381485,-161.280853,0.010561,-0.639833,0.767945,0.027605,0.567200,-0.086263,-0.114969,-0.810941
DATA,-161.395981,158.316513,-161.251846,0.011767,-0.639884,0.767905,0.027055,0.546429,-0.089901,-0.112155,-0.825078
DATA,-161.218964,158.259888,-161.163193,0.010169,-0.639887,0.767968,0.025822,0.525281,-0.094097,-0.102889,-0.839428
DATA,-163.097809,156.820892,-161.562790,0.012439,-0.639886,0.767900,0.026844,0.501727,-0.094797,-0.094143,-0.854646
DATA,-163.277084,157.229630,-161.580963,0.011032,-0.639857,0.767934,0.027189,0.474858,-0.092770,-0.087868,-0.870737
DATA,-162.902710,153.821594,-160.268295,0.014125,-0.639913,0.767863,0.026420,0.444861,-0.089793,-0.082143,-0.887293
DATA,-162.939209,148.648575,-160.941406,0.010623,-0.639813,0.767947,0.028009,0.411614,-0.086469,-0.073309,-0.904280
DATA,-163.643066,138.588776,-160.768860,0.013413,-0.639884,0.767877,0.027095,0.372896,-0.082036,-0.066771,-0.921825
DATA,-163.859070,102.344658,-160.900696,0.014390,-0.639944,0.767885,0.024841,0.331441,-0.076794,-0.059905,-0.938436
DATA,-162.580811,30.775358,-160.984222,0.009324,-0.639851,0.767991,0.026325,0.288760,-0.076235,-0.044488,-0.953324
DATA,-158.363373,-29.229597,-159.986725,0.012019,-0.639879,0.767890,0.027493,0.243742,-0.073712,-0.026385,-0.966675
DATA,-122.052605,-99.405617,-160.960327,0.012223,-0.639854,0.767881,0.028207,0.196506,-0.069532,-0.007732,-0.978004
DATA,-32.249264,-129.647491,-161.731155,0.012466,-0.639916,0.767892,0.026338,0.147182,-0.062258,0.010633,-0.987091
DATA,37.241245,-138.202591,-162.081482,0.012631,-0.639867,0.767869,0.028075,0.094957,-0.054408,0.020368,-0.993785
DATA,72.949234,-140.619980,-161.330765,0.009832,-0.639823,0.767936,0.028365,0.042792,-0.056207,0.023258,-0.997231
DATA,90.420921,-139.158310,-161.680649,0.011755,-0.639940,0.767918,0.025302,-0.007461,-0.062395,0.024175,-0.997731
DATA,142.384827,-140.604507,-160.691406,0.012831,-0.639935,0.767868,0.026417,-0.149750,-0.073345,0.026293,-0.985649
DATA,149.846497,-141.457291,-160.818832,0.012817,-0.639853,0.767840,0.029097,-0.192341,-0.070801,0.023941,-0.978478
DATA,160.204941,-129.988739,-161.016556,0.011004,-0.639886,0.767932,0.026566,-0.302548,-0.061005,0.023781,-0.950882
DATA,159.866653,-131.185226,-159.932510,0.012989,-0.639942,0.767895,0.025374,-0.338256,-0.057690,0.017047,-0.939129
DATA,160.755890,-128.575958,-160.267883,0.011627,-0.639851,0.767892,0.028243,-0.368261,-0.058430,0.012005,-0.927807
DATA,160.511215,-128.232880,-158.956543,0.010393,-0.639887,0.767937,0.026629,-0.394094,-0.059998,0.009172,-0.917064
DATA,160.191986,-122.034340,-159.351990,0.012981,-0.639899,0.767864,0.027324,-0.417850,-0.064078,0.005794,-0.906235
DATA,161.672272,-120.785500,-159.741791,0.013233,-0.639886,0.767855,0.027746,-0.439952,-0.069823,0.003228,-0.895297
DATA,163.163223,-118.975426,-159.519028,0.013730,-0.639911,0.767854,0.026935,-0.459767,-0.070656,0.004052,-0.885215
DATA,162.847672,-116.555832,-159.830902,0.011227,-0.639839,0.767894,0.028627,-0.479040,-0.072061,0.003029,-0.874825
DATA,162.519165,-115.263054,-158.125916,0.011365,-0.639867,0.767881,0.028261,-0.495154,-0.076633,0.000429,-0.865419
DATA,162.306747,-113.678978,-158.765610,0.012321,-0.639939,0.767874,0.026387,-0.505981,-0.080865,-0.001946,-0.858744
DATA,162.844589,-109.878136,-159.646027,0.011860,-0.639952,0.767906,0.025325,-0.512579,-0.082381,0.000827,-0.854679
DATA,162.782578,-108.630646,-159.572296,0.014129,-0.639930,0.767826,0.027102,-0.517741,-0.087350,0.000803,-0.851066
DATA,161.650375,-109.042877,-158.166718,0.011694,-0.639811,0.767858,0.029973,-0.520014,-0.093490,-0.000768,-0.849025
DATA,161.554230,-114.142792,-159.692352,0.011323,-0.639927,0.767935,0.025316,-0.517597,-0.098807,-0.001759,-0.849899
DATA,160.755157,-120.233749,-158.456863,0.012530,-0.639828,0.767863,0.029148,-0.510933,-0.102976,-0.004903,-0.853416
DATA,161.785873,-120.152107,-158.877228,0.010373,-0.639858,0.767940,0.027247,-0.500088,-0.107615,-0.007227,-0.859231
DATA,161.460175,-120.518379,-159.665833,0.010577,-0.639932,0.767947,0.025168,-0.484336,-0.110344,-0.008480,-0.867854
DATA,159.037262,-125.397461,-159.772751,0.012961,-0.639841,0.767822,0.029764,-0.463477,-0.110419,-0.008075,-0.879165
DATA,159.280579,-125.411705,-160.705429,0.012760,-0.639936,0.767868,0.026435,-0.438502,-0.109816,-0.008467,-0.891955
DATA,160.147614,-118.992470,-160.441269,0.012752,-0.639916,0.767848,0.027460,-0.408704,-0.106946,-0.012654,-0.906291
DATA,157.773621,-127.443054,-161.141022,0.010952,-0.639951,0.767913,0.025548,-0.373580,-0.101182,-0.016648,-0.921913
DATA,157.991882,-131.720413,-160.621826,0.009073,-0.639825,0.767921,0.028959,-0.333842,-0.094306,-0.019414,-0.937699
DATA,155.361618,-136.386078,-161.220871,0.012645,-0.639957,0.767877,0.025697,-0.290537,-0.090342,-0.025566,-0.952246
DATA,152.283173,-137.784210,-160.908691,0.013133,-0.639965,0.767851,0.026024,-0.242466,-0.086482,-0.030670,-0.965811
DATA,144.650055,-139.421890,-161.268021,0.012853,-0.639899,0.767836,0.028131,-0.191104,-0.083794,-0.033098,-0.977426
DATA,111.187920,-136.082108,-160.543625,0.010643,-0.639933,0.767914,0.026110,-0.138174,-0.081662,-0.034123,-0.986446
DATA,71.871231,-131.695786,-160.286133,0.011491,-0.639932,0.767892,0.026414,-0.090173,-0.078704,-0.032429,-0.992282
DATA,42.646824,-130.520523,-160.737137,0.012441,-0.639917,0.767833,0.028012,-0.044830,-0.073291,-0.033360,-0.995744
DATA,17.951942,-132.186676,-160.148041,0.011481,-0.639921,0.767861,0.027535,-0.000333,-0.065488,-0.035570,-0.997219
DATA,-7.970612,-122.937279,-160.459778,0.012161,-0.639938,0.767819,0.028023,0.043233,-0.058300,-0.035476,-0.996731
DATA,-37.988949,-109.763664,-160.406189,0.015136,-0.640035,0.767763,0.025805,0.084802,-0.054258,-0.032241,-0.994397
DATA,-67.661469,-65.910072,-158.367340,0.010727,-0.639916,0.767874,0.027605,0.123094,-0.052982,-0.028363,-0.990574
DATA,-95.020111,-4.865264,-160.119049,0.012772,-0.639925,0.767813,0.028219,0.158796,-0.050404,-0.025590,-0.985692
DATA,-122.005043,51.467331,-160.127884,0.013783,-0.639907,0.767767,0.029352,0.194263,-0.047308,-0.025897,-0.979466
DATA,-138.275223,109.090454,-160.596359,0.012770,-0.639996,0.767836,0.025877,0.231766,-0.044255,-0.028761,-0.971339
DATA,-143.310715,138.732346,-161.239151,0.013130,-0.639989,0.767800,0.026901,0.272208,-0.042045,-0.030748,-0.960827
DATA,-148.379959,149.263565,-161.832947,0.013450,-0.639980,0.767755,0.028235,0.314911,-0.037923,-0.029147,-0.947915
DATA,-153.651566,153.515320,-162.037598,0.012342,-0.640014,0.767797,0.026789,0.355835,-0.036619,-0.030481,-0.933333
DATA,-152.669464,155.856567,-162.079208,0.011787,-0.639954,0.767786,0.028712,0.395194,-0.030732,-0.045984,-0.916931
DATA,-151.967072,157.272476,-161.990555,0.011496,-0.639962,0.767789,0.028578,0.437117,-0.021950,-0.063852,-0.896867
DATA,-152.225037,157.026581,-161.899582,0.010555,-0.640044,0.767856,0.025101,0.480281,-0.011359,-0.081396,-0.873256
DATA,-151.349762,158.643600,-161.975113,0.013315,-0.640014,0.767743,0.027852,0.522544,-0.003636,-0.091475,-0.847683
DATA,-150.870377,157.881531,-162.431351,0.013546,-0.639996,0.767732,0.028433,0.561243,-0.004161,-0.098684,-0.821736
DATA,-150.659134,157.744583,-161.579193,0.012885,-0.640114,0.767798,0.023941,0.593642,-0.005354,-0.103250,-0.798061
DATA,-148.546371,158.359116,-161.135574,0.013411,-0.640002,0.767724,0.028587,0.619175,-0.008818,-0.104768,-0.778183
DATA,-150.509323,157.032898,-161.902954,0.011033,-0.640034,0.767817,0.026303,0.638585,-0.011745,-0.102553,-0.762597
DATA,-147.146347,157.958847,-161.027985,0.013502,-0.640047,0.767733,0.027271,0.653727,-0.007563,-0.111805,-0.748387
DATA,-146.999786,157.926987,-161.985168,0.012029,-0.640088,0.767795,0.025160,0.667591,-0.013694,-0.108158,-0.736503
DATA,-145.956161,158.875214,-161.864258,0.011298,-0.639992,0.767777,0.028293,0.677081,-0.021976,-0.106536,-0.727824
DATA,-143.502136,158.773788,-161.172394,0.012848,-0.640094,0.767765,0.025529,0.682787,-0.028164,-0.108709,-0.721935
DATA,-143.806320,158.841278,-162.114166,0.011886,-0.640025,0.767774,0.027377,0.684723,-0.033796,-0.107216,-0.720082
DATA,-145.404831,158.392349,-161.613831,0.011828,-0.640010,0.767759,0.028170,0.680862,-0.035923,-0.108805,-0.723394
DATA,-146.326660,158.430786,-161.262711,0.013916,-0.640095,0.767755,0.025242,0.674559,-0.035367,-0.114655,-0.728405
DATA,-146.001129,158.866028,-161.779953,0.009800,-0.639944,0.767833,0.028430,0.668259,-0.034147,-0.120688,-0.733279
DATA,-146.934128,158.540817,-162.037292,0.012689,-0.640049,0.767780,0.026272,0.662333,-0.035613,-0.126020,-0.737676
DATA,-149.000076,158.005463,-161.703995,0.010172,-0.640003,0.767836,0.026849,0.655458,-0.041954,-0.122247,-0.744090
DATA,-148.122696,157.945847,-160.755951,0.013054,-0.640050,0.767737,0.027308,0.645258,-0.042424,-0.118010,-0.753602
DATA,-150.507233,157.890747,-160.726654,0.009312,-0.639928,0.767817,0.029384,0.631414,-0.039859,-0.116891,-0.765548
DATA,-151.180771,158.482346,-160.877426,0.014327,-0.640033,0.767712,0.027766,0.615748,-0.036853,-0.114003,-0.778781
DATA,-152.348663,157.971893,-160.692062,0.012909,-0.640051,0.767768,0.026458,0.598500,-0.034230,-0.112170,-0.792492
DATA,-153.447098,158.585434,-161.218018,0.011485,-0.639960,0.767781,0.028831,0.578973,-0.034314,-0.102529,-0.808147
DATA,-155.070709,158.036545,-160.935150,0.013861,-0.640044,0.767757,0.026475,0.556245,-0.036529,-0.092541,-0.825041
DATA,-155.197601,156.739258,-160.761795,0.011030,-0.640023,0.767818,0.026555,0.529168,-0.040136,-0.086077,-0.843185
DATA,-156.597916,156.620193,-160.996338,0.011313,-0.639955,0.767782,0.029005,0.500245,-0.036119,-0.087704,-0.860673
DATA,-156.640350,154.818558,-161.595322,0.014751,-0.640070,0.767712,0.026679,0.473484,-0.030554,-0.091383,-0.875516
DATA,-157.288467,151.561279,-161.995880,0.011250,-0.640007,0.767810,0.027080,0.447766,-0.029814,-0.094603,-0.888632
DATA,-157.549820,144.592361,-162.134003,0.014537,-0.640088,0.767725,0.025970,0.421295,-0.033932,-0.090384,-0.901771
DATA,-155.994385,128.468628,-161.185684,0.009852,-0.639977,0.767831,0.027704,0.392121,-0.038141,-0.080106,-0.915625
DATA,-156.367783,95.565994,-161.469040,0.010666,-0.640080,0.767843,0.024515,0.359064,-0.041885,-0.066755,-0.929980
DATA,-155.115692,55.107124,-160.616791,0.012763,-0.640015,0.767758,0.027676,0.321274,-0.044542,-0.051825,-0.944517
DATA,-146.479980,10.254131,-161.233795,0.013004,-0.640008,0.767741,0.028197,0.279468,-0.046993,-0.035272,-0.958356
DATA,-118.347107,-44.077850,-159.889908,0.012468,-0.640060,0.767782,0.026048,0.234026,-0.045995,-0.023517,-0.970857
DATA,-81.017502,-102.728600,-160.760437,0.012503,-0.640051,0.767774,0.026481,0.187254,-0.043044,-0.016429,-0.981230
DATA,-31.886946,-123.163406,-160.628357,0.012663,-0.640032,0.767767,0.027075,0.141405,-0.038189,-0.010840,-0.989155
DATA,26.041670,-136.014328,-160.852142,0.011028,-0.640034,0.767810,0.026497,0.095545,-0.032196,-0.004498,-0.994894
DATA,100.268417,-139.689072,-161.544479,0.012641,-0.640032,0.767773,0.026901,0.049732,-0.023443,-0.000570,-0.998487
DATA,146.192062,-146.408722,-162.179123,0.010032,-0.640018,0.767860,0.025830,0.001955,-0.015860,0.004445,-0.999862
DATA,152.355133,-146.757355,-162.829041,0.012679,-0.639975,0.767739,0.029132,-0.048917,-0.015516,0.009330,-0.998639
DATA,153.948807,-144.483948,-162.223724,0.012618,-0.640089,0.767788,0.025070,-0.101565,-0.022718,0.012787,-0.994487
DATA,153.577606,-143.198624,-160.140747,0.014314,-0.640027,0.767698,0.028277,-0.152219,-0.030366,0.012627,-0.987800
DATA,155.136597,-142.417130,-160.168823,0.010038,-0.640043,0.767831,0.026054,-0.198031,-0.034501,0.008688,-0.979550
DATA,158.056213,-136.402222,-161.295135,0.012096,-0.640032,0.767753,0.027733,-0.238499,-0.034639,0.002378,-0.970522
DATA,160.412491,-133.335510,-161.427460,0.012241,-0.640097,0.767780,0.025305,-0.276130,-0.028828,0.001801,-0.960686
DATA,163.079102,-129.341721,-160.632843,0.011307,-0.639999,0.767774,0.028231,-0.313855,-0.021380,0.003095,-0.949225
DATA,164.115402,-126.718475,-160.890350,0.010127,-0.640009,0.767830,0.026911,-0.351113,-0.016343,0.001932,-0.936188
DATA,165.805801,-118.719261,-161.101501,0.014200,-0.640050,0.767721,0.027186,-0.386142,-0.015372,-0.000676,-0.922311
DATA,165.994858,-115.999893,-160.222641,0.009703,-0.640044,0.767857,0.025425,-0.418153,-0.020451,-0.002489,-0.908143
DATA,165.049911,-110.578255,-159.985016,0.012240,-0.639982,0.767764,0.028504,-0.443680,-0.028847,-0.003817,-0.895713
DATA,164.357941,-109.636513,-159.837631,0.010592,-0.640063,0.767874,0.023992,-0.462837,-0.036994,-0.003670,-0.885664
DATA,164.874237,-109.470161,-159.735474,0.013638,-0.640034,0.767758,0.026790,-0.478439,-0.042563,0.000826,-0.877088
DATA,164.275681,-107.142204,-160.204453,0.013818,-0.640050,0.767759,0.026278,-0.491315,-0.048032,0.003433,-0.869650
DATA,163.643600,-104.518333,-159.240280,0.010529,-0.639966,0.767817,0.028113,-0.502534,-0.051017,0.009048,-0.863003
DATA,163.357330,-100.426033,-159.731934,0.011070,-0.640028,0.767838,0.025808,-0.512308,-0.056627,0.009588,-0.856879
DATA,163.594833,-96.556442,-159.231415,0.011719,-0.640000,0.767775,0.028002,-0.518906,-0.060669,0.008497,-0.852634
DATA,164.082199,-93.652489,-159.578018,0.013130,-0.640041,0.767729,0.027694,-0.522263,-0.063774,0.006817,-0.850369
DATA,164.195679,-94.536499,-160.381516,0.011480,-0.640106,0.767797,0.024917,-0.522073,-0.068710,0.004303,-0.850118
DATA,163.238983,-95.301376,-159.424271,0.010577,-0.640019,0.767764,0.028318,-0.517575,-0.072965,0.003106,-0.852515
DATA,163.565659,-97.344078,-158.489304,0.013729,-0.640076,0.767668,0.028305,-0.509353,-0.075353,0.002159,-0.857249
DATA,162.630737,-102.656715,-160.049438,0.009925,-0.640088,0.767804,0.025809,-0.497605,-0.078212,0.001418,-0.863869
DATA,162.444092,-105.841743,-158.595413,0.013002,-0.640135,0.767727,0.025563,-0.481755,-0.080953,-0.001666,-0.872557
DATA,161.777954,-110.578018,-160.240875,0.013627,-0.640027,0.767672,0.029314,-0.460975,-0.083637,-0.005088,-0.883448
DATA,161.105194,-119.192375,-159.298630,0.012923,-0.640123,0.767748,0.025254,-0.434973,-0.086746,-0.008896,-0.896211
DATA,161.143539,-125.232460,-158.856522,0.009255,-0.640053,0.767792,0.027249,-0.403625,-0.088505,-0.012252,-0.910551
DATA,161.634216,-128.525940,-160.193909,0.013118,-0.640066,0.767695,0.028054,-0.366942,-0.091756,-0.016284,-0.925564
DATA,158.356552,-135.165009,-160.519028,0.011196,-0.640024,0.767751,0.028342,-0.325244,-0.093114,-0.021386,-0.940791
DATA,157.833679,-136.775574,-162.317200,0.011352,-0.640055,0.767757,0.027386,-0.279783,-0.091281,-0.026275,-0.955353
DATA,153.557266,-139.397751,-161.829391,0.012503,-0.640105,0.767738,0.026204,-0.231964,-0.087324,-0.028490,-0.968378
DATA,144.937439,-140.475754,-160.915192,0.013435,-0.640088,0.767707,0.027081,-0.184174,-0.081711,-0.026710,-0.979127
DATA,117.873146,-140.058685,-161.443985,0.009933,-0.640031,0.767794,0.027479,-0.136782,-0.075328,-0.024119,-0.987438
DATA,77.184898,-137.250854,-160.968842,0.011755,-0.640051,0.767727,0.028137,-0.089904,-0.070143,-0.020522,-0.993265
DATA,37.920532,-132.788315,-161.567780,0.013606,-0.640083,0.767679,0.027876,-0.045678,-0.067346,-0.016243,-0.996551
DATA,6.180159,-129.711792,-161.380661,0.012143,-0.640068,0.767736,0.027327,-0.005701,-0.065484,-0.012120,-0.997764
DATA,-22.895706,-115.119385,-161.143951,0.011581,-0.640073,0.767752,0.026995,0.031894,-0.064176,-0.007777,-0.997398
DATA,-56.257050,-84.599564,-161.750488,0.011956,-0.640102,0.767754,0.026096,0.068283,-0.063860,-0.004172,-0.995611
DATA,-85.765495,-11.908930,-159.495377,0.011557,-0.640063,0.767726,0.027969,0.105707,-0.065480,-0.005429,-0.992224
DATA,-118.657463,70.461617,-161.387909,0.014886,-0.640120,0.767656,0.027005,0.145429,-0.066401,-0.006955,-0.987113
DATA,-147.288269,132.440247,-160.977844,0.012496,-0.640089,0.767721,0.027083,0.187324,-0.064855,-0.011426,-0.980088
DATA,-155.912369,148.538406,-161.854492,0.013670,-0.640113,0.767682,0.027051,0.232145,-0.062669,-0.018116,-0.970491
DATA,-157.974075,153.834030,-162.248230,0.010455,-0.640144,0.767788,0.024661,0.279452,-0.063834,-0.022639,-0.957768
DATA,-158.442413,156.409515,-162.437790,0.010009,-0.640060,0.767747,0.028072,0.327981,-0.062137,-0.036364,-0.941937
DATA,-158.904068,157.970596,-162.116806,0.013373,-0.640099,0.767650,0.028416,0.376849,-0.055720,-0.048838,-0.923307
DATA,-158.279770,158.362976,-161.654572,0.011290,-0.640185,0.767730,0.025033,0.496376,-0.040365,-0.073800,-0.864023
DATA,-158.666626,158.911209,-162.420044,0.013415,-0.640129,0.767664,0.027335,0.523685,-0.039384,-0.078271,-0.847394
DATA,-158.200714,158.869537,-161.413162,0.010759,-0.640128,0.767744,0.026262,0.548770,-0.033892,-0.091713,-0.830235
DATA,-155.251312,157.216995,-161.220154,0.014909,-0.640137,0.767612,0.027811,0.575017,-0.021527,-0.103649,-0.811264
DATA,-154.327438,158.223587,-161.754730,0.011725,-0.640078,0.767698,0.028332,0.600328,-0.007943,-0.110748,-0.792009
DATA,-151.638062,158.721756,-161.769791,0.010843,-0.640093,0.767730,0.027443,0.623275,-0.003306,-0.118587,-0.772952
DATA,-149.332489,158.800247,-162.299896,0.010132,-0.640124,0.767775,0.025679,0.642992,-0.004507,-0.123622,-0.755816
DATA,-147.140335,158.735962,-162.198822,0.014395,-0.640162,0.767631,0.026969,0.657023,-0.008360,-0.124302,-0.743505
DATA,-146.917358,159.116470,-161.713074,0.010858,-0.640105,0.767697,0.028064,0.664272,-0.015327,-0.126017,-0.736633
DATA,-146.382675,158.966278,-162.184204,0.012906,-0.640155,0.767688,0.026266,0.665715,-0.024282,-0.127074,-0.734905
DATA,-146.717300,158.864380,-160.692657,0.011089,-0.640111,0.767742,0.026593,0.662327,-0.032915,-0.129565,-0.737192
DATA,-150.034576,158.023926,-161.029816,0.012202,-0.640122,0.767701,0.027042,0.655950,-0.032209,-0.134321,-0.742058
DATA,-150.852112,158.348663,-161.854675,0.012335,-0.640066,0.767689,0.028572,0.650285,-0.030005,-0.139062,-0.746251
DATA,-152.404984,157.800537,-161.549484,0.012129,-0.640090,0.767708,0.027598,0.645605,-0.027003,-0.140243,-0.750198
DATA,-151.260101,158.151199,-161.889084,0.011789,-0.640183,0.767752,0.024145,0.642339,-0.027795,-0.131471,-0.754548
DATA,-152.401260,157.799973,-161.063492,0.012076,-0.640108,0.767726,0.026721,0.636555,-0.030932,-0.121870,-0.760913
DATA,-151.681229,158.420837,-161.200653,0.014037,-0.640159,0.767669,0.026138,0.626253,-0.028080,-0.114043,-0.770723
DATA,-152.248596,157.978943,-161.435440,0.012229,-0.640048,0.767679,0.029283,0.613468,-0.027507,-0.104235,-0.782327
DATA,-155.161331,157.867279,-161.557373,0.012345,-0.640128,0.767719,0.026290,0.598680,-0.030957,-0.090477,-0.795259
DATA,-155.810104,157.552261,-161.515915,0.013523,-0.640076,0.767629,0.029403,0.579433,-0.031284,-0.078337,-0.810643
DATA,-158.548325,157.446915,-161.606049,0.012375,-0.640179,0.767709,0.025310,0.557395,-0.031870,-0.073039,-0.826414
DATA,-158.023834,157.845810,-159.841034,0.011091,-0.640088,0.767722,0.027689,0.533941,-0.031179,-0.067705,-0.842230
DATA,-157.752808,156.896378,-159.729111,0.012738,-0.640084,0.767663,0.028707,0.508215,-0.028105,-0.064216,-0.858373
DATA,-157.083023,155.730759,-160.733063,0.012051,-0.640149,0.767712,0.026109,0.481263,-0.022078,-0.061691,-0.874124
DATA,-159.000809,156.302246,-162.200226,0.012072,-0.640049,0.767666,0.029679,0.452794,-0.019032,-0.060385,-0.889364
DATA,-157.562988,153.810410,-161.825821,0.015312,-0.640205,0.767613,0.025963,0.422084,-0.021204,-0.054841,-0.904648
DATA,-158.186249,150.890381,-161.261749,0.010902,-0.640084,0.767711,0.028178,0.386926,-0.026363,-0.041569,-0.920796
DATA,-156.510406,144.806717,-161.721619,0.012418,-0.640106,0.767680,0.027888,0.346272,-0.033192,-0.027231,-0.937151
DATA,-155.757141,137.001678,-162.147949,0.014161,-0.640126,0.767635,0.027841,0.301691,-0.038285,-0.015450,-0.952511
DATA,-152.188110,119.558868,-161.561111,0.012700,-0.640117,0.767694,0.027096,0.256250,-0.040921,-0.008921,-0.965703
DATA,-136.168579,63.115704,-161.663391,0.011463,-0.640110,0.767748,0.026278,0.211765,-0.041513,-0.004321,-0.976429
DATA,-97.180321,-8.270710,-160.845993,0.013986,-0.640094,0.767663,0.027895,0.167034,-0.040580,0.007920,-0.985084
DATA,-36.523399,-96.858437,-161.045349,0.010903,-0.640100,0.767792,0.025477,0.119992,-0.034845,0.021766,-0.991924
DATA,124.840027,-132.344223,-162.274460,0.014330,-0.640039,0.767688,0.028276,-0.036990,-0.023056,0.046219,-0.997980
DATA,135.349258,-135.274490,-162.093597,0.011002,-0.640059,0.767796,0.026304,-0.086779,-0.033476,0.046860,-0.994562
DATA,144.018433,-135.182907,-161.551620,0.015728,-0.640081,0.767645,0.027742,-0.130198,-0.041069,0.045014,-0.989614
DATA,153.747391,-133.679276,-161.713608,0.011640,-0.640093,0.767779,0.025709,-0.169682,-0.043313,0.045173,-0.983510
DATA,157.757950,-130.388107,-161.945343,0.010921,-0.640056,0.767768,0.027222,-0.207683,-0.038447,0.048188,-0.976252
DATA,161.425323,-122.252968,-160.721405,0.014318,-0.640121,0.767688,0.026379,-0.245447,-0.031612,0.051086,-0.967547
DATA,162.671539,-116.703156,-162.101059,0.011262,-0.640038,0.767757,0.027813,-0.282584,-0.026882,0.054425,-0.957320
DATA,162.558594,-111.150818,-161.193878,0.013629,-0.640069,0.767680,0.028167,-0.318697,-0.023954,0.056109,-0.945891
DATA,164.468445,-96.402039,-161.665359,0.011822,-0.640147,0.767754,0.025013,-0.351978,-0.024425,0.053574,-0.934155
DATA,164.613373,-92.414780,-160.841370,0.014236,-0.640054,0.767654,0.028921,-0.379755,-0.027474,0.049838,-0.923335
DATA,164.326950,-93.512344,-160.600845,0.012249,-0.640126,0.767732,0.025988,-0.401255,-0.029796,0.047132,-0.914268
DATA,163.728745,-89.940758,-159.100647,0.012489,-0.640093,0.767710,0.027318,-0.418076,-0.029560,0.048624,-0.906628
DATA,164.009415,-82.557487,-160.246323,0.011477,-0.640021,0.767718,0.029163,-0.432431,-0.030278,0.051335,-0.899695
DATA,163.730118,-69.744537,-160.455170,0.012584,-0.640078,0.767712,0.027566,-0.444137,-0.032933,0.054588,-0.893688
DATA,164.715683,-50.628578,-159.195541,0.010636,-0.640033,0.767750,0.028362,-0.453057,-0.037084,0.058332,-0.888798
DATA,163.821228,-37.077221,-160.078186,0.013390,-0.640123,0.767713,0.026050,-0.460159,-0.041903,0.062526,-0.884640
DATA,165.081177,-27.864714,-160.603073,0.010603,-0.640056,0.767768,0.027336,-0.465827,-0.047112,0.063688,-0.881323
DATA,164.235214,-34.136066,-160.749619,0.012125,-0.640016,0.767693,0.029667,-0.469442,-0.053240,0.062073,-0.879168
DATA,162.062592,-46.212593,-159.519073,0.011753,-0.640118,0.767752,0.025840,-0.471822,-0.055961,0.060704,-0.877820
DATA,163.002884,-48.672897,-158.618713,0.013237,-0.640079,0.767669,0.028424,-0.473528,-0.058239,0.058295,-0.876916
DATA,162.620895,-49.972473,-160.493164,0.012221,-0.640097,0.767741,0.026464,-0.472934,-0.060668,0.055057,-0.877281
DATA,162.006744,-63.648537,-159.366928,0.010789,-0.640012,0.767758,0.028560,-0.469455,-0.063048,0.052025,-0.879164
DATA,162.189194,-71.710251,-160.072601,0.013455,-0.640109,0.767699,0.026792,-0.463082,-0.064913,0.049560,-0.882545
DATA,162.043228,-83.311249,-159.907944,0.011487,-0.640006,0.767696,0.030063,-0.454368,-0.068363,0.047693,-0.886905
DATA,162.743988,-85.050285,-160.631424,0.014247,-0.640154,0.767664,0.026314,-0.442269,-0.073142,0.045077,-0.892758
DATA,162.221741,-92.935562,-161.201767,0.011892,-0.640019,0.767682,0.029975,-0.426550,-0.078983,0.045942,-0.899837
DATA,160.779541,-103.309082,-160.810654,0.012152,-0.640116,0.767743,0.025976,-0.404872,-0.085615,0.044299,-0.909278
DATA,158.834549,-115.736832,-160.310699,0.012260,-0.640059,0.767696,0.028586,-0.377112,-0.089718,0.042025,-0.920853
DATA,157.071304,-123.109291,-160.242798,0.010904,-0.640095,0.767775,0.026121,-0.344424,-0.089466,0.036556,-0.933826
DATA,156.630386,-126.053963,-160.467468,0.012669,-0.640070,0.767716,0.027616,-0.305883,-0.087780,0.029758,-0.947547
DATA,152.875854,-127.246887,-161.065536,0.011727,-0.640091,0.767762,0.026223,-0.262384,-0.082506,0.025553,-0.961090
DATA,147.731995,-126.954239,-161.277756,0.010919,-0.640027,0.767750,0.028392,-0.215528,-0.075417,0.023772,-0.973291
DATA,133.431931,-126.105316,-161.908981,0.013975,-0.640094,0.767690,0.027133,-0.166616,-0.068525,0.022986,-0.983369
DATA,105.213959,-121.907143,-161.947052,0.011175,-0.640055,0.767775,0.026947,-0.116999,-0.062717,0.023511,-0.990871
DATA,66.105705,-114.013901,-162.243546,0.012090,-0.640063,0.767766,0.026622,-0.067036,-0.058899,0.023000,-0.995745
DATA,22.702982,-95.707970,-161.902054,0.010272,-0.640029,0.767819,0.026691,-0.017364,-0.055800,0.019805,-0.998094
DATA,-16.470617,-44.137581,-161.245026,0.012000,-0.640031,0.767762,0.027524,0.030559,-0.051380,0.018360,-0.998043
DATA,-47.067047,26.117857,-160.517593,0.014299,-0.640074,0.767731,0.026261,0.076949,-0.046928,0.016326,-0.995796
DATA,-71.967583,97.797203,-161.970673,0.011143,-0.640048,0.767819,0.025834,0.123738,-0.041190,0.012645,-0.991379
DATA,-94.178391,136.370132,-162.151443,0.011835,-0.639979,0.767738,0.029412,0.172730,-0.036336,0.011933,-0.984226
DATA,-110.607315,148.966599,-162.633514,0.013459,-0.640008,0.767711,0.028792,0.223162,-0.035460,0.010709,-0.974077
DATA,-124.150108,155.244522,-162.911362,0.011782,-0.640059,0.767776,0.026575,0.273081,-0.033628,0.006888,-0.961378
DATA,-134.735352,157.133392,-161.989578,0.013996,-0.640072,0.767682,0.027858,0.321835,-0.029771,0.000247,-0.946328
DATA,-142.532410,158.299072,-162.731918,0.012028,-0.640110,0.767768,0.025423,0.369472,-0.023862,-0.012019,-0.928858
DATA,-144.642563,158.328674,-162.865906,0.008886,-0.640011,0.767803,0.028017,0.416399,-0.016734,-0.029544,-0.908548
DATA,-144.734161,159.594513,-162.303864,0.013705,-0.640139,0.767704,0.025774,0.460070,-0.009459,-0.042772,-0.886801
DATA,-143.449051,159.280792,-163.089523,0.013220,-0.640100,0.767700,0.027096,0.501049,-0.009162,-0.056903,-0.863498
DATA,-141.018143,159.044434,-162.656586,0.010495,-0.639996,0.767751,0.029205,0.537082,-0.006374,-0.068968,-0.840682
DATA,-141.245438,157.710342,-160.782944,0.011701,-0.640091,0.767771,0.025980,0.567693,0.000161,-0.079682,-0.819375
DATA,-141.286133,156.227692,-159.703430,0.013444,-0.640060,0.767689,0.028225,0.595346,0.010662,-0.090322,-0.798306
DATA,-140.287445,157.690659,-161.070267,0.012252,-0.640125,0.767755,0.025340,0.619366,0.013638,-0.094447,-0.779281
DATA,-133.950424,158.701843,-162.143341,0.010792,-0.640063,0.767783,0.026681,0.638744,0.012210,-0.096941,-0.763190
DATA,-126.449638,158.010498,-161.489761,0.014353,-0.640028,0.767689,0.028487,0.651739,0.007563,-0.097999,-0.752047
DATA,-123.438057,158.468002,-162.188004,0.010556,-0.640018,0.767796,0.027478,0.658083,-0.000926,-0.094840,-0.746948
DATA,-131.431656,158.270798,-161.384354,0.012760,-0.640026,0.767718,0.028505,0.658894,-0.012544,-0.093822,-0.746257
DATA,-132.837173,158.089417,-160.877228,0.011063,-0.640076,0.767809,0.025493,0.656746,-0.014969,-0.097274,-0.747662
DATA,-132.883667,158.507034,-161.470459,0.012709,-0.640074,0.767736,0.026935,0.656245,-0.015978,-0.100517,-0.747652
DATA,-130.379044,158.283325,-161.216858,0.013489,-0.640125,0.767754,0.024738,0.656546,-0.021358,-0.102782,-0.746946
DATA,-139.528793,158.219833,-161.037079,0.012457,-0.640039,0.767767,0.026996,0.646869,-0.037420,-0.105816,-0.754296
DATA,-143.005753,158.319489,-160.561218,0.010862,-0.639975,0.767771,0.029006,0.641172,-0.040425,-0.099182,-0.759886
DATA,-146.077972,157.893921,-159.891449,0.013576,-0.640131,0.767746,0.024794,0.634424,-0.038283,-0.097046,-0.765913
DATA,-148.803391,157.168823,-160.796677,0.011080,-0.640022,0.767788,0.027404,0.627515,-0.035976,-0.097715,-0.771610
DATA,-147.587967,157.336349,-159.543945,0.012712,-0.640038,0.767741,0.027630,0.620189,-0.031746,-0.099482,-0.777471
DATA,-148.827301,155.618011,-159.887451,0.013213,-0.640067,0.767737,0.026818,0.611547,-0.024835,-0.101246,-0.784310
DATA,-149.945251,156.862350,-159.615189,0.013808,-0.639983,0.767695,0.029575,0.600738,-0.015987,-0.104764,-0.792391
DATA,-148.394470,156.645050,-159.878632,0.011337,-0.640048,0.767799,0.026369,0.586333,-0.004801,-0.106601,-0.803011
DATA,-150.458054,157.024887,-160.247345,0.013449,-0.640083,0.767748,0.025996,0.567734,0.005032,-0.109812,-0.815840
DATA,-150.085205,156.248184,-160.988510,0.012611,-0.639977,0.767722,0.029556,0.545571,0.003734,-0.105755,-0.831357
DATA,-149.185806,155.475586,-161.837112,0.013246,-0.640085,0.767760,0.025698,0.516625,0.000360,-0.097174,-0.850680
DATA,-148.818481,152.847900,-161.930771,0.011190,-0.639995,0.767784,0.028078,0.480221,-0.003875,-0.087326,-0.872781
DATA,-148.571808,145.850647,-161.535095,0.012762,-0.640061,0.767765,0.026378,0.438380,-0.004237,-0.084275,-0.894820
DATA,-148.637161,115.878067,-161.009369,0.015074,-0.640131,0.767716,0.024868,0.396399,-0.005974,-0.084524,-0.914160
DATA,-144.639526,45.268898,-160.533752,0.010939,-0.640000,0.767796,0.027739,0.355781,-0.006181,-0.085660,-0.930615
DATA,-123.103157,-50.510937,-159.304459,0.012264,-0.640036,0.767748,0.027692,0.314314,-0.005370,-0.079917,-0.945934
DATA,-76.096458,-128.194794,-160.808701,0.011688,-0.640047,0.767751,0.027586,0.268889,-0.000275,-0.068539,-0.960729
DATA,0.100842,-144.431076,-161.361237,0.013585,-0.640086,0.767727,0.026467,0.218032,0.005264,-0.056061,-0.974316
DATA,89.961815,-148.885681,-162.508911,0.011799,-0.639996,0.767750,0.028729,0.162413,0.009926,-0.043435,-0.985716
DATA,146.191284,-151.898056,-162.654800,0.011284,-0.640098,0.767822,0.024437,0.104993,0.012176,-0.034201,-0.993810
DATA,157.060867,-146.886780,-162.984512,0.012873,-0.639993,0.767711,0.029375,0.051088,0.012408,-0.030919,-0.998138
DATA,158.926758,-142.427536,-160.979385,0.013008,-0.640052,0.767733,0.027388,0.001968,0.013900,-0.026848,-0.999541
DATA,162.659760,-140.712845,-161.078110,0.011215,-0.640069,0.767794,0.026059,-0.046115,0.016749,-0.016690,-0.998656
DATA,161.446701,-137.602570,-162.612534,0.013557,-0.640157,0.767741,0.024267,-0.096428,0.017631,-0.006078,-0.995165
DATA,164.636551,-130.419373,-163.588531,0.011284,-0.640031,0.767737,0.028512,-0.149956,0.014067,0.008672,-0.988555
DATA,165.651245,-120.466553,-162.832260,0.012694,-0.640094,0.767720,0.026935,-0.204499,0.011765,0.012932,-0.978711
DATA,165.830887,-107.458359,-160.130844,0.013449,-0.640066,0.767691,0.028016,-0.251932,0.010107,0.011697,-0.967622
DATA,165.025818,-101.058784,-162.211060,0.014105,-0.640154,0.767716,0.024818,-0.291330,0.009075,0.008401,-0.956543
DATA,166.767319,-89.001770,-161.448944,0.011602,-0.640051,0.767757,0.027378,-0.324448,0.009337,0.006980,-0.945832
DATA,166.714111,-72.015549,-161.451050,0.014082,-0.640043,0.767685,0.028385,-0.356443,0.012639,0.011135,-0.934165
DATA,167.336426,-30.916882,-160.740677,0.011625,-0.640100,0.767766,0.025908,-0.388783,0.013584,0.014353,-0.921117
DATA,165.978104,6.629206,-160.283463,0.013333,-0.640075,0.767704,0.027521,-0.419044,0.010265,0.014582,-0.907791
DATA,165.637955,26.984955,-159.839661,0.012063,-0.640070,0.767754,0.026812,-0.446438,0.005467,0.013743,-0.894692
DATA,165.754578,37.140900,-161.023758,0.014894,-0.640126,0.767671,0.026410,-0.470251,-0.000222,0.010858,-0.882466
DATA,165.702576,45.755131,-160.589218,0.011550,-0.640097,0.767780,0.025608,-0.490516,-0.007696,0.007431,-0.871367
DATA,164.948059,47.756939,-160.006638,0.010598,-0.640065,0.767785,0.026661,-0.506704,-0.015875,0.006038,-0.861953
DATA,164.475586,59.289719,-160.410660,0.012260,-0.640065,0.767735,0.027371,-0.519853,-0.020533,0.012349,-0.853920
DATA,165.323776,75.042778,-160.858002,0.011552,-0.640140,0.767765,0.024980,-0.530380,-0.024982,0.017544,-0.847210
DATA,165.752319,94.501549,-161.696259,0.014000,-0.640048,0.767659,0.029018,-0.536828,-0.040176,0.028196,-0.842263
DATA,164.640488,93.206978,-161.197250,0.009907,-0.640066,0.767797,0.026553,-0.531617,-0.046276,0.031045,-0.845150
DATA,165.254898,90.450073,-161.677963,0.012668,-0.640117,0.767705,0.026801,-0.521837,-0.048791,0.034699,-0.850941
DATA,163.837982,88.569817,-161.306976,0.012990,-0.640179,0.767727,0.024432,-0.509270,-0.053112,0.034658,-0.858267
DATA,164.811554,82.843880,-161.217422,0.012803,-0.640113,0.767680,0.027553,-0.492289,-0.059070,0.032558,-0.867814
DATA,163.100922,73.094650,-160.293121,0.012063,-0.640075,0.767701,0.028179,-0.469088,-0.063401,0.028934,-0.880397
DATA,163.299057,60.933937,-160.921188,0.012721,-0.640149,0.767714,0.025736,-0.439069,-0.064282,0.023368,-0.895846
DATA,162.664566,39.792561,-160.797958,0.015171,-0.640154,0.767640,0.026478,-0.403434,-0.061090,0.018451,-0.912781
DATA,163.760422,13.790874,-160.569412,0.012874,-0.640030,0.767686,0.029231,-0.362629,-0.057004,0.014478,-0.930076
DATA,162.942261,-18.049702,-161.337875,0.011651,-0.640080,0.767757,0.026661,-0.316935,-0.055456,0.008410,-0.946787
DATA,160.567917,-59.395691,-160.751663,0.014500,-0.640157,0.767685,0.025452,-0.267034,-0.052984,0.005985,-0.962211
DATA,159.842972,-85.059845,-161.209732,0.012258,-0.640093,0.767700,0.027688,-0.215210,-0.051218,0.005883,-0.975206
DATA,158.155212,-99.038818,-161.890198,0.010059,-0.640083,0.767757,0.027244,-0.162751,-0.049049,0.005688,-0.985431
DATA,155.752045,-105.532280,-162.185425,0.013396,-0.640139,0.767681,0.026601,-0.109988,-0.045973,0.005224,-0.992855
DATA,151.823990,-104.236511,-161.936539,0.012389,-0.640073,0.767690,0.028359,-0.056491,-0.043396,0.001762,-0.997458
DATA,140.913177,-95.363869,-161.875122,0.009835,-0.640081,0.767774,0.026863,-0.001008,-0.042156,-0.002502,-0.999107
DATA,106.211861,-76.159584,-162.038971,0.012792,-0.640130,0.767709,0.026336,0.055161,-0.043513,-0.002835,-0.997525
DATA,64.924599,-60.424286,-161.328766,0.011246,-0.640065,0.767719,0.028261,0.109542,-0.045048,-0.008454,-0.992925
DATA,31.497993,-35.646030,-161.570862,0.012477,-0.640132,0.767699,0.026700,0.164961,-0.041315,-0.019227,-0.985247
DATA,-5.794030,-20.588816,-162.259476,0.013324,-0.640167,0.767699,0.025437,0.222215,-0.038486,-0.028868,-0.973810
DATA,-38.591629,9.367253,-162.312531,0.013950,-0.640070,0.767653,0.028704,0.276763,-0.037570,-0.036979,-0.959491
DATA,-67.963142,39.281048,-161.350479,0.011396,-0.640164,0.767763,0.024512,0.325797,-0.034812,-0.044747,-0.943738
DATA,-96.186745,66.949516,-161.006012,0.012570,-0.640101,0.767698,0.027432,0.370256,-0.030916,-0.057397,-0.926639
DATA,-124.478706,92.895859,-161.225037,0.013452,-0.640117,0.767670,0.027426,0.412121,-0.024082,-0.070488,-0.908079
DATA,-141.954575,125.161781,-160.796539,0.012922,-0.640161,0.767726,0.024978,0.451483,-0.015446,-0.083600,-0.888220
DATA,-149.752472,140.514069,-160.780289,0.011598,-0.640063,0.767730,0.027844,0.487211,-0.013110,-0.088033,-0.868737
DATA,-150.315338,147.823532,-159.909225,0.011768,-0.640117,0.767740,0.026223,0.517948,-0.008232,-0.088736,-0.850757
DATA,-149.836914,149.866272,-159.147781,0.013313,-0.640087,0.767670,0.028182,0.544030,-0.002423,-0.087883,-0.834447
DATA,-149.185669,152.553696,-161.223328,0.010153,-0.640042,0.767782,0.027445,0.566592,0.002340,-0.085400,-0.819558
DATA,-149.078430,152.990402,-161.013382,0.011105,-0.640007,0.767723,0.029480,0.584036,0.003098,-0.083261,-0.807440
DATA,-146.357895,153.133316,-159.661728,0.011541,-0.640084,0.767769,0.026268,0.595074,0.007799,-0.092147,-0.798333
DATA,-144.999664,153.372467,-159.926361,0.012157,-0.640066,0.767729,0.027576,0.600863,0.008678,-0.089579,-0.794270
DATA,-142.915298,153.182281,-159.253754,0.011729,-0.640052,0.767748,0.027546,0.602597,0.013042,-0.094136,-0.792367
DATA,-137.136780,152.476013,-160.574951,0.014477,-0.640146,0.767685,0.025756,0.603207,0.019028,-0.097891,-0.791326
DATA,-132.566193,152.724716,-161.123413,0.010269,-0.640012,0.767772,0.028398,0.602001,0.023243,-0.100196,-0.791843
DATA,-130.768829,152.462158,-160.154739,0.013414,-0.640107,0.767703,0.026757,0.599373,0.020886,-0.104083,-0.793399
DATA,-130.467804,152.518173,-159.450333,0.011092,-0.640028,0.767752,0.028260,0.594508,0.017726,-0.104769,-0.797038
DATA,-131.215485,151.408844,-159.795853,0.011385,-0.640059,0.767752,0.027415,0.587111,0.014197,-0.096450,-0.803615
DATA,-136.154099,151.441269,-159.420166,0.012254,-0.640045,0.767693,0.028985,0.575846,0.009578,-0.087856,-0.812768
DATA,-141.729813,150.093781,-160.710297,0.011364,-0.640071,0.767730,0.027757,0.560038,0.005807,-0.076746,-0.824884
DATA,-146.020416,150.304688,-158.767487,0.012989,-0.640147,0.767708,0.025835,0.539177,0.003112,-0.066100,-0.839589
DATA,-146.924515,147.533005,-158.743118,0.011653,-0.640085,0.767711,0.027846,0.515057,0.002308,-0.062726,-0.854855
DATA,-149.959976,145.782928,-159.491196,0.010168,-0.640105,0.767766,0.026427,0.489575,0.001707,-0.060507,-0.869857
DATA,-149.406708,140.527573,-158.801682,0.012918,-0.640120,0.767683,0.027261,0.463411,0.002663,-0.058353,-0.884216
DATA,-147.676056,119.244232,-158.819580,0.011879,-0.640072,0.767694,0.028493,0.436622,0.005444,-0.056755,-0.897837
DATA,-137.061432,73.314217,-159.165787,0.012982,-0.640147,0.767682,0.026585,0.407138,0.009736,-0.046904,-0.912109
DATA,-109.630646,14.203259,-160.028397,0.010086,-0.640102,0.767749,0.027010,0.372818,0.015247,-0.032702,-0.927203
DATA,-68.075264,-61.715775,-159.454086,0.013422,-0.640121,0.767658,0.027682,0.333410,0.024223,-0.022754,-0.942196
DATA,-15.976750,-130.478714,-160.061386,0.012231,-0.640184,0.767709,0.025269,0.291216,0.033973,-0.015803,-0.955923
DATA,59.185535,-145.261581,-161.467300,0.011544,-0.640096,0.767689,0.028242,0.246992,0.045034,-0.007862,-0.967939
DATA,134.481995,-150.518143,-161.727005,0.014349,-0.640078,0.767568,0.030554,0.201221,0.054868,-0.003621,-0.978001
DATA,150.871674,-149.958023,-161.971695,0.011873,-0.640128,0.767694,0.027241,0.156108,0.057882,-0.004201,-0.986034
DATA,155.733292,-150.068420,-161.960266,0.013507,-0.640164,0.767657,0.026656,0.110670,0.050858,-0.000727,-0.992555
DATA,157.038010,-146.445816,-162.648163,0.009770,-0.640120,0.767752,0.026598,0.061887,0.042402,0.008582,-0.997145
DATA,159.190094,-143.831161,-162.637726,0.013966,-0.640166,0.767632,0.027087,0.009581,0.036048,0.021329,-0.999077
DATA,161.065582,-137.065094,-161.871277,0.011199,-0.640148,0.767695,0.027025,-0.045935,0.033026,0.034003,-0.997819
DATA,162.597290,-128.412277,-161.740997,0.013270,-0.640144,0.767607,0.028632,-0.103962,0.028074,0.043826,-0.993219
DATA,164.976471,-122.124359,-162.418442,0.010930,-0.640187,0.767706,0.025859,-0.161949,0.018959,0.050372,-0.985330
DATA,162.798019,-102.811195,-161.292847,0.013526,-0.640185,0.767600,0.027776,-0.218569,0.010192,0.055870,-0.974168
DATA,163.107178,-87.289505,-160.546112,0.010641,-0.640182,0.767697,0.026357,-0.271728,0.003940,0.057503,-0.960647
DATA,163.597412,-69.033348,-160.311401,0.013451,-0.640206,0.767608,0.027086,-0.319469,0.000174,0.056416,-0.945916
DATA,164.199814,-39.774437,-161.454330,0.012776,-0.640146,0.767629,0.028205,-0.360054,-0.003634,0.052678,-0.931436
DATA,164.141891,-24.552803,-160.712753,0.013230,-0.640187,0.767631,0.026981,-0.394457,-0.006161,0.047631,-0.917658
DATA,164.991226,-4.670356,-161.704758,0.010605,-0.640145,0.767687,0.027552,-0.424018,-0.005820,0.044665,-0.904533
DATA,165.793228,13.879157,-161.287842,0.012646,-0.640220,0.767658,0.025704,-0.451676,-0.005447,0.041084,-0.891219
DATA,166.206223,28.013550,-160.526627,0.012042,-0.640143,0.767631,0.028535,-0.477362,-0.007161,0.037089,-0.877895
DATA,164.531418,42.346367,-160.487335,0.012759,-0.640240,0.767637,0.025755,-0.500314,-0.009379,0.032418,-0.865186
DATA,165.807434,53.166222,-160.888351,0.012412,-0.640277,0.767664,0.024161,-0.520570,-0.011331,0.028030,-0.853284
DATA,164.906845,55.911285,-161.501907,0.013749,-0.640236,0.767613,0.026043,-0.537697,-0.012698,0.024233,-0.842694
DATA,165.357788,66.388779,-161.509705,0.011912,-0.640142,0.767641,0.028347,-0.552120,-0.014209,0.023207,-0.833321
DATA,164.442444,76.821144,-161.775452,0.011770,-0.640177,0.767647,0.027428,-0.562946,-0.020069,0.021747,-0.825964
DATA,165.751816,74.483353,-161.270523,0.011132,-0.640139,0.767659,0.028240,-0.569342,-0.039583,0.020964,-0.820880
DATA,164.700668,70.838203,-160.991714,0.012166,-0.640211,0.767655,0.026218,-0.562039,-0.047449,0.020254,-0.825500
DATA,165.068787,59.369232,-159.898621,0.010936,-0.640106,0.767643,0.029485,-0.549141,-0.055594,0.017501,-0.833695
DATA,163.808243,46.129765,-161.191116,0.013205,-0.640248,0.767626,0.025646,-0.530870,-0.060652,0.011996,-0.845195
DATA,164.144928,25.782032,-160.055038,0.011114,-0.640209,0.767667,0.026390,-0.508825,-0.061675,0.007404,-0.858626
DATA,163.540558,14.152304,-160.274109,0.015017,-0.640269,0.767563,0.026028,-0.484054,-0.061900,0.003571,-0.872839
DATA,162.958832,-11.278201,-159.979996,0.011092,-0.640201,0.767636,0.027484,-0.456358,-0.061062,0.001071,-0.887698
DATA,162.860977,-34.708210,-160.467926,0.013555,-0.640242,0.767564,0.027412,-0.424542,-0.060533,-0.001522,-0.903381
DATA,161.831360,-74.193428,-159.654755,0.011951,-0.640262,0.767636,0.025638,-0.388743,-0.060646,-0.002936,-0.919343
DATA,160.769409,-97.048965,-159.672470,0.011362,-0.640181,0.767610,0.028538,-0.348200,-0.060244,-0.007540,-0.935452
DATA,160.795944,-107.231613,-160.642044,0.010622,-0.640188,0.767633,0.028040,-0.302217,-0.059562,-0.014915,-0.951260
DATA,160.092590,-121.285423,-161.396973,0.011959,-0.640286,0.767634,0.025055,-0.250299,-0.058525,-0.021697,-0.966155
DATA,156.427063,-130.995300,-161.695190,0.013102,-0.640211,0.767574,0.028087,-0.195940,-0.055034,-0.025482,-0.978739
DATA,153.171783,-133.421005,-161.184021,0.013124,-0.640252,0.767623,0.025679,-0.142607,-0.050873,-0.026285,-0.988122
DATA,149.555130,-134.602737,-161.609833,0.012203,-0.640130,0.767595,0.029701,-0.090953,-0.046265,-0.025586,-0.994451
DATA,142.859238,-131.934647,-162.755646,0.011025,-0.640230,0.767686,0.025323,-0.039878,-0.042794,-0.026725,-0.997930
DATA,117.597992,-133.262970,-162.463028,0.011517,-0.640164,0.767633,0.028238,0.013201,-0.040300,-0.030879,-0.998623
DATA,82.204163,-127.314468,-162.656311,0.015050,-0.640211,0.767542,0.027966,0.069428,-0.038602,-0.031762,-0.996334
DATA,46.087109,-113.467049,-162.060959,0.012977,-0.640220,0.767631,0.026317,0.126102,-0.035404,-0.030056,-0.990930
DATA,12.409198,-56.488136,-161.948914,0.012664,-0.640201,0.767628,0.027027,0.181459,-0.030463,-0.028683,-0.982508
DATA,-21.407263,3.390155,-161.761856,0.012831,-0.640192,0.767624,0.027264,0.237419,-0.024381,-0.034529,-0.970487
DATA,-46.336437,53.623234,-161.847549,0.011848,-0.640227,0.767672,0.025469,0.296819,-0.016256,-0.044227,-0.953771
DATA,-64.535942,80.758224,-162.492630,0.012587,-0.640159,0.767609,0.028543,0.356187,-0.008055,-0.051753,-0.932946
DATA,-72.386406,93.154083,-162.215744,0.013126,-0.640238,0.767648,0.025293,0.413899,0.002026,-0.059479,-0.908375
DATA,-76.243233,102.705147,-162.714081,0.013149,-0.640155,0.767612,0.028305,0.466532,0.009671,-0.066453,-0.881951
DATA,-85.473755,121.672874,-162.107376,0.012920,-0.640210,0.767649,0.026072,0.511210,0.014182,-0.072818,-0.856248
DATA,-93.084145,135.252625,-161.894806,0.015940,-0.640168,0.767526,0.028898,0.546276,0.016677,-0.077622,-0.833834
DATA,-97.591286,143.970093,-162.902817,0.012662,-0.640118,0.767638,0.028634,0.575024,0.017518,-0.080099,-0.814018
DATA,-97.955879,147.760193,-162.376343,0.012513,-0.640171,0.767651,0.027134,0.600854,0.019586,-0.093651,-0.793612
DATA,-88.449127,146.253372,-162.345963,0.010401,-0.640128,0.767700,0.027648,0.624678,0.019863,-0.103566,-0.773729
DATA,-82.809296,149.648453,-161.956924,0.012667,-0.640188,0.767645,0.026848,0.644162,0.016773,-0.106778,-0.757214
DATA,-78.118401,150.326675,-160.916397,0.013908,-0.640176,0.767587,0.028122,0.657545,0.019236,-0.116041,-0.744177
DATA,-80.191086,152.283615,-161.169586,0.011904,-0.640215,0.767687,0.025279,0.665505,0.014560,-0.119018,-0.736699
DATA,-88.787735,32.118004,-159.380264,0.011119,-0.640106,0.767647,0.029311,0.666315,0.015467,-0.124112,-0.735107
DATA,-82.313423,151.338165,-160.630432,0.011941,-0.640165,0.767649,0.027585,0.661789,0.018133,-0.125404,-0.738905
DATA,-87.488518,153.218094,-161.450668,0.012168,-0.640168,0.767637,0.027756,0.655206,0.012395,-0.125404,-0.744866
DATA,-94.069435,153.145798,-162.736023,0.012112,-0.640251,0.767662,0.025050,0.646266,0.007060,-0.119956,-0.753592
DATA,-98.036278,153.314789,-161.403671,0.012616,-0.640181,0.767614,0.027880,0.635428,0.002061,-0.112657,-0.763894
DATA,-105.158539,153.813934,-161.442551,0.012072,-0.640199,0.767624,0.027427,0.621820,-0.000523,-0.106315,-0.775910
DATA,-114.338875,152.614716,-160.735992,0.010844,-0.640212,0.767655,0.026774,0.606695,0.001137,-0.100616,-0.788541
DATA,-119.878036,150.610580,-160.564972,0.013566,-0.640247,0.767594,0.026437,0.589862,0.000630,-0.091326,-0.802323
DATA,-129.284027,151.050812,-160.312378,0.009302,-0.640216,0.767704,0.025812,0.569475,0.000398,-0.081435,-0.817965
DATA,-133.052826,148.855789,-160.585770,0.013353,-0.640189,0.767595,0.027893,0.546987,0.002647,-0.078074,-0.833488
DATA,-131.355392,145.598984,-160.272385,0.011563,-0.640202,0.767661,0.026552,0.523508,0.005507,-0.075812,-0.848623
DATA,-124.925201,134.022064,-160.027924,0.012041,-0.640158,0.767639,0.027980,0.497500,0.010430,-0.072094,-0.864400
DATA,-109.646011,95.500908,-160.289734,0.012534,-0.640245,0.767669,0.024748,0.467599,0.017082,-0.068825,-0.881092
DATA,-86.481979,29.161762,-160.912323,0.014425,-0.640174,0.767589,0.027849,0.434507,0.023630,-0.066921,-0.897868
DATA,-57.006924,-44.217365,-161.970718,0.012231,-0.640195,0.767666,0.026275,0.398471,0.023713,-0.061525,-0.914808
DATA,-17.360624,-116.635292,-162.220459,0.011094,-0.640180,0.767701,0.026118,0.358126,0.020531,-0.048906,-0.932165
DATA,35.267605,-135.728363,-161.826019,0.013553,-0.640197,0.767613,0.027101,0.310695,0.016487,-0.033264,-0.949784
DATA,89.572510,-141.841278,-162.265656,0.014145,-0.640153,0.767573,0.028897,0.256745,0.013236,-0.015313,-0.966267
DATA,136.468506,-143.755508,-162.413071,0.013542,-0.640221,0.767623,0.026229,0.198231,0.008886,0.003224,-0.980110
DATA,148.066254,-142.501968,-162.075623,0.010022,-0.640205,0.767691,0.026223,0.137216,0.004428,0.017719,-0.990373
DATA,151.176331,-138.252655,-162.636276,0.012672,-0.640187,0.767612,0.027776,0.076616,-0.000990,0.029622,-0.996620
DATA,153.664505,-131.048416,-163.039398,0.011585,-0.640175,0.767653,0.027393,0.018238,-0.007363,0.038700,-0.999057
DATA,156.523773,-119.960136,-162.778931,0.012048,-0.640242,0.767680,0.024741,-0.037859,-0.013085,0.045253,-0.998172
DATA,158.415710,-97.629219,-162.631042,0.012731,-0.640132,0.767612,0.028993,-0.092726,-0.016773,0.050831,-0.994252
DATA,161.141479,-59.700672,-163.027328,0.011303,-0.640197,0.767695,0.025775,-0.146361,-0.020267,0.053934,-0.987552
DATA,163.257919,-14.030362,-162.285355,0.010703,-0.640139,0.767690,0.027565,-0.200871,-0.022215,0.065122,-0.977198
DATA,165.558975,28.207958,-163.895935,0.014461,-0.640195,0.767580,0.027616,-0.255558,-0.022462,0.067615,-0.964165
DATA,164.403473,46.720428,-162.417786,0.012841,-0.640249,0.767644,0.025266,-0.307760,-0.023643,0.066462,-0.948846
DATA,163.504272,61.250431,-161.350494,0.013092,-0.640214,0.767612,0.026967,-0.356071,-0.021766,0.062282,-0.932127
DATA,164.791168,74.102654,-162.050644,0.010511,-0.640189,0.767674,0.026912,-0.398795,-0.020014,0.054856,-0.915179
DATA,165.780807,73.274887,-161.837112,0.012888,-0.640158,0.767583,0.029126,-0.434758,-0.018612,0.045350,-0.899212
DATA,165.762039,63.014526,-161.895782,0.012384,-0.640250,0.767648,0.025342,-0.463913,-0.018244,0.035195,-0.884993
DATA,166.805099,57.515087,-162.098175,0.011476,-0.640158,0.767623,0.028654,-0.488066,-0.019714,0.031104,-0.872030
DATA,166.976868,50.909603,-161.297241,0.011759,-0.640176,0.767616,0.028338,-0.510274,-0.020205,0.029546,-0.859267
DATA,166.966156,51.529213,-161.848068,0.013581,-0.640261,0.767580,0.026508,-0.531473,-0.021946,0.031190,-0.846217
DATA,165.915695,53.047958,-160.929718,0.011089,-0.640207,0.767657,0.026747,-0.550275,-0.029770,0.031044,-0.833875
DATA,165.542114,53.352577,-161.235123,0.012605,-0.640226,0.767601,0.027209,-0.563597,-0.035059,0.032737,-0.824656
DATA,166.212189,53.743004,-162.653793,0.014663,-0.640292,0.767578,0.025215,-0.572220,-0.040390,0.034738,-0.818368
DATA,166.227371,52.925873,-160.856659,0.011161,-0.640157,0.767633,0.028522,-0.575552,-0.046019,0.037322,-0.815616
DATA,165.168152,54.189342,-161.848480,0.011474,-0.640155,0.767621,0.028779,-0.575294,-0.049943,0.042171,-0.815331
DATA,165.478958,56.098591,-161.586700,0.013189,-0.640184,0.767562,0.028952,-0.571495,-0.051971,0.046170,-0.817656
DATA,164.962631,54.699432,-161.435165,0.012154,-0.640220,0.767610,0.027300,-0.565164,-0.051132,0.048536,-0.821961
DATA,165.723969,58.780197,-160.794189,0.013035,-0.640219,0.767597,0.027292,-0.557229,-0.051229,0.047203,-0.827432
DATA,163.817184,59.363827,-160.660950,0.014985,-0.640278,0.767553,0.026120,-0.547707,-0.052641,0.044165,-0.833844
DATA,164.011459,26.111094,-161.107605,0.009874,-0.640216,0.767635,0.027625,-0.502232,-0.063644,0.032516,-0.861774
DATA,163.233719,1.680715,-160.483719,0.014448,-0.640246,0.767499,0.028674,-0.477075,-0.067732,0.028715,-0.875778
DATA,162.631592,-25.169792,-160.387817,0.011944,-0.640272,0.767614,0.026042,-0.444577,-0.070602,0.022286,-0.892676
DATA,163.184433,-65.275963,-160.907318,0.012301,-0.640207,0.767576,0.028475,-0.403583,-0.070521,0.016621,-0.912070
DATA,161.656448,-93.082588,-160.174896,0.010733,-0.640270,0.767664,0.025124,-0.354476,-0.068919,0.010836,-0.932459
DATA,161.216324,-106.350739,-162.371140,0.011269,-0.640227,0.767638,0.026718,-0.298993,-0.065428,0.006199,-0.951990
DATA,161.906738,-121.380013,-163.441650,0.010936,-0.640137,0.767613,0.029586,-0.236622,-0.064223,-0.001418,-0.969476
DATA,158.799454,-129.546539,-162.634964,0.012063,-0.640220,0.767611,0.027317,-0.168196,-0.060403,-0.007850,-0.983870
DATA,153.970520,-132.954620,-163.280670,0.012655,-0.640258,0.767615,0.026018,-0.097001,-0.056659,-0.016596,-0.993532
DATA,140.553925,-130.648651,-162.728699,0.011841,-0.640245,0.767636,0.026102,-0.021941,-0.053131,-0.027612,-0.997965
DATA,83.042686,-125.057869,-163.994583,0.012090,-0.640172,0.767602,0.028663,0.059537,-0.049810,-0.042176,-0.996090
DATA,19.448969,-115.372314,-163.366547,0.013078,-0.640268,0.767613,0.025631,0.146039,-0.043522,-0.058189,-0.986607
DATA,-27.030575,-66.253799,-161.624237,0.013328,-0.640209,0.767569,0.028154,0.231049,-0.034595,-0.071789,-0.969673
DATA,-68.144142,7.753950,-162.151520,0.011664,-0.640192,0.767597,0.028506,0.306261,-0.026955,-0.079148,-0.948269
DATA,-116.216118,81.372940,-161.837997,0.013134,-0.640203,0.767595,0.027681,0.366914,-0.027409,-0.084401,-0.926013
DATA,-149.610550,132.791107,-161.897217,0.012547,-0.640269,0.767644,0.024929,0.412616,-0.031819,-0.090166,-0.905873
DATA,-155.887390,138.875961,-161.836609,0.011243,-0.640147,0.767644,0.028441,0.445154,-0.037418,-0.094272,-0.889691
DATA,-158.696716,142.217346,-161.062485,0.011644,-0.640176,0.767645,0.027567,0.468649,-0.040620,-0.095199,-0.877300
DATA,-158.495148,148.660873,-159.306015,0.014284,-0.640178,0.767567,0.028428,0.486634,-0.040731,-0.094485,-0.867526
DATA,-157.786682,150.639221,-158.906418,0.010366,-0.640201,0.767712,0.025575,0.500947,-0.034803,-0.093810,-0.859675
DATA,-158.809967,154.546768,-160.424026,0.013404,-0.640179,0.767620,0.027386,0.513532,-0.025355,-0.093853,-0.852546
DATA,-158.735794,156.277542,-162.106171,0.011774,-0.640152,0.767667,0.027472,0.524858,-0.020087,-0.093513,-0.845799
DATA,-157.734177,155.213135,-161.986725,0.011616,-0.640145,0.767658,0.027953,0.535675,-0.017624,-0.098614,-0.838461
DATA,-158.914215,157.371094,-162.096512,0.010704,-0.640221,0.767704,0.025143,0.545680,-0.022272,-0.102473,-0.831407
DATA,-156.878677,155.286240,-161.363541,0.012320,-0.640141,0.767611,0.029004,0.551249,-0.025086,-0.104572,-0.827381
DATA,-157.986816,154.169952,-161.078094,0.012278,-0.640193,0.767638,0.027098,0.554533,-0.023812,-0.102285,-0.825508
DATA,-158.032928,155.514206,-160.937592,0.012161,-0.640207,0.767634,0.026928,0.553754,-0.026669,-0.096835,-0.826600
DATA,-158.490799,155.585999,-162.183029,0.013026,-0.640179,0.767591,0.028369,0.547446,-0.030552,-0.089641,-0.831465
DATA,-157.838089,155.722107,-161.273605,0.011149,-0.640255,0.767678,0.024874,0.535776,-0.038899,-0.080511,-0.839612
DATA,-158.801590,155.236130,-161.814667,0.012649,-0.640185,0.767597,0.028242,0.516112,-0.047272,-0.071071,-0.852257
DATA,-158.728577,152.586899,-160.505478,0.010976,-0.640236,0.767677,0.025479,0.490007,-0.051280,-0.067221,-0.867608
DATA,-160.380219,151.294876,-161.919540,0.012189,-0.640244,0.767654,0.025417,0.459839,-0.052265,-0.057342,-0.884606
DATA,-160.892151,144.365936,-162.008636,0.014061,-0.640257,0.767570,0.026622,0.424229,-0.055613,-0.043834,-0.902782
DATA,-161.637253,132.563004,-162.237366,0.012110,-0.640186,0.767603,0.028311,0.382693,-0.059784,-0.028085,-0.921511
DATA,-160.358826,101.159645,-161.233643,0.011642,-0.640247,0.767638,0.026092,0.335007,-0.064306,-0.009949,-0.939966
DATA,-156.987137,50.999615,-161.511047,0.012828,-0.640218,0.767586,0.027730,0.281860,-0.067011,0.009697,-0.957063
DATA,-135.905716,-6.482040,-161.634705,0.009700,-0.640238,0.767702,0.025202,0.224665,-0.064570,0.027697,-0.971900
DATA,-76.530602,-75.219322,-161.433716,0.014341,-0.640207,0.767523,0.028958,0.163980,-0.060422,0.040109,-0.983794
DATA,-21.580851,-111.429146,-161.624176,0.011671,-0.640238,0.767617,0.026880,0.103619,-0.060055,0.046955,-0.991691
DATA,30.047445,-123.007904,-162.585342,0.008868,-0.640177,0.767670,0.027884,0.043973,-0.062335,0.050805,-0.995791
DATA,77.806412,-126.537704,-162.807449,0.013218,-0.640298,0.767579,0.025805,-0.014341,-0.065631,0.053085,-0.996328
DATA,129.305161,-126.383453,-162.221863,0.012762,-0.640253,0.767585,0.026955,-0.071936,-0.067314,0.054313,-0.993652
DATA,149.465851,-130.556458,-162.631256,0.009378,-0.640183,0.767660,0.027849,-0.129945,-0.067416,0.053101,-0.987800
DATA,157.229416,-126.530006,-162.741531,0.013126,-0.640281,0.767593,0.025863,-0.189093,-0.063680,0.054801,-0.978359
DATA,159.224152,-121.208008,-162.145248,0.011288,-0.640213,0.767616,0.027656,-0.250524,-0.060700,0.052225,-0.964793
DATA,161.484787,-109.431152,-161.401810,0.012449,-0.640206,0.767579,0.028367,-0.310144,-0.059689,0.046982,-0.947650
DATA,163.610886,-100.641060,-161.775848,0.011701,-0.640240,0.767616,0.026879,-0.365243,-0.057505,0.038102,-0.928353
DATA,166.684616,-93.731361,-162.113037,0.013249,-0.640244,0.767544,0.028062,-0.412046,-0.055610,0.026624,-0.909075
DATA,165.776108,-94.903229,-161.074997,0.010237,-0.640215,0.767637,0.027453,-0.447454,-0.055779,0.013395,-0.892465
DATA,166.361206,-91.608177,-161.493546,0.015069,-0.640288,0.767538,0.026267,-0.471401,-0.056771,0.001749,-0.880088
DATA,165.551987,-97.554214,-160.921677,0.012090,-0.640219,0.767615,0.027234,-0.488167,-0.063777,0.000863,-0.870416
DATA,165.124008,-97.900719,-161.191406,0.013500,-0.640140,0.767561,0.029817,-0.499502,-0.070708,0.004508,-0.863410
DATA,164.941238,-101.336235,-159.595245,0.011946,-0.640250,0.767654,0.025379,-0.504414,-0.075918,0.008407,-0.860077
DATA,165.228699,-102.631142,-159.436981,0.012824,-0.640173,0.767612,0.028030,-0.504035,-0.077050,0.013068,-0.860140
DATA,162.402298,-107.685806,-158.941299,0.012997,-0.640235,0.767640,0.025682,-0.498921,-0.079469,0.015526,-0.862856
DATA,163.521149,-102.324211,-159.857330,0.013537,-0.640200,0.767592,0.027628,-0.489308,-0.080853,0.014948,-0.868226
DATA,162.473465,-105.370720,-159.139389,0.012371,-0.640208,0.767624,0.027099,-0.477583,-0.077793,0.014260,-0.875020
DATA,162.575745,-104.555145,-160.894257,0.009997,-0.640211,0.767728,0.024973,-0.465035,-0.075877,0.010852,-0.881968
DATA,162.365036,-108.090393,-159.186554,0.012122,-0.640178,0.767628,0.027804,-0.449769,-0.077850,0.006478,-0.889722
DATA,161.301727,-112.688004,-159.525940,0.011461,-0.640203,0.767651,0.026838,-0.428175,-0.081272,0.001991,-0.900032
DATA,159.386780,-121.269089,-159.982483,0.013914,-0.640257,0.767586,0.026248,-0.397174,-0.084703,-0.003418,-0.913820
DATA,158.562027,-126.586830,-160.113342,0.010864,-0.640147,0.767636,0.028779,-0.356098,-0.085844,-0.011276,-0.930429
DATA,159.127960,-134.432861,-161.812256,0.013311,-0.640209,0.767588,0.027635,-0.306031,-0.080495,-0.017127,-0.948458
DATA,156.290054,-140.326874,-162.153458,0.010383,-0.640141,0.767658,0.028511,-0.248502,-0.074083,-0.023090,-0.965518
DATA,152.016983,-142.327164,-161.846802,0.013314,-0.640218,0.767609,0.026851,-0.181673,-0.068591,-0.032069,-0.980440
DATA,126.532211,-139.152054,-162.920853,0.010434,-0.640192,0.767689,0.026436,-0.102957,-0.063100,-0.042381,-0.991777
DATA,69.144737,-138.284790,-162.665497,0.011672,-0.640186,0.767646,0.027307,-0.017975,-0.055163,-0.052033,-0.996959
DATA,18.383007,-137.602127,-162.106201,0.012930,-0.640223,0.767606,0.026995,0.068015,-0.043668,-0.062730,-0.994752
DATA,-24.441292,-128.623276,-162.365845,0.011101,-0.640151,0.767621,0.029018,0.153121,-0.030313,-0.071830,-0.985127
DATA,-62.270836,-92.159569,-160.909027,0.011490,-0.640296,0.767681,0.023570,0.233130,-0.020374,-0.074335,-0.969386
DATA,-92.660225,4.846029,-161.731674,0.013093,-0.640214,0.767590,0.027576,0.302927,-0.017203,-0.081584,-0.949360
DATA,-119.213654,87.488853,-162.749557,0.011088,-0.640162,0.767621,0.028765,0.364367,-0.016867,-0.090729,-0.926672
DATA,-139.887360,142.848236,-162.190109,0.013190,-0.640199,0.767572,0.028379,0.415407,-0.015753,-0.093292,-0.904702
DATA,-152.843658,152.549210,-161.975433,0.012160,-0.640241,0.767636,0.026072,0.455819,-0.020180,-0.092456,-0.885027
DATA,-153.140564,152.682144,-159.321228,0.011623,-0.640219,0.767643,0.026622,0.483941,-0.022988,-0.093117,-0.869829
DATA,-154.757156,150.970016,-159.214722,0.013266,-0.640274,0.767601,0.025735,0.503526,-0.019482,-0.095047,-0.858515
DATA,-154.836014,151.627625,-159.268707,0.012369,-0.640239,0.767614,0.026640,0.519156,-0.013993,-0.096112,-0.849143
DATA,-153.791046,152.503143,-159.512238,0.013522,-0.640184,0.767560,0.028872,0.529808,-0.007506,-0.092093,-0.843069
DATA,-155.083786,154.360794,-160.856262,0.012287,-0.640267,0.767644,0.025103,0.536779,0.000343,-0.084431,-0.839488
DATA,-151.787003,155.491211,-161.250412,0.012532,-0.640173,0.767587,0.028831,0.540203,0.003199,-0.076409,-0.838053
DATA,-143.626785,153.820236,-160.877258,0.012240,-0.640197,0.767602,0.028025,0.541530,0.005584,-0.076155,-0.837206
DATA,-135.257370,154.835922,-161.445801,0.012916,-0.640219,0.767601,0.027231,0.541560,0.005213,-0.075756,-0.837226
DATA,-132.556854,154.566360,-162.098923,0.012298,-0.640232,0.767622,0.026621,0.541600,0.001355,-0.070493,-0.837675
DATA,-133.772507,154.348343,-161.905945,0.010745,-0.640206,0.767686,0.026063,0.536001,-0.004200,-0.064875,-0.841711
DATA,-132.605957,152.137589,-160.128860,0.011631,-0.640140,0.767634,0.028698,0.525769,-0.005210,-0.057447,-0.848669
DATA,-136.541138,149.409500,-159.675293,0.012360,-0.640204,0.767645,0.026600,0.509959,-0.003448,-0.049963,-0.858739
DATA,-138.911514,142.276459,-158.972473,0.010296,-0.640222,0.767703,0.025340,0.486231,-0.002422,-0.041996,-0.872817
DATA,-140.075867,139.962708,-159.767776,0.013278,-0.640212,0.767600,0.027234,0.455663,-0.000723,-0.032373,-0.889563
DATA,-129.480560,124.149445,-161.494354,0.010894,-0.640135,0.767648,0.028736,0.419615,-0.002027,-0.016992,-0.907541
DATA,-107.570602,77.855064,-162.537140,0.014133,-0.640212,0.767591,0.027080,0.376432,-0.006148,0.001317,-0.926423
DATA,-78.719971,34.717613,-161.298187,0.011229,-0.640080,0.767622,0.030472,0.327000,-0.010489,0.021833,-0.944714
DATA,-45.136333,3.493431,-162.348877,0.013018,-0.640188,0.767620,0.027389,0.274172,-0.014637,0.043178,-0.960599
DATA,-8.795465,-20.409664,-162.304764,0.013370,-0.640231,0.767638,0.025656,0.220222,-0.015297,0.059566,-0.973509
DATA,14.078469,-29.648743,-161.961578,0.012172,-0.640172,0.767671,0.026719,0.166501,-0.017585,0.071417,-0.983294
DATA,28.947042,-40.243233,-161.561890,0.010703,-0.640157,0.767706,0.026675,0.112958,-0.022230,0.081058,-0.990038
DATA,39.532913,-49.078186,-160.893280,0.013094,-0.640119,0.767600,0.029431,0.058120,-0.027697,0.087074,-0.994119
DATA,110.251938,-84.011299,-162.272903,0.013042,-0.640207,0.767653,0.025955,-0.107564,-0.035408,0.102455,-0.988271
DATA,144.308746,-89.007515,-162.715988,0.014027,-0.640170,0.767621,0.027292,-0.162912,-0.034562,0.104406,-0.980492
DATA,153.839249,-97.407074,-162.202103,0.012689,-0.640213,0.767667,0.025580,-0.215300,-0.034332,0.102444,-0.970553
DATA,157.174637,-97.172066,-161.652802,0.010870,-0.640146,0.767688,0.027399,-0.262581,-0.031235,0.096634,-0.959551
DATA,160.192917,-93.069771,-161.684082,0.012332,-0.640154,0.767663,0.027292,-0.304364,-0.024782,0.087887,-0.948169
DATA,163.290100,-85.393387,-161.678497,0.012505,-0.640141,0.767661,0.027579,-0.341277,-0.018153,0.076620,-0.936659
DATA,165.300171,-82.247902,-161.396622,0.012656,-0.640126,0.767625,0.028809,-0.373815,-0.012889,0.065478,-0.925099
DATA,166.696045,-81.360130,-162.450699,0.011555,-0.640179,0.767678,0.026600,-0.402856,-0.009833,0.056382,-0.913472
DATA,167.487152,-79.093925,-162.166489,0.013638,-0.640216,0.767643,0.025724,-0.429398,-0.011696,0.050118,-0.901648
DATA,166.221893,-76.587555,-161.296738,0.011285,-0.640198,0.767685,0.026075,-0.450197,-0.021499,0.047940,-0.891382
DATA,165.462830,-79.596092,-161.133118,0.013715,-0.640170,0.767613,0.027645,-0.465052,-0.031642,0.048967,-0.883362
DATA,165.781174,-77.629852,-161.491501,0.013596,-0.640189,0.767626,0.026901,-0.474713,-0.038103,0.050726,-0.877851
DATA,164.841843,-81.368462,-160.142929,0.009513,-0.640124,0.767727,0.027326,-0.481360,-0.041611,0.052319,-0.873970
DATA,163.577011,-91.979752,-159.374527,0.013141,-0.640171,0.767653,0.026775,-0.485573,-0.042481,0.050948,-0.871676
DATA,164.484100,-82.178719,-161.218872,0.011246,-0.640173,0.767710,0.025947,-0.487232,-0.046316,0.048772,-0.870679
DATA,163.920486,-80.618118,-161.139191,0.010672,-0.640114,0.767698,0.027928,-0.485223,-0.051248,0.045792,-0.871685
DATA,164.470062,-83.569420,-161.173111,0.012305,-0.640221,0.767699,0.024550,-0.478617,-0.056729,0.043214,-0.875123
DATA,164.966782,-82.951965,-161.478683,0.012712,-0.640161,0.767661,0.027000,-0.467038,-0.063520,0.040941,-0.881002
DATA,164.758163,-88.619446,-161.068466,0.013219,-0.640141,0.767619,0.028379,-0.449259,-0.071316,0.037849,-0.889746
DATA,163.245987,-96.786163,-160.422302,0.012683,-0.640157,0.767655,0.027282,-0.423799,-0.077746,0.032536,-0.901827
DATA,160.874313,-107.800835,-160.245728,0.014610,-0.640226,0.767617,0.025704,-0.389265,-0.082619,0.025483,-0.917059
DATA,160.600494,-117.027588,-162.308746,0.011295,-0.640097,0.767649,0.029387,-0.346498,-0.084430,0.017450,-0.934080
DATA,157.228836,-129.605118,-161.505096,0.011914,-0.640246,0.767692,0.024352,-0.296491,-0.082682,0.010282,-0.951394
DATA,153.508942,-137.361725,-161.481140,0.013869,-0.640160,0.767597,0.028243,-0.240732,-0.079493,0.002572,-0.967327
DATA,143.341461,-136.189209,-162.801819,0.010346,-0.640173,0.767724,0.025899,-0.179571,-0.075465,-0.005863,-0.980829
DATA,97.559219,-132.085449,-162.838470,0.013456,-0.640138,0.767615,0.028467,-0.113053,-0.070545,-0.012982,-0.990996
DATA,40.560806,-120.812927,-161.464096,0.012022,-0.640178,0.767639,0.027536,-0.044860,-0.063674,-0.016836,-0.996820
DATA,-5.849180,-93.261536,-161.198700,0.013911,-0.640273,0.767630,0.024508,0.022529,-0.056099,-0.021450,-0.997941
DATA,-38.857098,-25.317289,-160.653397,0.012449,-0.640156,0.767612,0.028572,0.090700,-0.047362,-0.026501,-0.994398
DATA,-61.176907,37.431248,-162.934647,0.011854,-0.640211,0.767669,0.025962,0.158796,-0.037610,-0.030447,-0.986125
DATA,-79.010513,92.852875,-163.352066,0.012405,-0.640122,0.767607,0.029489,0.227789,-0.027527,-0.041573,-0.972433
DATA,-90.742157,129.269653,-162.445892,0.011836,-0.640242,0.767667,0.025235,0.295801,-0.016364,-0.056339,-0.953446
DATA,-110.277504,141.155762,-162.987625,0.014525,-0.640290,0.767601,0.024619,0.360109,-0.006098,-0.071006,-0.930184
DATA,-132.376846,147.973907,-161.788879,0.010633,-0.640198,0.767664,0.026953,0.417670,0.000216,-0.082664,-0.904831
DATA,-143.183884,152.587692,-162.133682,0.010612,-0.640211,0.767668,0.026535,0.466304,0.003180,-0.089954,-0.880034
DATA,-146.808716,152.153152,-160.152847,0.012992,-0.640216,0.767563,0.028322,0.505366,0.007566,-0.093179,-0.857826
DATA,-143.629578,152.762436,-160.050491,0.009067,-0.640183,0.767684,0.027299,0.535504,0.009938,-0.092080,-0.839439
DATA,-141.221130,156.289871,-161.676758,0.014841,-0.640265,0.767531,0.027138,0.557431,0.009245,-0.088445,-0.825447
DATA,-133.131134,156.094879,-161.869171,0.010947,-0.640231,0.767624,0.027152,0.572621,0.007651,-0.083753,-0.815495
DATA,-121.857361,155.706238,-160.861877,0.013862,-0.640292,0.767552,0.026429,0.582380,0.004978,-0.079314,-0.809023
DATA,-110.200630,155.497711,-161.278778,0.009862,-0.640178,0.767629,0.028654,0.586603,0.001799,-0.073571,-0.806524
DATA,-108.943405,155.756668,-160.784210,0.013427,-0.640304,0.767563,0.026029,0.587824,0.001500,-0.067812,-0.806141
DATA,-108.303879,155.428040,-161.407516,0.013795,-0.640279,0.767525,0.027518,0.584277,-0.001726,-0.069389,-0.808580
DATA,-102.044510,155.700821,-162.115784,0.010266,-0.640218,0.767599,0.028420,0.581800,0.002181,-0.074653,-0.809896
DATA,-94.287201,155.724213,-162.252121,0.012922,-0.640313,0.767569,0.025907,0.581297,0.006612,-0.079282,-0.809793
DATA,-94.639633,155.405304,-162.183716,0.010270,-0.640245,0.767621,0.027175,0.581562,0.004196,-0.079217,-0.809625
DATA,-98.638626,155.748718,-161.278076,0.013494,-0.640281,0.767550,0.026940,0.580360,-0.001109,-0.076091,-0.810796
DATA,-105.856018,155.128799,-160.422653,0.015243,-0.640279,0.767487,0.027842,0.575179,-0.007515,-0.068793,-0.815095
DATA,-115.568153,155.002060,-160.980576,0.010317,-0.640237,0.767647,0.026628,0.563319,-0.013176,-0.058170,-0.824084
DATA,-126.723099,154.547638,-159.705780,0.014113,-0.640288,0.767549,0.026495,0.544473,-0.017769,-0.045439,-0.837358
DATA,-136.726807,156.734695,-161.025345,0.011486,-0.640259,0.767621,0.026356,0.521361,-0.020165,-0.033359,-0.852446
DATA,-140.695847,155.969681,-160.854294,0.014018,-0.640277,0.767526,0.027440,0.496398,-0.020402,-0.026466,-0.867451
DATA,-143.649155,157.400223,-161.496078,0.011877,-0.640232,0.767577,0.028040,0.473158,-0.022361,-0.024867,-0.880343
DATA,-143.550385,156.738831,-161.870224,0.011934,-0.640222,0.767575,0.028332,0.452657,-0.024566,-0.024093,-0.891021
DATA,-146.489243,155.877625,-161.536240,0.013984,-0.640289,0.767542,0.026711,0.432747,-0.027798,-0.017951,-0.900908
DATA,-150.883453,155.368515,-161.227371,0.013433,-0.640346,0.767582,0.024380,0.411031,-0.033953,-0.009077,-0.910943
DATA,-153.037399,153.463364,-160.649139,0.012752,-0.640220,0.767567,0.028240,0.381243,-0.043594,0.003650,-0.923439
DATA,-155.859222,150.000397,-160.024796,0.013177,-0.640264,0.767583,0.026551,0.341164,-0.049942,0.014778,-0.938560
DATA,-158.090317,145.635498,-160.800247,0.012723,-0.640213,0.767585,0.027904,0.292960,-0.055965,0.024648,-0.954167
DATA,-159.249435,129.443100,-161.359436,0.013494,-0.640239,0.767555,0.027786,0.238615,-0.058851,0.030268,-0.968857
DATA,-158.319199,81.368759,-160.209534,0.011297,-0.640252,0.767628,0.026400,0.180590,-0.060885,0.036097,-0.981008
DATA,-156.786896,13.756623,-159.569000,0.010460,-0.640190,0.767612,0.028618,0.119234,-0.064166,0.040809,-0.989950
DATA,-146.067673,-63.118156,-159.523682,0.011771,-0.640270,0.767604,0.026437,0.057046,-0.068359,0.043845,-0.995063
DATA,6.020124,-136.500473,-160.772522,0.011949,-0.640326,0.767587,0.025495,-0.126130,-0.074266,0.051211,-0.987903
DATA,71.238068,-140.853989,-161.464050,0.012742,-0.640318,0.767556,0.026213,-0.176798,-0.075487,0.046815,-0.980231
DATA,142.748734,-143.285583,-161.909241,0.012333,-0.640236,0.767515,0.029439,-0.220326,-0.069973,0.041743,-0.972017
DATA,157.704361,-143.330292,-162.543777,0.012494,-0.640304,0.767527,0.027516,-0.259405,-0.062553,0.035031,-0.963104
DATA,159.135803,-139.852417,-161.409012,0.011541,-0.640335,0.767569,0.026015,-0.293586,-0.057820,0.028620,-0.953753
DATA,163.223862,-135.253510,-162.302368,0.013070,-0.640318,0.767524,0.026999,-0.323242,-0.055171,0.022385,-0.944441
DATA,163.064789,-136.553757,-162.409058,0.010455,-0.640300,0.767610,0.026125,-0.351002,-0.057031,0.017786,-0.934467
DATA,163.547836,-132.172928,-161.267685,0.013023,-0.640291,0.767516,0.027853,-0.372435,-0.065194,0.014736,-0.925648
DATA,163.246796,-130.769485,-161.806793,0.009673,-0.640293,0.767622,0.026225,-0.387173,-0.072385,0.012543,-0.919076
DATA,162.982620,-129.513168,-160.672058,0.012845,-0.640269,0.767491,0.029101,-0.396686,-0.078032,0.009707,-0.914580
DATA,162.047119,-130.009140,-161.255997,0.012454,-0.640352,0.767542,0.025932,-0.401361,-0.085290,0.008244,-0.911903
DATA,161.759048,-128.458939,-160.388443,0.013687,-0.640269,0.767474,0.029190,-0.402821,-0.088075,0.006087,-0.911011
DATA,161.788574,-130.384155,-160.171371,0.011117,-0.640315,0.767588,0.026107,-0.401994,-0.088777,0.003188,-0.911323
DATA,161.340302,-129.858582,-159.021835,0.013316,-0.640358,0.767517,0.026112,-0.398240,-0.089024,-0.000204,-0.912951
DATA,161.625275,-126.208748,-159.957916,0.012979,-0.640363,0.767525,0.025919,-0.390971,-0.089089,-0.004190,-0.916071
DATA,161.657257,-128.028229,-160.886017,0.012810,-0.640292,0.767494,0.028557,-0.376388,-0.091664,-0.007614,-0.921885
DATA,159.804260,-133.364502,-160.471848,0.010079,-0.640301,0.767606,0.026355,-0.349780,-0.095069,-0.011328,-0.931927
DATA,157.026321,-139.310715,-160.155731,0.011618,-0.640316,0.767549,0.027015,-0.311699,-0.094741,-0.016677,-0.945299
DATA,155.093475,-137.190857,-160.362000,0.011286,-0.640337,0.767580,0.025736,-0.267468,-0.087736,-0.023162,-0.959285
DATA,155.385162,-139.103821,-161.436188,0.013191,-0.640292,0.767514,0.027808,-0.217414,-0.077457,-0.030028,-0.972538
DATA,148.788620,-142.794922,-161.419235,0.012312,-0.640279,0.767559,0.027269,-0.162365,-0.067871,-0.037446,-0.983681
DATA,126.727341,-142.743240,-162.171738,0.012119,-0.640281,0.767582,0.026677,-0.098400,-0.061295,-0.043572,-0.992301
DATA,60.860172,-138.903854,-161.382202,0.011655,-0.640364,0.767630,0.023272,-0.024591,-0.054819,-0.046392,-0.997115
DATA,-6.386170,-122.238335,-161.589081,0.011769,-0.640244,0.767554,0.028476,0.053551,-0.049318,-0.042162,-0.996455
DATA,-49.155773,-59.898048,-160.016327,0.011367,-0.640257,0.767562,0.028107,0.121411,-0.046761,-0.039260,-0.990723
DATA,-68.437698,-5.215936,-159.167313,0.012078,-0.640368,0.767583,0.024464,0.179994,-0.037314,-0.042854,-0.982025
DATA,-83.051003,22.844107,-160.526031,0.011871,-0.640259,0.767528,0.028777,0.233653,-0.027584,-0.049604,-0.970662
DATA,-94.364029,25.254179,-160.338547,0.013429,-0.640365,0.767525,0.025638,0.278316,-0.018886,-0.055703,-0.958687
DATA,-101.888611,11.026928,-160.707092,0.013116,-0.640326,0.767524,0.026776,0.310993,-0.015844,-0.062528,-0.948221
DATA,-114.332565,8.244215,-161.875443,0.010312,-0.640244,0.767571,0.028555,0.333438,-0.016688,-0.064831,-0.940392
DATA,-138.016754,25.254639,-160.053894,0.012669,-0.640374,0.767570,0.024414,0.344639,-0.023729,-0.065378,-0.936155
DATA,-150.361145,40.329975,-160.778015,0.013519,-0.640349,0.767516,0.026268,0.345364,-0.032657,-0.061628,-0.935874
DATA,-155.888260,47.247086,-161.069687,0.013654,-0.640340,0.767497,0.026959,0.337527,-0.042478,-0.054649,-0.938768
DATA,-156.720627,44.938686,-160.543579,0.011428,-0.640350,0.767564,0.025846,0.324699,-0.051109,-0.046995,-0.943266
DATA,-155.046036,41.481339,-157.771500,0.011424,-0.640283,0.767553,0.027758,0.310251,-0.048397,-0.047219,-0.948247
DATA,-156.755890,42.219090,-159.279419,0.012376,-0.640214,0.767504,0.030183,0.297712,-0.051803,-0.047362,-0.952072
DATA,-157.336182,33.633690,-159.652954,0.010185,-0.640319,0.767626,0.025252,0.285651,-0.049763,-0.045989,-0.955935
DATA,-154.732178,16.664186,-159.579697,0.013337,-0.640318,0.767527,0.026795,0.273855,-0.044927,-0.046300,-0.959605
DATA,-153.336716,3.325031,-159.212708,0.013556,-0.640284,0.767478,0.028808,0.261077,-0.042425,-0.038365,-0.963622
DATA,-152.689590,-12.303195,-158.638351,0.011800,-0.640331,0.767574,0.025817,0.246281,-0.040936,-0.029011,-0.967899
DATA,-149.191284,-18.238831,-158.161957,0.014464,-0.640359,0.767492,0.026229,0.228693,-0.038887,-0.019376,-0.972529
DATA,-139.905411,-42.339859,-157.688858,0.010470,-0.640228,0.767563,0.029072,0.209115,-0.031561,-0.014183,-0.977279
DATA,-122.204460,-71.074257,-157.553696,0.010715,-0.640315,0.767613,0.025559,0.190595,-0.022184,-0.014424,-0.981312
DATA,-103.555016,-99.984550,-156.205017,0.013315,-0.640319,0.767543,0.026295,0.175231,-0.011083,-0.016320,-0.984330
DATA,-59.747581,-123.077736,-156.168869,0.013243,-0.640257,0.767523,0.028371,0.163025,0.007286,-0.019763,-0.986397
DATA,-3.621190,-137.054871,-158.088867,0.010240,-0.640289,0.767621,0.026136,0.152885,0.029518,-0.018861,-0.987623
DATA,67.334778,-138.347336,-160.092743,0.014450,-0.640331,0.767496,0.026778,0.142665,0.048624,-0.011895,-0.988504
DATA,133.111847,-144.161331,-158.363861,0.011432,-0.640315,0.767592,0.025867,0.131119,0.064758,-0.004479,-0.989239
DATA,150.379410,-142.174210,-158.891922,0.011653,-0.640262,0.767536,0.028612,0.118774,0.083401,0.004181,-0.989404
DATA,155.798615,-139.602341,-158.669724,0.011785,-0.640326,0.767573,0.025991,0.107542,0.104427,0.003696,-0.988694
DATA,158.380035,-137.154236,-158.698700,0.011886,-0.640242,0.767534,0.028991,0.101824,0.124859,-0.001607,-0.986934
DATA,161.284149,-141.417236,-159.470139,0.012559,-0.640274,0.767541,0.027802,0.102282,0.145646,-0.005567,-0.984020
DATA,163.009933,-143.374039,-158.533112,0.012048,-0.640262,0.767568,0.027554,0.103415,0.168604,-0.007648,-0.980214
DATA,164.177048,-146.878204,-158.737488,0.012907,-0.640275,0.767525,0.028023,0.098794,0.214431,0.008882,-0.971689
DATA,165.554382,-146.660950,-158.234985,0.011240,-0.640327,0.767615,0.024962,0.093837,0.223973,0.008724,-0.970028
DATA,166.333328,-145.536377,-159.528671,0.010887,-0.640263,0.767595,0.027253,0.090263,0.227383,0.011176,-0.969549
DATA,164.209244,-148.033371,-159.152206,0.014424,-0.640293,0.767501,0.027535,0.087833,0.227345,0.010704,-0.969786
DATA,164.646667,-146.161850,-159.512543,0.010540,-0.640311,0.767639,0.024926,0.086676,0.225814,0.009026,-0.970265
DATA,166.136719,-144.424973,-158.921219,0.009501,-0.640182,0.767588,0.029749,0.085815,0.223140,0.007820,-0.970970
DATA,164.808380,-144.911148,-156.676422,0.011397,-0.640290,0.767589,0.026571,0.084045,0.219532,0.012575,-0.971897
DATA,164.490280,-144.057938,-157.920670,0.010736,-0.640312,0.767601,0.025959,0.079827,0.217093,0.020404,-0.972668
DATA,164.855087,-140.461334,-158.381317,0.011829,-0.640309,0.767566,0.026569,0.077900,0.211718,0.024846,-0.973904
DATA,163.992386,-140.159790,-158.307571,0.009025,-0.640234,0.767613,0.028088,0.076870,0.207469,0.025738,-0.974877
DATA,163.531540,-140.157318,-157.875977,0.013536,-0.640309,0.767506,0.027487,0.074891,0.206849,0.023554,-0.975218
DATA,162.932831,-141.719406,-157.017258,0.011400,-0.640364,0.767584,0.024887,0.071135,0.206646,0.025921,-0.975482
DATA,162.809830,-141.158646,-158.724640,0.013725,-0.640302,0.767492,0.027944,0.065991,0.207193,0.028192,-0.975665
DATA,163.328674,-139.144791,-157.621246,0.011700,-0.640340,0.767582,0.025410,0.061952,0.209875,0.030461,-0.975288
DATA,164.353439,-142.961731,-159.545044,0.014869,-0.640275,0.767454,0.029012,0.058648,0.211163,0.034429,-0.975082
DATA,163.163666,-141.190323,-158.601059,0.014608,-0.640369,0.767514,0.025246,0.055937,0.211288,0.037477,-0.975102
DATA,161.776794,-140.294846,-156.498337,0.011147,-0.640249,0.767564,0.028328,0.053165,0.209102,0.037042,-0.975745
DATA,160.254593,-141.285934,-158.115189,0.013281,-0.640344,0.767522,0.026340,0.051081,0.206706,0.038435,-0.976313
DATA,164.542526,-139.409760,-157.126266,0.012668,-0.640372,0.767545,0.025243,0.062192,0.215751,0.036170,-0.973794
DATA,162.470062,-141.840790,-155.427689,0.009565,-0.640204,0.767595,0.029091,0.086130,0.255438,0.037476,-0.962252
DATA,164.641983,-142.094116,-158.063293,0.012937,-0.640309,0.767535,0.026949,0.087163,0.267204,0.040284,-0.958844
DATA,164.433685,-142.729904,-157.247467,0.014383,-0.640350,0.767495,0.026383,0.089746,0.284824,0.033055,-0.953797
DATA,163.976852,-150.084824,-155.554718,0.012737,-0.640314,0.767558,0.026285,0.083802,0.441941,0.038460,-0.892293
DATA,162.662262,-149.631744,-153.548019,0.014270,-0.640281,0.767478,0.028539,0.082518,0.461329,0.042131,-0.882378
DATA,164.682495,-150.770035,-152.360870,0.010449,-0.640258,0.767592,0.027612,0.081332,0.477417,0.047798,-0.873598
DATA,164.320557,-152.287430,-149.318848,0.011465,-0.640270,0.767553,0.028028,0.079994,0.492014,0.054227,-0.865207
DATA,164.301224,-152.966049,-132.583679,0.012366,-0.640318,0.767513,0.027635,0.079435,0.507107,0.058815,-0.856197
DATA,163.652603,-153.584320,-72.920273,0.013865,-0.640321,0.767474,0.027941,0.082059,0.521886,0.061373,-0.846838
DATA,163.508209,-153.685272,-19.746693,0.012253,-0.640383,0.767553,0.024928,0.086297,0.534494,0.064559,-0.838273
DATA,164.424011,-153.135223,24.856974,0.010243,-0.640368,0.767582,0.025326,0.088570,0.544870,0.069343,-0.830942
DATA,163.629288,-153.126022,54.446709,0.013073,-0.640361,0.767494,0.026810,0.089627,0.552435,0.075858,-0.825244
DATA,162.729004,-154.556534,79.326584,0.012555,-0.640295,0.767503,0.028354,0.091677,0.559602,0.081826,-0.819601
DATA,163.689102,-154.710938,101.212326,0.013280,-0.640360,0.767504,0.026442,0.091807,0.564816,0.086672,-0.815502
DATA,163.663940,-154.527344,121.432899,0.011426,-0.640335,0.767538,0.026950,0.091245,0.572295,0.090042,-0.809966
DATA,163.869492,-153.547012,129.319199,0.011130,-0.640250,0.767486,0.030346,0.091864,0.580485,0.092225,-0.803799
DATA,163.941406,-153.669708,134.490189,0.009238,-0.640339,0.767618,0.025346,0.093667,0.587475,0.093757,-0.798317
DATA,163.317856,-153.295013,139.907944,0.014284,-0.640383,0.767477,0.026162,0.094832,0.593258,0.095495,-0.793683
DATA,162.909012,-154.467331,137.992874,0.009572,-0.640289,0.767610,0.026700,0.094087,0.596509,0.099174,-0.790879
DATA,162.867584,-154.607773,136.837189,0.013826,-0.640317,0.767483,0.027778,0.090564,0.599044,0.103307,-0.788842
DATA,163.752625,-154.979935,136.080505,0.010166,-0.640236,0.767588,0.028324,0.086792,0.600337,0.106075,-0.787915
DATA,163.365112,-153.766449,133.442566,0.013932,-0.640331,0.767503,0.026859,0.083228,0.599475,0.105765,-0.788997
DATA,163.491516,-153.748062,124.288864,0.012565,-0.640311,0.767545,0.026818,0.080439,0.595896,0.103652,-0.792271
DATA,163.644730,-154.874878,93.920723,0.011711,-0.640191,0.767491,0.031242,0.080757,0.590175,0.100026,-0.796974
DATA,162.672089,-153.656479,60.741917,0.013905,-0.640337,0.767483,0.027285,0.085768,0.582803,0.095369,-0.802427
DATA,162.097046,-153.990204,33.464569,0.010638,-0.640308,0.767567,0.027075,0.088295,0.578724,0.092571,-0.805427
DATA,163.726852,-152.807877,8.926071,0.012493,-0.640294,0.767496,0.028611,0.090300,0.573055,0.089485,-0.809596
DATA,162.953674,-153.058014,-32.104862,0.013336,-0.640365,0.767504,0.026304,0.090291,0.565533,0.087405,-0.815095
DATA,163.169128,-152.894760,-80.401947,0.012001,-0.640344,0.767522,0.026945,0.093793,0.552519,0.082044,-0.824133
DATA,163.674332,-152.044815,-141.868744,0.011886,-0.640296,0.767485,0.029093,0.100415,0.535607,0.075257,-0.835092
DATA,163.899643,-151.377243,-152.451233,0.011407,-0.640403,0.767549,0.024940,0.105536,0.516202,0.069249,-0.847114
DATA,163.156723,-148.635315,-154.189789,0.012827,-0.640352,0.767486,0.027388,0.108675,0.495101,0.063176,-0.859694
DATA,162.494339,-146.702667,-154.703201,0.011257,-0.640321,0.767530,0.027572,0.113641,0.472835,0.055924,-0.872000
DATA,163.487579,-149.241501,-155.624771,0.011386,-0.640392,0.767550,0.025228,0.118058,0.448432,0.051166,-0.884507
DATA,163.145706,-146.723343,-154.747192,0.012568,-0.640347,0.767475,0.027916,0.119560,0.424483,0.046533,-0.896301
DATA,163.402451,-147.849014,-157.202728,0.011550,-0.640388,0.767489,0.027039,0.125004,0.324988,0.027319,-0.937022
DATA,165.223053,-148.047806,-159.765778,0.014092,-0.640438,0.767430,0.026299,0.122363,0.306352,0.022669,-0.943749
DATA,164.994705,-146.102936,-158.508301,0.009926,-0.640362,0.767525,0.027253,0.117779,0.282165,0.022575,-0.951841
DATA,162.858795,-143.324478,-157.509201,0.013855,-0.640429,0.767430,0.026650,0.111054,0.256391,0.023748,-0.959878
DATA,163.369385,-143.152985,-158.159470,0.012692,-0.640404,0.767462,0.026887,0.110767,0.232207,0.019823,-0.966135
DATA,161.733734,-142.591125,-157.878143,0.009809,-0.640337,0.767530,0.027762,0.109044,0.217918,0.018598,-0.969678
DATA,163.181412,-144.286560,-159.073486,0.012932,-0.640451,0.767470,0.025411,0.110439,0.198568,0.012362,-0.973766
DATA,162.938644,-145.913788,-160.163620,0.010770,-0.640329,0.767488,0.028722,0.112672,0.172808,0.010823,-0.978430
DATA,160.849579,-142.957977,-157.890213,0.012857,-0.640358,0.767440,0.028485,0.113081,0.140888,0.013070,-0.983459
DATA,158.572586,-143.126266,-163.242676,0.011325,-0.640417,0.767514,0.025679,0.111527,0.109920,0.008925,-0.987623
DATA,142.652771,-149.712814,-161.610443,0.014025,-0.640371,0.767433,0.027839,0.107442,0.073243,0.003343,-0.991504
DATA,-45.607929,-143.422287,-161.054962,0.012420,-0.640410,0.767476,0.026476,0.103133,0.023844,-0.005485,-0.994367
DATA,-165.433594,-144.365723,-160.663849,0.012853,-0.640419,0.767472,0.026174,0.099654,-0.028482,-0.016566,-0.994476
DATA,-170.738968,-127.444702,-38.802654,0.011599,-0.640445,0.767516,0.024794,0.056880,-0.356082,-0.034996,-0.932065
DATA,-170.546356,-150.667572,157.346741,0.014677,-0.640430,0.767387,0.027417,0.025424,-0.487307,-0.075789,-0.869564
DATA,-171.233490,-153.692093,156.334213,0.010706,-0.640338,0.767469,0.029055,0.023041,-0.497870,-0.081792,-0.863078
DATA,-169.433258,-146.863586,-162.191101,0.010756,-0.640288,0.767457,0.030408,0.067624,-0.290873,-0.092635,-0.949862
DATA,-165.152420,-146.984680,-162.591537,0.012805,-0.640400,0.767454,0.027174,0.077293,-0.239929,-0.083862,-0.964068
DATA,-163.821182,-144.827545,-161.518341,0.012589,-0.640377,0.767460,0.027640,0.085335,-0.190455,-0.076957,-0.974947
DATA,-66.138634,-147.053314,-162.671631,0.011733,-0.640357,0.767475,0.028074,0.091557,-0.149072,-0.069758,-0.982104
DATA,60.143620,-147.809402,-161.904434,0.012767,-0.640431,0.767459,0.026310,0.094957,-0.118509,-0.064638,-0.986286
DATA,145.185333,-150.752563,-162.136627,0.011750,-0.640508,0.767524,0.022763,0.095703,-0.095025,-0.053996,-0.989392
DATA,155.659119,-147.398651,-163.512207,0.012629,-0.640385,0.767444,0.027878,0.094695,-0.077239,-0.042956,-0.991575
DATA,161.525787,-145.343170,-163.843018,0.010744,-0.640369,0.767505,0.027365,0.094390,-0.060714,-0.035788,-0.993038
DATA,164.830688,-142.511993,-161.910629,0.011097,-0.640386,0.767518,0.026430,0.095312,-0.040555,-0.029933,-0.994170
DATA,165.115051,-146.920456,-162.071777,0.012643,-0.640355,0.767452,0.028334,0.096503,-0.021171,-0.025017,-0.994793
DATA,165.069763,-147.555557,-161.657196,0.011308,-0.640389,0.767513,0.026423,0.098029,-0.004760,-0.026591,-0.994817
DATA,166.042938,-146.035858,-159.966446,0.011909,-0.640306,0.767437,0.030116,0.102015,0.008029,-0.031978,-0.994236
DATA,165.916367,-147.086365,-160.997894,0.013352,-0.640437,0.767449,0.026135,0.109425,0.017293,-0.039917,-0.993043
DATA,164.965225,-151.164963,-160.723236,0.011961,-0.640306,0.767461,0.029468,0.118099,0.022570,-0.041578,-0.991874
DATA,166.381012,-151.581482,-159.556503,0.012452,-0.640436,0.767506,0.024942,0.124748,0.028056,-0.037196,-0.991094
DATA,164.827225,-151.229935,-158.381897,0.013241,-0.640420,0.767466,0.026138,0.130228,0.033702,-0.036776,-0.990228
DATA,165.153259,-147.858353,-158.750076,0.013254,-0.640356,0.767433,0.028534,0.136321,0.039743,-0.041186,-0.989010
DATA,165.788254,-148.505951,-157.562164,0.012662,-0.640392,0.767474,0.026870,0.142012,0.045376,-0.047654,-0.987675
DATA,165.464996,-146.920319,-158.462601,0.012085,-0.640295,0.767439,0.030208,0.147495,0.050915,-0.055954,-0.986165
DATA,163.890320,-149.780731,-157.138000,0.012178,-0.640409,0.767492,0.026135,0.151847,0.057094,-0.061483,-0.984836
DATA,163.368454,-147.521576,-157.225494,0.011393,-0.640357,0.767498,0.027565,0.153268,0.059384,-0.060901,-0.984517
DATA,166.524185,-149.353439,-155.740768,0.012110,-0.640369,0.767502,0.026859,0.150779,0.062769,-0.062244,-0.984607
DATA,164.877975,-148.190369,-157.198166,0.012759,-0.640434,0.767512,0.024635,0.146407,0.064504,-0.066090,-0.984904
DATA,164.890427,-149.044403,-157.501770,0.013869,-0.640333,0.767454,0.028201,0.140233,0.064917,-0.069902,-0.985512
DATA,163.627060,-151.630493,-157.213333,0.013206,-0.640370,0.767493,0.026572,0.133943,0.061632,-0.076457,-0.986111
DATA,165.658157,-149.260712,-159.069046,0.013196,-0.640352,0.767466,0.027778,0.128333,0.056788,-0.081386,-0.986753
DATA,165.426529,-150.090714,-158.324142,0.012052,-0.640381,0.767513,0.026296,0.123968,0.050691,-0.086363,-0.987220
DATA,165.126282,-150.166641,-157.470276,0.015989,-0.640413,0.767399,0.026713,0.120098,0.046892,-0.082445,-0.988221
DATA,165.784180,-147.685867,-157.477539,0.010943,-0.640306,0.767512,0.028543,0.114645,0.042275,-0.075545,-0.989627
DATA,165.723328,-147.510239,-156.833862,0.012471,-0.640355,0.767484,0.027516,0.108596,0.038011,-0.070222,-0.990874
DATA,162.533493,-146.183990,-156.082840,0.010920,-0.640328,0.767549,0.027025,0.106532,0.035904,-0.073913,-0.990908
DATA,163.842712,-147.920761,-158.083359,0.011554,-0.640372,0.767562,0.025288,0.106323,0.041521,-0.070926,-0.990929
DATA,164.427933,-147.403763,-156.588165,0.012689,-0.640341,0.767506,0.027154,0.107464,0.049940,-0.071988,-0.990341
DATA,163.969330,-148.908417,-156.730392,0.011207,-0.640316,0.767553,0.027057,0.109105,0.055716,-0.070814,-0.989938
DATA,163.889389,-148.418579,-158.523666,0.009170,-0.640275,0.767604,0.027336,0.109418,0.055891,-0.065640,-0.990250
DATA,165.364410,-148.827789,-157.455551,0.012934,-0.640333,0.767474,0.028104,0.108056,0.054982,-0.060665,-0.990768
DATA,164.972916,-149.063232,-157.421188,0.012189,-0.640336,0.767511,0.027346,0.107532,0.051175,-0.058343,-0.991168
DATA,165.616501,-149.649460,-158.496353,0.012908,-0.640335,0.767497,0.027445,0.106229,0.045937,-0.052925,-0.991869
DATA,164.058792,-148.410965,-157.826294,0.011049,-0.640383,0.767590,0.024373,0.102295,0.041198,-0.046154,-0.992828
DATA,164.093277,-147.318344,-157.544479,0.012146,-0.640364,0.767528,0.026223,0.097292,0.037246,-0.042181,-0.993664
DATA,164.034927,-145.852768,-156.390778,0.011432,-0.640295,0.767529,0.028113,0.093443,0.035847,-0.041472,-0.994115
DATA,164.229568,-147.706024,-158.824417,0.009549,-0.640353,0.767590,0.025729,0.090958,0.037092,-0.040829,-0.994326
DATA,163.418304,-144.733215,-156.587921,0.013518,-0.640405,0.767503,0.025255,0.090867,0.039596,-0.041756,-0.994199
DATA,163.880859,-146.837555,-159.761337,0.014137,-0.640326,0.767474,0.027698,0.094833,0.016407,-0.028277,-0.994956
DATA,160.520004,-146.428879,-156.295349,0.008914,-0.640258,0.767620,0.027374,0.093896,0.012616,-0.028769,-0.995086
DATA,159.438461,-146.164581,-156.749039,0.013429,-0.640288,0.767468,0.029055,0.092230,0.012264,-0.031688,-0.995158
DATA,163.769226,-143.470474,-161.404709,0.012426,-0.640395,0.767543,0.024845,0.090407,0.012134,-0.034621,-0.995229
DATA,163.204697,-145.452072,-159.909698,0.012164,-0.640299,0.767497,0.028595,0.088390,0.009271,-0.036010,-0.995392
DATA,162.423553,-143.381638,-161.247147,0.013840,-0.640349,0.767468,0.027465,0.086482,0.002958,-0.035857,-0.995604
DATA,163.739456,-144.650009,-160.677399,0.011158,-0.640345,0.767558,0.026231,0.085091,-0.005665,-0.035931,-0.995709
DATA,161.212662,-142.919022,-158.625992,0.012230,-0.640325,0.767514,0.027507,0.083992,-0.010988,-0.035645,-0.995768
DATA,159.413559,-141.640060,-159.526123,0.013077,-0.640293,0.767468,0.029091,0.082324,-0.015401,-0.035639,-0.995849
DATA,157.923874,-142.793640,-159.703506,0.013642,-0.640403,0.767471,0.026188,0.080174,-0.018442,-0.033674,-0.996041
DATA,156.796555,-143.693146,-162.060349,0.012817,-0.640328,0.767494,0.027718,0.076223,-0.035097,-0.015089,-0.996359
DATA,151.596954,-147.978760,-159.802948,0.011037,-0.640350,0.767516,0.027357,0.087514,-0.053316,-0.031825,-0.994226
DATA,151.475952,-146.941925,-161.436539,0.013550,-0.640360,0.767437,0.028230,0.092890,-0.052996,-0.034825,-0.993655
DATA,151.516479,-145.509979,-160.871277,0.009836,-0.640330,0.767553,0.027264,0.097373,-0.053585,-0.034786,-0.993195
DATA,149.289780,-146.832260,-160.949997,0.014195,-0.640389,0.767444,0.027007,0.100552,-0.054699,-0.035677,-0.992786
DATA,152.121704,-145.636780,-160.345261,0.011300,-0.640402,0.767543,0.025198,0.102451,-0.054669,-0.035860,-0.992587
DATA,151.367706,-147.128418,-160.939636,0.012681,-0.640336,0.767485,0.027871,0.103509,-0.053521,-0.036184,-0.992528
DATA,157.514542,-146.002380,-161.738068,0.010653,-0.640342,0.767524,0.027478,0.114185,-0.057928,-0.024824,-0.991458
DATA,157.375076,-147.788727,-161.680969,0.011452,-0.640404,0.767547,0.024970,0.118652,-0.061375,-0.022080,-0.990791
DATA,157.595490,-146.726593,-161.388214,0.014075,-0.640393,0.767429,0.027420,0.122901,-0.065269,-0.019677,-0.990075
DATA,155.783478,-150.030884,-161.686462,0.011516,-0.640352,0.767507,0.027389,0.126794,-0.069778,-0.020891,-0.989251
DATA,157.622284,-145.065964,-161.858154,0.011771,-0.640308,0.767486,0.028867,0.129782,-0.074392,-0.021712,-0.988510
DATA,154.560745,-145.560760,-161.838165,0.011899,-0.640382,0.767523,0.026046,0.131231,-0.078221,-0.023962,-0.987971
DATA,153.205917,-148.897690,-161.377655,0.012164,-0.640433,0.767524,0.024586,0.132123,-0.082636,-0.027261,-0.987406
DATA,151.482910,-146.582596,-159.717682,0.012808,-0.640382,0.767472,0.027098,0.132769,-0.080541,-0.034519,-0.987266
DATA,152.799011,-144.669174,-159.928406,0.012228,-0.640381,0.767506,0.026425,0.134478,-0.073986,-0.040239,-0.987331
DATA,156.087311,-146.532104,-160.990799,0.011359,-0.640411,0.767563,0.024336,0.135687,-0.063488,-0.044105,-0.987731
DATA,156.549942,-149.507233,-162.599365,0.012825,-0.640280,0.767448,0.030011,0.136805,-0.059450,-0.042630,-0.987893
DATA,155.692596,-147.836960,-160.574463,0.010391,-0.640376,0.767568,0.025505,0.136647,-0.054710,-0.049227,-0.987882
DATA,156.500809,-145.830841,-159.989517,0.013828,-0.640360,0.767455,0.027586,0.136192,-0.048302,-0.055082,-0.987970
DATA,157.579453,-147.803406,-160.172180,0.014128,-0.640347,0.767460,0.027609,0.135918,-0.042642,-0.056475,-0.988190
DATA,159.513458,-147.391495,-161.577896,0.014183,-0.640403,0.767491,0.025317,0.134730,-0.041377,-0.053015,-0.988598
DATA,160.266739,-146.532410,-160.566010,0.011393,-0.640270,0.767523,0.028862,0.133548,-0.045226,-0.052476,-0.988618
DATA,158.509857,-146.091171,-158.552765,0.012569,-0.640363,0.767539,0.025719,0.132401,-0.044621,-0.055370,-0.988642
DATA,156.953751,-147.321716,-158.966354,0.011500,-0.640254,0.767527,0.029068,0.132335,-0.039367,-0.059537,-0.988632
DATA,158.280487,-145.094620,-160.155472,0.010478,-0.640302,0.767570,0.027196,0.132728,-0.034802,-0.065537,-0.988371
DATA,156.465973,-146.078247,-158.935699,0.013017,-0.640353,0.767518,0.026351,0.131596,-0.030905,-0.069719,-0.988366
DATA,156.126785,-147.081955,-158.886948,0.012968,-0.640381,0.767522,0.025570,0.128603,-0.027612,-0.071443,-0.988734
DATA,156.921921,-146.102997,-158.870468,0.011187,-0.640276,0.767525,0.028753,0.124003,-0.027273,-0.068620,-0.989531
DATA,159.483612,-144.735229,-160.232574,0.011171,-0.640362,0.767553,0.025957,0.119246,-0.027219,-0.068156,-0.990149
DATA,159.635071,-144.199097,-159.682053,0.012138,-0.640313,0.767497,0.028283,0.115517,-0.028008,-0.064878,-0.990789
DATA,160.489853,-144.326965,-160.700836,0.012495,-0.640365,0.767509,0.026599,0.112844,-0.033981,-0.056763,-0.991408
DATA,158.731598,-144.514023,-162.009003,0.013330,-0.640440,0.767515,0.024071,0.110452,-0.032735,-0.055517,-0.991790
DATA,157.299789,-147.043457,-161.023514,0.013080,-0.640344,0.767465,0.028052,0.109479,-0.030378,-0.056618,-0.991910
DATA,158.152252,-145.978561,-159.873627,0.012016,-0.640356,0.767511,0.026938,0.110664,-0.029170,-0.057134,-0.991785
DATA,159.002869,-144.963150,-160.371918,0.012768,-0.640319,0.767462,0.028810,0.115467,-0.028466,-0.057930,-0.991212
DATA,158.171921,-145.755737,-158.683929,0.013431,-0.640411,0.767481,0.025812,0.123293,-0.023985,-0.051715,-0.990732
DATA,158.839111,-143.733475,-160.035339,0.010062,-0.640322,0.767553,0.027361,0.129854,-0.015400,-0.036523,-0.990741
DATA,163.463242,-141.909393,-158.925842,0.011397,-0.640300,0.767493,0.029003,0.131626,-0.007846,-0.021514,-0.991035
DATA,159.807007,-143.001404,-160.681885,0.011264,-0.640418,0.767553,0.024507,0.133039,-0.001895,-0.021779,-0.990870
DATA,162.152435,-142.159027,-159.878098,0.011426,-0.640334,0.767501,0.027988,0.133853,0.000390,-0.025908,-0.990662
DATA,159.044205,-144.566833,-158.156143,0.012970,-0.640434,0.767510,0.024599,0.135153,-0.000006,-0.029729,-0.990379
DATA,161.098221,-146.479828,-161.212051,0.010742,-0.640343,0.767528,0.027325,0.134542,-0.005504,-0.029714,-0.990447
DATA,159.967636,-144.255646,-161.602829,0.012226,-0.640394,0.767506,0.026088,0.133986,-0.004049,-0.032768,-0.990433
DATA,159.230927,-146.012527,-161.357254,0.011464,-0.640354,0.767518,0.027061,0.134136,-0.003394,-0.032951,-0.990409
DATA,160.500580,-145.340775,-160.127365,0.010517,-0.640349,0.767547,0.026727,0.134594,-0.005239,-0.035428,-0.990253
DATA,160.521851,-144.351379,-160.320374,0.010344,-0.640328,0.767553,0.027133,0.133784,-0.005774,-0.034981,-0.990376
DATA,158.311066,-144.598389,-159.710663,0.013135,-0.640312,0.767471,0.028582,0.131344,-0.003118,-0.036022,-0.990677
DATA,159.665131,-143.811630,-159.305099,0.011176,-0.640403,0.767577,0.024195,0.127811,-0.002745,-0.038073,-0.991064
DATA,159.303238,-142.554489,-159.983887,0.010740,-0.640356,0.767574,0.025669,0.124143,-0.005033,-0.042158,-0.991356
DATA,158.562897,-142.865799,-160.080841,0.016188,-0.640376,0.767420,0.026887,0.120204,-0.010157,-0.040400,-0.991875
DATA,159.442398,-144.931915,-159.835922,0.011699,-0.640302,0.767551,0.027246,0.116451,-0.017464,-0.034539,-0.992442
DATA,160.398300,-142.572876,-160.012695,0.013010,-0.640369,0.767541,0.025256,0.112554,-0.021947,-0.029557,-0.992963
DATA,157.240723,-143.752853,-160.422150,0.012543,-0.640242,0.767515,0.029233,0.108890,-0.024717,-0.024885,-0.993435
DATA,157.141296,-148.557602,-159.921875,0.009773,-0.640317,0.767603,0.026145,0.106706,-0.025397,-0.024789,-0.993657
DATA,155.498322,-146.588455,-158.071365,0.012817,-0.640333,0.767541,0.026247,0.106312,-0.025851,-0.026306,-0.993649
DATA,157.136414,-140.997101,-158.555389,0.010823,-0.640200,0.767546,0.029985,0.106672,-0.025297,-0.031534,-0.993472
DATA,158.065704,-140.035339,-160.735184,0.011858,-0.640289,0.767551,0.027474,0.108976,-0.019404,-0.032482,-0.993324
DATA,157.495697,-141.886185,-158.793594,0.012349,-0.640302,0.767558,0.026753,0.113466,-0.011090,-0.021815,-0.993240
DATA,159.796616,-141.057404,-160.653351,0.011001,-0.640254,0.767573,0.028012,0.116086,-0.010095,-0.016389,-0.993053
DATA,159.067566,-138.596527,-158.902451,0.012610,-0.640211,0.767481,0.030711,0.116834,-0.017618,-0.023378,-0.992720
DATA,158.314987,-139.855377,-158.737885,0.011947,-0.640303,0.767565,0.026694,0.118662,-0.025208,-0.036516,-0.991943
DATA,158.099686,-143.074142,-158.603912,0.010649,-0.640321,0.767615,0.025353,0.121549,-0.024893,-0.048370,-0.991094
DATA,155.541168,-142.075195,-159.006821,0.013580,-0.640269,0.767517,0.028089,0.125377,-0.023241,-0.058228,-0.990126
DATA,156.387344,-142.687973,-158.099838,0.010253,-0.640239,0.767615,0.027512,0.129282,-0.022459,-0.068528,-0.988982
DATA,154.870972,-145.932587,-158.465027,0.013692,-0.640302,0.767538,0.026677,0.132272,-0.021664,-0.078298,-0.987879
DATA,154.451843,-146.954330,-158.249496,0.012200,-0.640217,0.767561,0.028704,0.134516,-0.019034,-0.087539,-0.986854
DATA,153.270264,-147.248184,-157.446091,0.012258,-0.640253,0.767589,0.027081,0.136953,-0.011766,-0.106578,-0.984757
DATA,153.395889,-147.425461,-156.775711,0.010480,-0.640166,0.767609,0.029207,0.140128,-0.010138,-0.101418,-0.984873
DATA,153.396881,-144.690323,-157.750412,0.014567,-0.640249,0.767529,0.027700,0.141459,-0.011180,-0.101480,-0.984666
DATA,153.986893,-146.785507,-158.548523,0.008997,-0.640152,0.767648,0.029001,0.143423,-0.012870,-0.105471,-0.983941
DATA,153.031937,-146.790115,-158.784241,0.012929,-0.640292,0.767579,0.026113,0.146676,-0.013121,-0.110067,-0.982954
DATA,154.423141,-145.987427,-157.697037,0.013561,-0.640217,0.767525,0.029043,0.150450,-0.013401,-0.112513,-0.982103
DATA,154.303986,-146.664703,-157.378586,0.012529,-0.640184,0.767549,0.029596,0.154144,-0.014424,-0.109203,-0.981889
DATA,153.152725,-144.901306,-155.885635,0.013046,-0.640323,0.767595,0.024774,0.156527,-0.011765,-0.100987,-0.982427
DATA,154.112259,-142.003418,-156.953934,0.010959,-0.640200,0.767588,0.028837,0.156705,-0.006932,-0.090278,-0.983486
DATA,153.928284,-141.226257,-155.676468,0.011402,-0.640284,0.767621,0.025783,0.155235,-0.002822,-0.084235,-0.984276
DATA,153.166290,-144.236313,-155.240219,0.011363,-0.640202,0.767580,0.028851,0.154028,0.000990,-0.085149,-0.984390
DATA,153.209061,-144.166534,-156.455414,0.009127,-0.640237,0.767675,0.026234,0.152736,0.004794,-0.084922,-0.984600
DATA,151.790237,-143.410141,-157.226959,0.011689,-0.640203,0.767599,0.028198,0.149130,0.005936,-0.084229,-0.985206
DATA,154.472031,-142.207458,-155.609543,0.010814,-0.640226,0.767634,0.027063,0.147055,0.004875,-0.080374,-0.985845
DATA,154.863983,-140.948349,-156.223648,0.012457,-0.640307,0.767600,0.025324,0.144654,0.001594,-0.073541,-0.986744
DATA,156.442917,-139.842438,-157.745255,0.012174,-0.640240,0.767605,0.026973,0.141796,-0.000293,-0.061923,-0.987957
DATA,157.122757,-138.878479,-155.519623,0.010392,-0.640166,0.767643,0.028357,0.137765,-0.001609,-0.045803,-0.989404
DATA,154.686401,-139.935715,-157.870178,0.013457,-0.640238,0.767564,0.027560,0.133056,-0.003118,-0.033451,-0.990539
DATA,155.689087,-135.314438,-156.355240,0.011766,-0.640239,0.767626,0.026563,0.128416,-0.006355,-0.029215,-0.991270
DATA,155.475998,-137.253769,-157.424683,0.013305,-0.640215,0.767591,0.027428,0.124175,-0.008919,-0.024544,-0.991917
DATA,155.289841,-136.986588,-157.291931,0.011541,-0.640161,0.767649,0.027854,0.121155,-0.008232,-0.023265,-0.992327
DATA,159.426437,-136.961151,-157.452530,0.013852,-0.640218,0.767600,0.026813,0.119330,-0.004467,-0.018045,-0.992681
DATA,158.689102,-134.047333,-158.342209,0.010779,-0.640152,0.767675,0.027630,0.119058,-0.001301,-0.009119,-0.992845
DATA,158.074524,-135.361755,-156.366241,0.012397,-0.640154,0.767614,0.028598,0.119311,0.003587,-0.005496,-0.992835
DATA,159.716156,-134.292282,-156.316849,0.008950,-0.640179,0.767705,0.026837,0.119400,0.006286,-0.001765,-0.992825
DATA,161.634491,-135.047928,-157.983795,0.013989,-0.640240,0.767576,0.026912,0.118861,0.008494,0.002371,-0.992872
DATA,160.338486,-134.285873,-154.337326,0.010978,-0.640222,0.767676,0.025860,0.118982,0.015856,0.002687,-0.992766
DATA,160.680679,-134.835419,-156.221481,0.012719,-0.640192,0.767599,0.028016,0.119377,0.024085,0.007301,-0.992530
DATA,160.225311,-133.582291,-158.915680,0.012500,-0.640180,0.767590,0.028601,0.119768,0.031322,0.015257,-0.992190
DATA,160.616287,-133.451385,-157.694656,0.011596,-0.640186,0.767612,0.028261,0.120109,0.037351,0.021291,-0.991829
