DATA,-162.966003,154.084305,-158.266602,0.160455,0.013752,0.060610,0.985085
DATA,-163.857224,156.157974,-158.171082,0.156753,0.013896,0.060220,0.985702
DATA,-163.734909,154.948502,-158.965027,0.153213,0.014008,0.059263,0.986315
DATA,-165.478333,154.915253,-156.854172,0.149511,0.014311,0.058781,0.986908
DATA,-163.619995,154.687531,-156.926407,0.145870,0.014397,0.058093,0.987492
DATA,-161.911728,153.616058,-156.872131,0.142295,0.014496,0.057524,0.988045
DATA,-162.860580,154.669022,-157.089523,0.138824,0.014520,0.056687,0.988587
DATA,-163.254425,155.951691,-157.493866,0.135446,0.014554,0.055886,0.989100
DATA,-163.361130,154.848175,-158.737000,0.131997,0.014739,0.055084,0.989609
DATA,-162.286118,154.835449,-157.624466,0.128590,0.014816,0.054543,0.990086
DATA,-163.633957,154.404541,-157.737640,0.125268,0.014753,0.053980,0.990543
DATA,-162.931213,154.745331,-155.708694,0.121794,0.014976,0.053442,0.991002
DATA,-162.926758,152.675018,-157.411163,0.118533,0.014953,0.052756,0.991435
DATA,-162.593826,154.096878,-156.557343,0.115262,0.015057,0.052002,0.991859
DATA,-163.406219,153.748947,-157.734390,0.112024,0.015241,0.051353,0.992261
DATA,-162.387695,154.794846,-156.247437,0.108756,0.015291,0.050835,0.992650
DATA,-162.418243,153.809204,-156.040802,0.105678,0.015300,0.050066,0.993021
DATA,-163.237808,154.879150,-157.321808,0.102494,0.015466,0.049475,0.993382
DATA,-162.598038,156.202255,-159.178406,0.099310,0.015606,0.048996,0.993727
DATA,-162.512451,154.393845,-158.382004,0.096337,0.015632,0.048333,0.994052
DATA,-165.985077,155.300415,-159.356308,0.093219,0.015851,0.047635,0.994379
DATA,-160.443192,154.579086,-157.024689,0.090272,0.015937,0.046975,0.994681
DATA,-161.543961,154.558182,-157.984344,0.087268,0.016071,0.046454,0.994971
DATA,-164.572357,156.514786,-157.691711,0.084303,0.016199,0.045839,0.995253
DATA,-161.828323,155.912857,-157.116882,0.081421,0.016163,0.045191,0.995524
DATA,-162.389023,153.698700,-157.398865,0.078493,0.016475,0.044655,0.995778
DATA,-162.699554,154.695572,-155.957855,0.075648,0.016739,0.044078,0.996019
DATA,-164.364441,156.612762,-158.870239,0.073038,0.016810,0.043364,0.996244
DATA,-164.710739,156.363785,-158.317215,0.070169,0.016940,0.042841,0.996471
DATA,-163.349503,155.752991,-158.635574,0.067351,0.017007,0.042196,0.996692
DATA,-163.068253,155.957458,-157.861343,0.064664,0.016960,0.041673,0.996892
DATA,-163.587509,154.691269,-158.024887,0.061967,0.016970,0.041075,0.997088
DATA,-161.982849,154.472000,-156.320602,0.059256,0.017077,0.040576,0.997272
DATA,-163.505249,155.395325,-158.723022,0.056682,0.017043,0.039981,0.997446
DATA,-162.541672,154.059326,-157.100830,0.054071,0.017014,0.039438,0.997613
DATA,-161.860001,154.461990,-156.975571,0.051438,0.017085,0.039097,0.997764
DATA,-163.008743,155.241760,-156.872101,0.049011,0.017134,0.038473,0.997910
DATA,-162.924072,155.448746,-159.449539,0.046519,0.017135,0.037953,0.998049
DATA,-160.588806,156.509445,-159.322250,0.044015,0.017137,0.037437,0.998182
DATA,-161.484421,154.198441,-156.988449,0.041576,0.017138,0.036892,0.998307
DATA,-162.396439,153.956146,-159.216675,0.039184,0.017204,0.036431,0.998419
DATA,-162.608521,154.242432,-158.556030,0.036792,0.017333,0.035930,0.998526
DATA,-163.359070,156.226501,-157.602631,0.034321,0.017450,0.035574,0.998625
DATA,-161.456833,154.483002,-157.795349,0.031924,0.017522,0.035037,0.998722
DATA,-162.711243,154.507172,-156.907700,0.029578,0.017617,0.034485,0.998812
DATA,-161.944946,154.955063,-157.287613,0.027290,0.017641,0.034038,0.998892
DATA,-161.889206,154.900482,-157.197693,0.025248,0.017727,0.033301,0.998969
DATA,-163.589081,154.970047,-157.330719,0.022954,0.017820,0.032991,0.999033
DATA,-162.784164,157.339035,-156.111038,0.020808,0.017811,0.032523,0.999096
DATA,-162.406921,153.415390,-157.059113,0.018641,0.017909,0.032187,0.999148
DATA,-164.012329,154.800797,-158.502197,0.016421,0.017887,0.031836,0.999198
DATA,-162.431534,154.256927,-158.230270,0.014365,0.018046,0.031408,0.999240
DATA,-162.517471,154.439972,-158.032730,0.012358,0.017929,0.031005,0.999282
DATA,-162.510345,154.354721,-157.874496,0.010245,0.017972,0.030448,0.999322
DATA,-162.445221,155.510239,-157.738983,0.008234,0.017956,0.030092,0.999352
DATA,-160.497513,154.737137,-155.648499,0.006224,0.018032,0.029617,0.999379
DATA,-162.350586,156.248688,-156.559723,0.004203,0.017988,0.029273,0.999401
DATA,-163.104706,154.953903,-157.912064,0.002175,0.018070,0.028825,0.999419
DATA,-162.581848,154.130325,-156.326385,0.000315,0.018083,0.028193,0.999439
DATA,-162.150940,156.447693,-158.103256,-0.001454,0.018031,0.027626,0.999455
DATA,-162.851868,156.470093,-157.451096,-0.003333,0.018172,0.027144,0.999461
DATA,-162.765671,155.869415,-157.972137,-0.005116,0.018014,0.026619,0.999470
DATA,-161.769028,154.141373,-156.907150,-0.006922,0.017960,0.026305,0.999469
DATA,-163.017670,154.227295,-157.794571,-0.008729,0.017902,0.025823,0.999468
DATA,-163.034653,152.628235,-156.600418,-0.010586,0.017980,0.025513,0.999457
DATA,-162.278076,154.117905,-157.080612,-0.012249,0.017999,0.025059,0.999449
DATA,-162.403305,153.940964,-156.562286,-0.014049,0.018226,0.024769,0.999428
DATA,-163.598434,154.284317,-156.442841,-0.015747,0.018222,0.024348,0.999413
DATA,-163.822433,154.349518,-158.207230,-0.017475,0.018238,0.023995,0.999393
DATA,-163.411407,155.892090,-157.876190,-0.019148,0.018295,0.023608,0.999370
DATA,-162.202454,154.296555,-157.370392,-0.020797,0.018265,0.023214,0.999347
DATA,-162.878342,154.092560,-157.871811,-0.022393,0.018264,0.022833,0.999322
DATA,-163.198654,156.131973,-158.553909,-0.023943,0.018158,0.022419,0.999297
DATA,-162.883270,154.623581,-155.894577,-0.028657,0.018083,0.021585,0.999193
DATA,-162.636261,154.647568,-156.521301,-0.030196,0.018109,0.021154,0.999156
DATA,-162.908493,154.146378,-157.613159,-0.031689,0.018195,0.020870,0.999114
DATA,-163.559631,155.542206,-159.085709,-0.033049,0.018219,0.020519,0.999077
DATA,-163.201859,155.814072,-157.659180,-0.034478,0.018351,0.020101,0.999035
DATA,-162.910675,154.273834,-157.928467,-0.035940,0.018437,0.019863,0.9989DATA,-162.360428,156.055801,-158.194885,-0.144047,0.017097,-0.004779,0.989412
DATA,-163.270828,154.711304,-157.561966,-0.144082,0.017054,-0.004807,0.989407
DATA,-161.994263,154.497253,-157.971985,-0.144046,0.017070,-0.004909,0.989412
DATA,-164.790222,153.483749,-158.686020,-0.144068,0.017134,-0.004870,0.989408
DATA,-162.192917,155.559189,-157.169861,-0.144048,0.017124,-0.005027,0.989410
DATA,-162.106461,156.758301,-157.790756,-0.144102,0.017166,-0.004930,0.989402
DATA,-161.187012,154.679596,-156.817276,-0.144107,0.017090,-0.004908,0.989402
DATA,-164.092026,153.798157,-157.306030,-0.144133,0.017054,-0.004858,0.989400
DATA,-163.375763,155.647415,-157.966660,-0.144141,0.017113,-0.004797,0.989398
DATA,-163.573898,154.099442,-156.214264,-0.144197,0.017130,-0.004812,0.989389
DATA,-161.565491,155.997818,-157.562912,-0.144213,0.017190,-0.004846,0.989385
DATA,-161.308075,154.508926,-157.110809,-0.144199,0.017245,-0.004872,0.989386
DATA,-161.343552,153.593063,-156.836166,-0.144188,0.017276,-0.005092,0.989386
DATA,-163.290665,153.682007,-158.171860,-0.144286,0.017373,-0.005004,0.989371
DATA,-162.765472,154.168304,-158.289276,-0.144386,0.017375,-0.004937,0.989357
DATA,-163.396896,156.229919,-158.526672,-0.144364,0.017354,-0.005166,0.989359
DATA,-163.587479,154.534012,-157.407700,-0.144291,0.017450,-0.005170,0.989368
DATA,-162.136398,154.491562,-156.774628,-0.144333,0.017279,-0.005149,0.989365
DATA,-163.217575,153.842651,-156.921951,-0.144528,0.017303,-0.004894,0.989337
DATA,-162.566132,155.301758,-156.631088,-0.144476,0.017186,-0.004943,0.989347
DATA,-161.081116,153.811661,-156.599243,-0.144355,0.017281,-0.005100,0.989362
DATA,-162.840881,155.331985,-157.812057,-0.144266,0.017248,-0.005106,0.989375
DATA,-162.140167,154.472427,-157.005020,-0.144386,0.017174,-0.004938,0.989360
DATA,-162.372543,154.150986,-157.565277,-0.144376,0.017201,-0.004977,0.989361
DATA,-164.521790,157.820953,-158.561371,-0.144285,0.017340,-0.004844,0.989372
DATA,-164.499954,156.008545,-157.727859,-0.144282,0.017351,-0.004812,0.989373
DATA,-162.088501,156.055359,-158.408096,-0.144311,0.017179,-0.004728,0.989372
DATA,-163.035324,157.027252,-157.712814,-0.144259,0.017159,-0.004761,0.989380
DATA,-162.477814,155.076965,-155.593094,-0.144237,0.017190,-0.004755,0.989382
DATA,-162.692062,153.161377,-157.225662,-0.144321,0.017132,-0.004682,0.989372
DATA,-163.432892,156.339050,-158.802444,-0.144440,0.017207,-0.004542,0.989354
DATA,-161.384109,154.235153,-156.464294,-0.144398,0.017190,-0.004554,0.989360
DATA,-161.992264,154.228027,-157.336670,-0.144299,0.017252,-0.004596,0.989373
DATA,-162.380630,155.716293,-155.874954,-0.144308,0.017259,-0.004504,0.989372
DATA,-162.791992,157.596375,-158.497910,-0.144437,0.017195,-0.004385,0.989355
DATA,-163.970978,154.856857,-157.853256,-0.144559,0.017225,-0.004229,0.989337
DATA,-162.954422,154.923370,-156.988022,-0.144509,0.017074,-0.004232,0.989347
DATA,-162.994965,155.999771,-157.601700,-0.144602,0.017080,-0.004205,0.989334
DATA,-161.904343,154.794601,-157.976974,-0.144643,0.016994,-0.004256,0.989329
DATA,-164.093979,154.894699,-158.953964,-0.144549,0.016804,-0.004232,0.989346
DATA,-163.442017,154.597366,-157.822891,-0.144606,0.016834,-0.004235,0.989337
DATA,-160.110352,155.477982,-156.090607,-0.144722,0.016813,-0.004327,0.989320
DATA,-164.760941,156.102829,-157.987076,-0.144595,0.016661,-0.004321,0.989341
DATA,-164.109436,155.765915,-157.984543,-0.144593,0.016711,-0.004394,0.989340
DATA,-161.692154,154.760818,-156.380829,-0.144517,0.016625,-0.004387,0.989353
DATA,-162.571289,156.511002,-158.075806,-0.144484,0.016627,-0.004397,0.989358
DATA,-162.439377,154.550049,-157.876846,-0.144428,0.016603,-0.004393,0.989366
DATA,-163.622162,156.153183,-158.799210,-0.144427,0.016621,-0.004314,0.989366
DATA,-162.118942,156.544571,-158.518951,-0.144371,0.016658,-0.004266,0.989374
DATA,-161.976761,155.063492,-157.126999,-0.144412,0.016708,-0.004235,0.989367
DATA,-164.118576,153.470825,-158.436935,-0.144480,0.016698,-0.004132,0.989358
DATA,-163.551544,156.330856,-158.382690,-0.144562,0.016733,-0.003997,0.989346
DATA,-163.309525,157.106827,-158.084549,-0.144566,0.016868,-0.003942,0.989344
DATA,-160.834686,154.785751,-157.095154,-0.144587,0.016808,-0.003909,0.989342
DATA,-163.464005,156.411209,-158.046600,-0.144564,0.016826,-0.003939,0.989344
DATA,-163.891129,154.662964,-158.318802,-0.144551,0.016721,-0.003973,0.989348
DATA,-162.614822,154.175552,-158.015457,-0.144545,0.016757,-0.003946,0.989349
DATA,-163.748489,156.546295,-158.766602,-0.144615,0.016747,-0.004013,0.989338
DATA,-162.870911,154.462616,-158.486511,-0.144625,0.016742,-0.004115,0.989336
DATA,-163.789108,154.461105,-157.619522,-0.144641,0.016840,-0.004077,0.989332
DATA,-163.213867,156.020691,-156.766937,-0.144587,0.016902,-0.004139,0.989339
DATA,-162.426956,156.232788,-157.144867,-0.144764,0.016927,-0.004051,0.989313
DATA,-161.520233,155.523285,-157.864502,-0.144710,0.016855,-0.004122,0.989322
DATA,-163.309036,155.733826,-159.068817,-0.144713,0.016772,-0.004117,0.989323
DATA,-162.104797,154.461975,-157.464981,-0.144689,0.016767,-0.004042,0.989327
DATA,-162.227249,155.079575,-156.978973,-0.144581,0.016814,-0.004102,0.989342
DATA,-162.222427,154.536514,-157.685852,-0.144634,0.016791,-0.004134,0.989334
DATA,-162.834381,150.826385,-157.337769,-0.144699,0.016787,-0.004178,0.989325
DATA,-163.609924,153.270752,-158.346634,-0.144671,0.016730,-0.004274,0.989329
DATA,-163.167419,156.275574,-157.831589,-0.144642,0.016771,-0.004434,0.989332
DATA,-162.060562,156.248306,-157.520340,-0.144518,0.016631,-0.004541,0.989352
DATA,-162.878220,153.975739,-158.158844,-0.144548,0.016599,-0.004452,0.989349
DATA,-161.997604,154.836731,-157.083115,-0.144505,0.016553,-0.004404,0.989356
DATA,-163.625092,155.626572,-159.118927,-0.144485,0.016507,-0.004421,0.989359
DATA,-162.503754,157.091522,-158.935699,-0.144482,0.016581,-0.004347,0.989359
DATA,-160.932938,156.286041,-157.728821,-0.144478,0.016652,-0.004274,0.989359
DATA,-160.575668,154.727005,-156.182343,-0.144445,0.016719,-0.004181,0.989363
DATA,-164.221527,154.913467,-156.983948,-0.144474,0.016753,-0.004147,0.989358
DATA,-163.732956,156.306442,-158.115768,-0.144291,0.016751,-0.004326,0.989384
DATA,-162.540451,154.190826,-158.020477,-0.144183,0.016612,-0.004529,0.989401
DATA,-162.790436,157.519104,-158.089447,-0.144158,0.016571,-0.004550,0.989406
DATA,-164.162766,154.242706,-158.192368,-0.144213,0.016663,-0.004406,0.989397
DATA,-162.920471,154.427429,-157.501038,-0.144257,0.016717,-0.004480,0.989389
DATA,-162.955688,154.696213,-158.230621,-0.144344,0.016762,-0.004362,0.989376
DATA,-163.668472,153.661575,-157.262756,-0.144449,0.016781,-0.004340,0.989360
DATA,-161.766876,156.056305,-156.768890,-0.144463,0.016768,-0.004217,0.989359
DATA,-163.675079,155.612701,-159.047287,-0.144513,0.016920,-0.004033,0.989350
DATA,-162.652878,156.902130,-158.416656,-0.144513,0.016961,-0.004021,0.989349
DATA,-162.240005,154.774719,-157.987808,-0.144504,0.017083,-0.004158,0.989348
DATA,-163.447601,155.786758,-157.644318,-0.144416,0.016988,-0.004365,0.989362
DATA,-163.062180,157.321838,-158.416824,-0.144505,0.016850,-0.004293,0.989351
DATA,-164.776245,154.473129,-159.546921,-0.144424,0.016784,-0.004386,0.989364
DATA,-162.862854,155.159546,-157.345108,-0.144482,0.016826,-0.004308,0.989355
DATA,-163.477432,153.867371,-158.352417,-0.144412,0.016674,-0.004526,0.989367
DATA,-162.053528,155.232361,-158.362778,-0.144403,0.016645,-0.004526,0.989369
DATA,-162.342896,152.782211,-156.951675,-0.144348,0.016599,-0.004576,0.989377
DATA,-161.887405,154.909805,-157.434174,-0.144396,0.016706,-0.004577,0.989368
DATA,-163.664948,156.562347,-158.431351,-0.144361,0.016615,-0.004761,0.989374
DATA,-163.540894,155.170456,-158.110428,-0.144251,0.016594,-0.004808,0.989390
DATA,-163.595825,153.339264,-157.484894,-0.144196,0.016627,-0.004920,0.989397
DATA,-163.559616,151.702499,-157.563568,-0.144172,0.016669,-0.004924,0.989400
DATA,-163.376144,153.864899,-158.790100,-0.144157,0.016782,-0.004935,0.989400
DATA,-163.677689,156.680420,-157.657745,-0.144188,0.016729,-0.004787,0.989397
DATA,-162.219345,154.224930,-156.648193,-0.144139,0.016729,-0.004643,0.989405
DATA,-163.346375,153.719879,-156.357224,-0.144092,0.016731,-0.004618,0.989412
DATA,-162.698593,155.519730,-158.052917,-0.144224,0.016805,-0.004412,0.989393
DATA,-163.416504,155.361954,-157.751419,-0.144168,0.016831,-0.004528,0.989400
DATA,-163.947632,153.145630,-156.944702,-0.144194,0.016900,-0.004440,0.989395
DATA,-162.924927,155.711472,-158.294708,-0.144296,0.016879,-0.004318,0.989381
DATA,-164.381317,156.902679,-159.071381,-0.144328,0.016815,-0.004375,0.989377
DATA,-162.393600,155.399109,-157.917770,-0.144329,0.016776,-0.004370,0.989378
DATA,-162.274063,155.974884,-156.597580,-0.144365,0.016957,-0.004404,0.989369
DATA,-164.328705,153.822220,-156.927887,-0.144392,0.017007,-0.004371,0.989365
DATA,-162.796738,153.736542,-156.546677,-0.144465,0.016971,-0.004178,0.989356
DATA,-163.393799,154.803772,-158.667557,-0.144443,0.016911,-0.004201,0.989360
DATA,-161.899109,155.176361,-157.813507,-0.144519,0.016927,-0.004098,0.989349
DATA,-164.271667,153.826462,-157.867020,-0.144572,0.016903,-0.004103,0.989341
DATA,-163.702316,155.939514,-157.987595,-0.144589,0.016931,-0.004239,0.989338
DATA,-161.690002,152.193253,-157.645706,-0.144517,0.017145,-0.004538,0.989343
DATA,-162.860397,155.350632,-157.880035,-0.144501,0.017064,-0.004665,0.989347
DATA,-162.160568,153.614777,-156.429901,-0.144433,0.017047,-0.004421,0.989358
DATA,-161.711853,155.046844,-157.163132,-0.144412,0.016784,-0.003433,0.989369
DATA,-162.491943,155.525757,-157.685257,-0.144424,0.017842,-0.003310,0.989350
DATA,-162.528015,155.529572,-157.466034,-0.144418,0.017210,-0.003741,0.989360
DATA,-165.963013,154.621613,-158.035172,-0.144384,0.016614,-0.003856,0.989375
DATA,-162.408844,154.862869,-156.225647,-0.144365,0.017224,-0.003635,0.989368
DATA,-160.372894,155.554169,-158.386642,-0.144258,0.017280,-0.003870,0.989382
DATA,-163.178314,154.189163,-158.561417,-0.144192,0.016942,-0.004001,0.989397
DATA,-165.176743,154.358337,-157.162369,-0.144168,0.016940,-0.003864,0.989401
DATA,-162.312241,156.269531,-158.001816,-0.144166,0.017057,-0.003788,0.989399
DATA,-162.324249,156.860718,-157.906464,-0.144248,0.016883,-0.003872,0.989390
DATA,-161.139008,153.970062,-157.507645,-0.144304,0.016918,-0.003902,0.989381
DATA,-163.583115,155.556534,-158.066879,-0.144348,0.017014,-0.004065,0.989372
DATA,-163.258942,155.727234,-158.048950,-0.144386,0.016949,-0.004106,0.989368
DATA,-162.268265,155.408356,-157.280243,-0.144466,0.016879,-0.004116,0.989357
DATA,-162.464233,155.103409,-158.346802,-0.144503,0.016927,-0.004051,0.989351
DATA,-163.014664,157.029465,-158.178650,-0.144497,0.016995,-0.004148,0.989350
DATA,-162.616882,156.953140,-157.700592,-0.144364,0.016866,-0.004365,0.989371
DATA,-162.123337,155.489120,-158.130203,-0.144356,0.016715,-0.004546,0.989374
DATA,-161.854996,154.400162,-157.060760,-0.144450,0.016688,-0.004526,0.989361
DATA,-163.388596,154.392929,-157.491058,-0.144358,0.016791,-0.004587,0.989372
DATA,-162.626282,154.052612,-156.921555,-0.144389,0.016854,-0.004557,0.989367
DATA,-162.273651,155.493927,-157.063828,-0.144419,0.016894,-0.004598,0.989362
DATA,-162.734909,156.049423,-156.772980,-0.144511,0.016744,-0.004537,0.989351
DATA,-163.278885,155.776215,-157.361145,-0.144563,0.016829,-0.004387,0.989343
DATA,-162.576523,153.679031,-157.708496,-0.144632,0.018201,-0.002449,0.989315
DATA,-162.904022,154.419739,-157.257477,-0.145098,0.016128,-0.001502,0.989285
DATA,-162.824722,156.254883,-157.112244,-0.145258,0.015368,-0.004097,0.989266
DATA,-162.913422,155.315872,-157.537384,-0.144940,0.016114,-0.005227,0.989295
DATA,-163.083267,153.469543,-156.766937,-0.144641,0.015553,-0.004838,0.989350
DATA,-163.488495,155.928375,-158.563934,-0.144687,0.015558,-0.005010,0.989343
DATA,-162.475159,154.076996,-156.810455,-0.144895,0.016380,-0.004858,0.989300
DATA,-164.557831,153.702927,-157.366745,-0.144778,0.016294,-0.005538,0.989315
DATA,-163.687057,152.496552,-157.566345,-0.144769,0.016098,-0.006020,0.989316
DATA,-162.709290,154.656525,-157.174896,-0.144754,0.016327,-0.005851,0.989316
DATA,-163.023773,156.999725,-159.197266,-0.144744,0.016020,-0.005072,0.989327
DATA,-161.676376,156.410736,-157.241547,-0.144701,0.014119,-0.005342,0.989360
DATA,-162.272507,154.462051,-157.641556,-0.144693,0.014334,-0.004994,0.989360
DATA,-162.779037,156.227798,-157.241882,-0.144730,0.015044,-0.004928,0.989345
DATA,-164.197601,154.834030,-158.938354,-0.144795,0.015148,-0.004815,0.989334
DATA,-161.633698,154.433807,-155.866364,-0.144788,0.015212,-0.004544,0.989335
DATA,-161.772446,154.576202,-156.356445,-0.144774,0.015322,-0.004604,0.989335
DATA,-164.408081,153.714554,-157.477386,-0.144835,0.015487,-0.004641,0.989324
DATA,-163.001755,154.364075,-156.585220,-0.144984,0.015408,-0.004362,0.989304
DATA,-163.590744,154.856552,-157.516983,-0.144991,0.015586,-0.004418,0.989300
DATA,-162.877945,152.853470,-157.074570,-0.145074,0.015547,-0.004153,0.989290
DATA,-163.876678,154.338898,-157.565048,-0.145076,0.015462,-0.004221,0.989291
DATA,-162.633347,155.244843,-157.241974,-0.145081,0.015419,-0.004176,0.989291
DATA,-161.779434,158.175613,-158.300812,-0.145063,0.015541,-0.004211,0.989292
DATA,-162.243423,153.680984,-156.901932,-0.144985,0.015600,-0.004164,0.989302
DATA,-162.683365,154.561203,-156.721054,-0.144756,0.015686,-0.004393,0.989333
DATA,-163.385010,154.198654,-158.307236,-0.144691,0.015492,-0.004511,0.989345
DATA,-160.813736,155.059067,-156.923752,-0.144860,0.015538,-0.004564,0.989320
DATA,-161.537155,153.722107,-158.201126,-0.144886,0.015547,-0.004673,0.989315
DATA,-162.526871,154.477127,-157.534607,-0.144913,0.015918,-0.004583,0.989306
DATA,-162.678268,154.232239,-157.543884,-0.144979,0.016133,-0.004158,0.989294
DATA,-162.409134,153.396408,-157.036911,-0.144958,0.016404,-0.004140,0.989293
DATA,-162.510956,153.927063,-156.052673,-0.145072,0.016361,-0.004247,0.989277
DATA,-163.706238,154.864182,-158.787064,-0.145051,0.016277,-0.004028,0.989282
DATA,-162.493881,154.110168,-159.251877,-0.145072,0.016211,-0.004350,0.989279
DATA,-162.738342,154.570206,-156.941483,-0.145068,0.016323,-0.004190,0.989278
DATA,-162.219864,155.824326,-157.334610,-0.145059,0.016412,-0.004297,0.989278
DATA,-162.032196,154.508682,-157.067307,-0.145049,0.016445,-0.004326,0.989278
DATA,-162.899994,153.381683,-156.543594,-0.144947,0.016499,-0.004457,0.989292
DATA,-163.675278,155.695465,-157.874008,-0.144923,0.016392,-0.004563,0.989297
DATA,-163.009674,155.558975,-158.011047,-0.144983,0.016378,-0.004567,0.989288
DATA,-164.287918,154.592300,-157.782043,-0.144959,0.016419,-0.004708,0.989290
DATA,-163.078506,152.678452,-156.366409,-0.144934,0.016521,-0.004561,0.989293
DATA,-162.484467,155.068192,-158.308640,-0.144898,0.016561,-0.004435,0.989298
DATA,-162.830841,157.162384,-157.215912,-0.144807,0.016537,-0.004447,0.989312
DATA,-163.708359,156.038757,-157.589890,-0.144814,0.016547,-0.004417,0.989311
DATA,-162.461517,153.872650,-157.456573,-0.144788,0.016504,-0.004344,0.989316
DATA,-163.657272,152.594009,-157.963882,-0.144686,0.016499,-0.004464,0.989330
DATA,-164.458893,155.013046,-157.705353,-0.144681,0.016446,-0.004596,0.989331
DATA,-163.205902,155.277405,-156.875992,-0.144756,0.016484,-0.004519,0.989320
DATA,-162.812988,155.597107,-156.751053,-0.144718,0.016511,-0.004659,0.989324
DATA,-163.400726,156.177750,-158.365417,-0.144738,0.016508,-0.004557,0.989322
DATA,-163.138321,154.729752,-156.644501,-0.144748,0.016525,-0.004529,0.989320
DATA,-162.257523,153.538467,-156.563873,-0.144788,0.016399,-0.004456,0.989317
DATA,-162.937531,155.008224,-156.782318,-0.144659,0.016454,-0.004493,0.989335
DATA,-162.415573,155.464249,-155.660507,-0.144731,0.016379,-0.004388,0.989326
DATA,-164.089325,156.566315,-159.035202,-0.144720,0.016421,-0.004465,0.989326
DATA,-161.746017,155.053589,-156.664246,-0.144675,0.016449,-0.004375,0.989333
DATA,-163.404785,156.756470,-157.523773,-0.144757,0.016545,-0.004324,0.989319
DATA,-162.834229,154.257797,-157.445099,-0.144744,0.016517,-0.004370,0.989322
DATA,-163.653275,152.579956,-157.543137,-0.144630,0.016423,-0.004414,0.989340
DATA,-164.366837,153.581467,-158.209030,-0.144611,0.016369,-0.004421,0.989343
DATA,-162.684021,155.508316,-156.892960,-0.144781,0.016307,-0.004238,0.989320
DATA,-162.278183,155.946426,-159.193604,-0.144763,0.016318,-0.004252,0.989323
DATA,-162.796524,154.276169,-156.967667,-0.144783,0.016289,-0.004193,0.989320
DATA,-164.388199,155.491760,-159.601654,-0.144760,0.016434,-0.004318,0.989321
DATA,-160.931274,153.856644,-157.053879,-0.138137,0.013515,-0.016715,0.990180
DATA,-162.637894,153.419617,-156.059311,-0.135485,0.013347,-0.006432,0.990669
DATA,-161.319092,153.472885,-157.411133,-0.137311,0.013472,0.001254,0.990436
DATA,-163.376617,154.967346,-157.162186,-0.141572,0.016275,0.006416,0.989773
DATA,-162.535080,154.301163,-157.780228,-0.145897,0.016039,0.006903,0.989146
DATA,-162.388580,154.652802,-157.638138,-0.144963,0.017899,0.000752,0.989275
DATA,-161.504349,153.675598,-156.528580,-0.142105,0.021984,-0.004649,0.989596
DATA,-163.010117,154.226089,-157.752930,-0.139246,0.021353,-0.011276,0.989963
DATA,-163.384903,154.331223,-156.697250,-0.136206,0.022272,-0.021613,0.990194
DATA,-164.332733,154.823853,-158.617355,-0.131883,0.027337,-0.033291,0.990329
DATA,-162.943726,152.886169,-157.747787,-0.125553,0.033617,-0.043142,0.990578
DATA,-162.801270,152.989792,-156.001480,-0.119275,0.037611,-0.045655,0.991098
DATA,-163.088409,155.680603,-158.438431,-0.115616,0.038512,-0.046808,0.991443
DATA,-162.883087,155.419449,-156.452820,-0.115335,0.036708,-0.048256,0.991474
DATA,-163.000000,155.237564,-156.594055,-0.118293,0.034359,-0.049455,0.991151
DATA,-163.426758,155.736526,-157.052261,-0.125504,0.031620,-0.045898,0.990526
DATA,-162.946198,156.021332,-155.636124,-0.138491,0.030506,-0.040206,0.989077
DATA,-162.237564,155.319717,-159.472015,-0.158160,0.027898,-0.034392,0.986420
DATA,-163.272842,156.135376,-157.197968,-0.185609,0.023046,-0.024898,0.982038
DATA,-163.607834,154.371002,-158.684662,-0.224624,0.015603,-0.010705,0.974262
DATA,-161.554688,152.146378,-156.462891,-0.272148,0.003578,0.004207,0.962240
DATA,-162.909592,153.874283,-157.132599,-0.320776,-0.007435,0.009609,0.947077
DATA,-160.557480,155.246246,-158.383240,-0.364053,-0.014696,0.012382,0.931180
DATA,-161.065445,153.776367,-157.774994,-0.401966,-0.014778,0.015921,0.915397
DATA,-157.698364,154.900406,-156.464478,-0.437661,-0.009646,0.019160,0.898884
DATA,-156.549835,153.659088,-159.339951,-0.470363,-0.003173,0.020832,0.882222
DATA,-156.457092,154.746902,-157.843399,-0.498564,0.004422,0.019647,0.866619
DATA,-155.477798,154.242325,-157.874969,-0.519769,0.013279,0.016450,0.854045
DATA,-158.126175,154.924026,-157.839874,-0.531805,0.023554,0.012325,0.846450
DATA,-159.974106,155.207123,-156.840622,-0.533772,0.035523,0.007360,0.844850
DATA,-159.751816,150.363876,-156.881226,-0.524851,0.047863,0.001077,0.849847
DATA,-159.721985,96.444717,-156.953568,-0.503215,0.059006,-0.006648,0.862119
DATA,-160.509491,-115.189186,-154.527756,-0.469782,0.066868,-0.007758,0.880212
DATA,-158.499908,-140.939728,-156.417038,-0.427475,0.068961,-0.005289,0.901378
DATA,90.981743,-144.908539,-156.689835,-0.378907,0.067914,-0.004712,0.922927
DATA,151.265564,-145.503571,-157.743042,-0.325143,0.062399,-0.006026,0.943585
DATA,162.739044,-142.800049,-156.695496,-0.267290,0.050632,-0.010209,0.962231
DATA,164.176712,-145.915009,-157.089584,-0.210508,0.037345,-0.014980,0.976764
DATA,165.104019,-145.803726,-156.540359,-0.156078,0.022926,-0.022554,0.987221
DATA,165.022110,-146.296158,-156.908966,-0.103339,0.006082,-0.032764,0.994088
DATA,164.022263,-147.310181,-158.984406,-0.051170,-0.005498,-0.046434,0.997595
DATA,165.621902,152.459717,-157.867279,0.086234,0.003690,-0.067885,0.993953
DATA,165.034027,152.152328,-157.794724,0.115170,0.021711,-0.070941,0.990571
DATA,165.139130,152.281860,-158.152527,0.134895,0.037543,-0.075353,0.987277
DATA,163.166763,151.210739,-158.032425,0.149471,0.052037,-0.087177,0.983540
DATA,166.173233,153.776596,-158.833252,0.162547,0.058847,-0.101020,0.979750
DATA,164.112381,151.243668,-156.807617,0.174313,0.055072,-0.113646,0.976559
DATA,164.274185,150.570816,-158.078979,0.180293,0.044536,-0.121958,0.975006
DATA,165.101349,151.558212,-159.459000,0.179056,0.034771,-0.129105,0.974711
DATA,166.077499,153.361588,-157.677872,0.170414,0.024990,-0.128031,0.976700
DATA,166.300278,151.560822,-158.370590,0.150716,0.009633,-0.122153,0.980954
DATA,166.682388,147.806793,-157.325729,0.120350,-0.009384,-0.113120,0.986221
DATA,164.605530,145.317123,-157.290451,0.080201,-0.031591,-0.103204,0.990918
DATA,164.590179,132.830536,-156.825424,0.032442,-0.053169,-0.094988,0.993528
DATA,163.473434,-156.562332,-155.692627,-0.023442,-0.077302,-0.084911,0.993109
DATA,164.337296,-151.127533,-156.460663,-0.085049,-0.098766,-0.077881,0.988406
DATA,167.712219,-149.151031,-158.017197,-0.144890,-0.115493,-0.073942,0.979898
DATA,163.808197,-149.382935,-156.183914,-0.201869,-0.127746,-0.070714,0.968468
DATA,164.935028,-147.862717,-156.785767,-0.258965,-0.134286,-0.063871,0.954372
DATA,164.616943,-146.108093,-156.209061,-0.312748,-0.133167,-0.065261,0.938188
DATA,163.800598,-146.292557,-155.371750,-0.359376,-0.128703,-0.068680,0.921720
DATA,163.263275,-145.145706,-154.536880,-0.397680,-0.118045,-0.072322,0.907020
DATA,161.007278,-146.338013,-156.778854,-0.428213,-0.102275,-0.073170,0.894885
DATA,156.147949,-148.748352,-157.186203,-0.452124,-0.083344,-0.069562,0.885324
DATA,160.068726,-144.514755,-158.711182,-0.469648,-0.062167,-0.063177,0.878393
DATA,151.508530,-143.950302,-154.347153,-0.480993,-0.040199,-0.056706,0.873965
DATA,148.677521,-143.596909,-156.070084,-0.486103,-0.020618,-0.049697,0.872244
DATA,147.544479,-143.240814,-153.616241,-0.484254,-0.002931,-0.045788,0.873723
DATA,150.171570,-145.629761,-158.049805,-0.471964,0.013959,-0.044753,0.880370
DATA,155.134857,-148.019913,-155.728928,-0.446048,0.029286,-0.042921,0.893500
DATA,161.119965,-144.909973,-157.260422,-0.407216,0.037433,-0.044869,0.911461
DATA,162.682495,-147.142426,-157.282852,-0.358974,0.039464,-0.045995,0.931378
DATA,164.656799,-147.092667,-157.637207,-0.302591,0.040052,-0.043939,0.951265
DATA,164.514557,-149.041122,-156.765396,-0.244315,0.041261,-0.041124,0.967944
DATA,166.339584,-145.164017,-157.817245,-0.186260,0.041251,-0.036772,0.980945
DATA,165.661987,-151.076492,-154.991684,-0.130727,0.040081,-0.033508,0.990041
DATA,164.539566,-150.482742,-157.891357,-0.080884,0.037175,-0.032341,0.995505
DATA,163.967056,-152.351242,-158.796005,-0.035737,0.029473,-0.034326,0.998337
DATA,163.161377,-121.335693,-154.933456,0.006990,0.020824,-0.036870,0.999079
DATA,164.411179,134.791687,-157.195923,0.049185,0.009265,-0.041241,0.997895
DATA,165.455963,146.079910,-157.770859,0.089486,0.004649,-0.039478,0.995194
DATA,164.325394,145.521667,-157.928116,0.125659,0.010098,-0.038186,0.991287
DATA,164.720367,147.862793,-157.674408,0.156966,0.025690,-0.038859,0.986505
DATA,164.301956,147.281723,-158.258087,0.181473,0.040615,-0.043359,0.981600
DATA,164.748672,147.945969,-157.506561,0.199291,0.048339,-0.053524,0.977283
DATA,163.855515,147.913361,-156.780518,0.212497,0.046241,-0.066017,0.973832
DATA,163.592484,145.372437,-157.132034,0.222555,0.044796,-0.078277,0.970740
DATA,164.290573,148.023605,-156.429047,0.230138,0.041323,-0.089672,0.968136
DATA,164.035965,148.198273,-156.944641,0.233171,0.035698,-0.094879,0.967137
DATA,163.455307,145.644119,-156.996368,0.229712,0.030586,-0.097001,0.967930
DATA,164.292114,145.385956,-156.311279,0.220729,0.026096,-0.095219,0.970325
DATA,163.967773,148.119186,-157.585754,0.206402,0.020846,-0.090670,0.974034
DATA,163.923386,147.016907,-156.836807,0.185063,0.012566,-0.086371,0.978843
DATA,164.865784,148.059769,-156.986832,0.156651,0.003926,-0.083187,0.984137
DATA,165.128159,146.449966,-157.346832,0.122745,-0.004119,-0.081343,0.989090
DATA,164.630249,145.680603,-156.636581,0.083881,-0.014514,-0.078359,0.993284
DATA,164.108032,137.518341,-157.287003,0.042315,-0.025859,-0.076049,0.995870
DATA,164.496262,25.085360,-155.631088,-0.000436,-0.035608,-0.067863,0.997059
DATA,162.267136,-152.345245,-156.933411,-0.045516,-0.044759,-0.057928,0.996278
DATA,165.711670,-153.291870,-154.482132,-0.089578,-0.053640,-0.051728,0.993188
DATA,163.001694,-150.278793,-155.165298,-0.129826,-0.060750,-0.044298,0.988682
DATA,165.567703,-147.275436,-152.779343,-0.167676,-0.068411,-0.035338,0.982831
DATA,162.436401,-148.292419,-153.091248,-0.205191,-0.074614,-0.024994,0.975554
DATA,165.576874,-147.644394,-154.030548,-0.242046,-0.077792,-0.020677,0.966920
DATA,164.477142,-148.168915,-152.504639,-0.277856,-0.077193,-0.018451,0.957339
DATA,164.964371,-145.404144,-154.016617,-0.312793,-0.076719,-0.016920,0.946567
DATA,161.763474,-148.853012,-153.191132,-0.344429,-0.073327,-0.018278,0.935766
DATA,164.923233,-145.735138,-155.192398,-0.372294,-0.066132,-0.020664,0.925525
DATA,158.596741,-146.940872,-154.026962,-0.396299,-0.055640,-0.021019,0.916193
DATA,161.286392,-146.022125,-156.461609,-0.419182,-0.048355,-0.013885,0.906507
DATA,158.457184,-146.727631,-154.583633,-0.440045,-0.043268,-0.008486,0.896893
DATA,163.698456,-146.822800,-157.428253,-0.456428,-0.040667,-0.006266,0.888808
DATA,156.298538,-146.139084,-153.518143,-0.467791,-0.035904,-0.002815,0.883105
DATA,155.500244,-142.161255,-155.960236,-0.474767,-0.028748,0.000530,0.879642
DATA,157.242538,-146.396072,-156.767105,-0.476977,-0.020897,0.000785,0.878667
DATA,156.858887,-142.423141,-157.660126,-0.474915,-0.013826,0.000308,0.879923
DATA,156.766754,-141.109283,-153.554123,-0.469648,-0.006158,-0.000133,0.882832
DATA,155.402466,-144.873047,-155.248306,-0.462260,-0.000232,0.001809,0.886743
DATA,156.811111,-146.547546,-157.865753,-0.452758,0.006868,0.001599,0.891605
DATA,159.911377,-145.403809,-155.737366,-0.439132,0.013686,0.000618,0.898318
DATA,159.742523,-147.640549,-155.800232,-0.422001,0.017002,0.002918,0.906431
DATA,161.265244,-147.938766,-159.674957,-0.402224,0.019551,0.004397,0.915322
DATA,162.925583,-148.012573,-158.053558,-0.379957,0.020298,0.007733,0.924749
DATA,164.811905,-145.987778,-157.452042,-0.357693,0.019769,0.012278,0.933549
DATA,164.810684,-149.929092,-156.819611,-0.335612,0.018677,0.016618,0.941669
DATA,163.309082,-145.180420,-157.455704,-0.313288,0.017306,0.019659,0.949297
DATA,165.606903,-145.795883,-155.783859,-0.288767,0.018896,0.018558,0.957033
DATA,163.067429,-150.537598,-157.022125,-0.261484,0.020730,0.013534,0.964890
DATA,165.796631,-148.321167,-156.267059,-0.230330,0.025413,0.004779,0.972769
DATA,165.661743,-146.548187,-157.151627,-0.196508,0.029190,-0.004041,0.980059
DATA,163.978500,-149.096161,-155.924103,-0.162900,0.031740,-0.007184,0.986106
DATA,164.292419,-151.925552,-158.447525,-0.128956,0.037948,-0.004594,0.990913
DATA,165.152603,-152.926483,-157.354004,-0.094435,0.046127,-0.003301,0.994456
DATA,166.295517,-154.584641,-152.081543,-0.059083,0.052433,-0.000593,0.996875
DATA,164.090576,-148.955429,-155.591141,-0.021502,0.060534,0.000811,0.997934
DATA,165.661041,128.937820,-157.563095,0.017709,0.066573,-0.002332,0.997622
DATA,164.373993,148.223679,-157.419037,0.057234,0.070155,-0.006578,0.995871
DATA,164.129684,148.449661,-157.471771,0.093588,0.071493,-0.014665,0.992932
DATA,164.069412,148.055252,-157.241119,0.124897,0.074118,-0.024465,0.989095
DATA,163.996948,149.909561,-157.344910,0.154980,0.076940,-0.032623,0.984377
DATA,164.379608,151.383270,-157.663376,0.180401,0.081649,-0.041913,0.979302
DATA,163.684235,148.889404,-158.170517,0.199379,0.088450,-0.050340,0.974623
DATA,164.717941,150.471069,-157.972321,0.212604,0.096503,-0.057264,0.970674
DATA,163.913605,148.344391,-156.837997,0.221600,0.100937,-0.061213,0.967966
DATA,164.103683,150.696762,-158.158844,0.227174,0.100424,-0.062806,0.966624
DATA,163.961853,151.210373,-157.023056,0.229123,0.096189,-0.063648,0.966540
DATA,163.898087,149.426529,-157.676636,0.227762,0.089186,-0.063972,0.967511
DATA,163.182236,150.094498,-157.055206,0.223693,0.079478,-0.062331,0.969412
DATA,163.383987,149.879929,-157.245972,0.216819,0.071739,-0.057781,0.971856
DATA,164.955902,149.070312,-156.833328,0.206325,0.066463,-0.052617,0.974805
DATA,164.273193,151.511200,-157.756943,0.191896,0.062925,-0.046303,0.978301
DATA,163.995605,149.523895,-157.356140,0.172696,0.059891,-0.037535,0.982436
DATA,164.555603,151.195480,-157.379547,0.145763,0.054155,-0.030906,0.987353
DATA,164.360641,150.491058,-157.936417,0.113525,0.044431,-0.028305,0.992137
DATA,165.245041,150.486526,-157.160263,0.078715,0.033305,-0.028104,0.995944
DATA,164.671265,147.008438,-157.690094,0.040167,0.021051,-0.028817,0.998555
DATA,165.161667,126.968918,-157.376999,-0.002275,0.007601,-0.030982,0.999488
DATA,164.615005,-148.302338,-155.909134,-0.044992,-0.005649,-0.035383,0.998345
DATA,165.783188,-153.466782,-158.815445,-0.087070,-0.019742,-0.037962,0.995283
DATA,166.155624,-151.600723,-155.613312,-0.126719,-0.034981,-0.038902,0.990558
DATA,164.778305,-152.953537,-154.525070,-0.163021,-0.049555,-0.040282,0.984554
DATA,163.454971,-149.797379,-156.571121,-0.199890,-0.062887,-0.039827,0.976987
DATA,164.693665,-151.897690,-157.940887,-0.237273,-0.073636,-0.043405,0.967675
DATA,162.605881,-149.086853,-153.666046,-0.274406,-0.082019,-0.047291,0.956942
DATA,165.608444,-145.884705,-156.321732,-0.309898,-0.087571,-0.051355,0.945334
DATA,165.377960,-146.370514,-153.979477,-0.342071,-0.087171,-0.053232,0.934107
DATA,162.305573,-146.825195,-157.801437,-0.368532,-0.081326,-0.053544,0.924502
DATA,165.550690,-146.596954,-154.800308,-0.388615,-0.072263,-0.050117,0.917194
DATA,163.764664,-149.864532,-154.184464,-0.404371,-0.061184,-0.044279,0.911471
DATA,162.609802,-146.702713,-157.373199,-0.416025,-0.049086,-0.038602,0.907207
DATA,159.926956,-144.677551,-158.112885,-0.423056,-0.039408,-0.037504,0.904469
DATA,159.622513,-144.623047,-158.050934,-0.425633,-0.030524,-0.037350,0.903609
DATA,162.167068,-147.527664,-157.429413,-0.423366,-0.019161,-0.037120,0.904995
DATA,162.251694,-145.283920,-156.926865,-0.415475,-0.010962,-0.041404,0.908596
DATA,163.381088,-147.397446,-156.196655,-0.399997,-0.002628,-0.047078,0.915303
DATA,163.934036,-147.447876,-157.726013,-0.373852,0.007197,-0.053926,0.925891
DATA,164.276443,-148.018204,-156.941391,-0.339340,0.013788,-0.060778,0.938597
DATA,165.280884,-147.510193,-156.192413,-0.298932,0.020270,-0.066685,0.951726
DATA,160.744827,-148.527054,-156.250824,-0.250955,0.024428,-0.070039,0.965153
DATA,164.880203,-148.758499,-159.130280,-0.199957,0.025511,-0.068598,0.977067
DATA,166.731125,-148.988663,-157.822174,-0.147095,0.026755,-0.064536,0.986652
DATA,164.513519,-147.698105,-157.182709,-0.093727,0.028682,-0.058911,0.993439
DATA,165.589874,148.232712,-157.862549,0.042277,0.024233,-0.051290,0.997494
DATA,165.700287,150.994995,-157.940659,0.078466,0.024048,-0.054740,0.995122
DATA,165.036346,149.796402,-157.536652,0.109557,0.025942,-0.059108,0.991882
DATA,165.148056,149.889984,-158.370392,0.133248,0.031493,-0.061482,0.988672
DATA,165.954041,151.373932,-157.342926,0.147401,0.041281,-0.063508,0.986172
DATA,165.649231,152.810669,-156.924850,0.154893,0.047518,-0.069968,0.984304
DATA,166.907608,151.453568,-156.882507,0.159950,0.052145,-0.069922,0.983264
DATA,165.818924,152.013733,-157.671692,0.161173,0.054908,-0.066677,0.983139
DATA,165.670685,149.594681,-156.554550,0.158042,0.051117,-0.065707,0.983917
DATA,162.839661,150.417465,-157.278397,0.152608,0.043529,-0.064718,0.985204
DATA,163.124756,150.227112,-158.171188,0.145026,0.035785,-0.060168,0.986948
DATA,165.840073,149.533478,-156.483627,0.133307,0.028054,-0.052511,0.989285
DATA,165.190628,150.228928,-158.074799,0.116154,0.019365,-0.042451,0.992135
DATA,165.074814,150.234665,-158.269409,0.093110,0.009444,-0.030149,0.995154
DATA,164.963959,149.479614,-157.930344,0.061661,-0.001247,-0.017866,0.997936
DATA,165.152252,137.207062,-158.522232,0.021960,-0.012715,-0.008555,0.999641
DATA,166.034042,-149.293884,-152.784958,-0.131650,-0.055279,0.012886,0.989670
DATA,165.232254,-149.080353,-159.558533,-0.186134,-0.071473,0.015915,0.979792
DATA,161.522552,-149.837692,-154.707123,-0.235353,-0.084683,0.013302,0.968122
DATA,164.065430,-145.379456,-157.292206,-0.281413,-0.091649,0.009557,0.955152
DATA,164.760132,-148.097031,-156.849945,-0.322896,-0.093205,0.003904,0.941826
DATA,163.268829,-146.412048,-158.387268,-0.359716,-0.089969,-0.002960,0.928709
DATA,164.072571,-146.447876,-155.107101,-0.391456,-0.082885,-0.005876,0.916437
DATA,164.994690,-145.387558,-155.967484,-0.418391,-0.072936,-0.003365,0.905328
DATA,164.607285,-146.063919,-158.195419,-0.439258,-0.059556,0.003527,0.896378
DATA,160.038864,-145.727036,-156.524918,-0.454515,-0.046335,0.015357,0.889401
DATA,159.320389,-145.978226,-157.634247,-0.464779,-0.037187,0.027683,0.884212
DATA,159.191147,-146.261292,-155.083176,-0.468135,-0.031456,0.029181,0.882615
DATA,157.427963,-145.645401,-157.586578,-0.463201,-0.026217,0.027579,0.885436
DATA,159.023972,-145.326202,-152.392563,-0.449947,-0.021190,0.025685,0.892434
DATA,162.459015,-144.825745,-157.285416,-0.428758,-0.015268,0.024703,0.902952
DATA,163.868546,-143.696243,-156.544846,-0.400287,-0.008250,0.025708,0.915992
DATA,163.427383,-146.407639,-156.725281,-0.365258,-0.000963,0.029073,0.930452
DATA,164.951385,-148.617432,-156.848160,-0.324877,0.007627,0.031662,0.945195
DATA,165.325211,-146.894516,-157.545074,-0.279399,0.015755,0.031963,0.959514
DATA,163.814987,-147.793213,-155.671997,-0.231907,0.018074,0.032574,0.972024
DATA,167.435593,-149.036316,-157.535080,-0.182970,0.017954,0.032134,0.982429
DATA,165.459213,-150.655838,-155.090576,-0.131710,0.015612,0.030181,0.990706
DATA,163.570190,-152.203766,-156.884201,-0.078161,0.013846,0.022177,0.996598
DATA,164.330872,-151.355194,-156.450607,-0.025568,0.013662,0.018020,0.999417
DATA,165.253189,130.582947,-157.250305,0.022244,0.014035,0.012150,0.999580
DATA,164.154221,148.425552,-158.076248,0.067090,0.013773,0.003148,0.997647
DATA,164.257294,148.510132,-157.444382,0.102569,0.013538,-0.003668,0.994627
DATA,164.124451,148.765656,-157.965683,0.129234,0.016780,-0.010268,0.991419
DATA,164.209961,148.713989,-158.013611,0.145820,0.023964,-0.015488,0.988900
DATA,163.776352,148.358154,-157.743408,0.153135,0.033521,-0.017362,0.987484
DATA,164.300598,149.073959,-156.849792,0.154218,0.039682,-0.017938,0.987077
DATA,164.213913,150.317993,-157.765182,0.150497,0.041039,-0.015626,0.987635
DATA,164.309189,149.707916,-157.227966,0.141960,0.039268,-0.013632,0.988999
DATA,165.455353,151.148438,-156.643112,0.129433,0.036481,-0.011754,0.990847
DATA,163.157303,149.357529,-158.735596,0.111561,0.032870,-0.007371,0.993186
DATA,165.335663,136.542953,-157.391922,0.017697,0.003047,0.001770,0.999837
DATA,163.982468,-150.441574,-156.425247,-0.024921,-0.013719,0.001189,0.999595
DATA,165.945282,-152.328720,-156.136093,-0.071643,-0.029131,0.006422,0.996984
DATA,165.678055,-151.648651,-157.438583,-0.117768,-0.044321,0.006402,0.992031
DATA,164.696793,-147.508423,-158.678192,-0.161039,-0.057041,0.009288,0.985255
DATA,166.970505,-146.848206,-154.958893,-0.204367,-0.067080,0.016270,0.976458
DATA,165.659927,-151.842880,-155.441498,-0.250788,-0.075514,0.022222,0.964836
DATA,165.395660,-146.948059,-155.772156,-0.296779,-0.078934,0.020821,0.951451
DATA,162.582474,-146.320007,-156.086349,-0.337193,-0.079259,0.017835,0.937924
DATA,164.080750,-146.571198,-156.353302,-0.371129,-0.077591,0.012939,0.925243
DATA,163.881042,-144.766525,-157.019806,-0.397341,-0.070855,0.009347,0.914884
DATA,163.185974,-146.574081,-156.559753,-0.416523,-0.061672,0.010791,0.906967
DATA,163.150757,-145.918121,-159.079498,-0.430133,-0.052669,0.015191,0.901100
DATA,160.915207,-146.141830,-156.610153,-0.440717,-0.045049,0.021202,0.896264
DATA,162.145798,-145.317261,-158.369278,-0.449107,-0.041571,0.024752,0.892167
DATA,161.670319,-141.389999,-157.766678,-0.453509,-0.037186,0.021405,0.890218
DATA,161.280548,-141.274673,-156.422348,-0.450548,-0.032240,0.017373,0.892001
DATA,161.282104,-146.566483,-156.275330,-0.437860,-0.026512,0.013753,0.898547
DATA,161.060928,-141.928268,-157.802505,-0.415505,-0.019084,0.012603,0.909304
DATA,163.252274,-146.443222,-156.667191,-0.386219,-0.013072,0.019171,0.922115
DATA,165.352142,-144.676926,-155.373932,-0.352968,-0.008803,0.026840,0.935209
DATA,164.204071,-145.467606,-157.109879,-0.314285,-0.004877,0.032052,0.948775
DATA,165.087799,-146.360214,-156.985626,-0.269890,-0.002746,0.035681,0.962226
DATA,163.062073,-148.009583,-154.069626,-0.222157,-0.000788,0.039955,0.974192
DATA,165.156067,-148.126663,-158.463684,-0.174307,0.000438,0.043772,0.983718
DATA,164.093506,-148.779648,-156.433731,-0.125565,0.000821,0.043137,0.991147
DATA,164.702652,-149.003845,-159.623199,-0.074375,-0.001947,0.038941,0.996468
DATA,166.703278,-149.853012,-160.222992,-0.028664,-0.006796,0.037638,0.998857
DATA,162.426041,-147.886810,-156.334229,0.006874,-0.006531,0.034345,0.999365
DATA,164.618225,18.239586,-157.393860,0.035988,-0.001549,0.027588,0.998970
DATA,165.722244,148.972397,-157.624039,0.062597,0.006734,0.019264,0.997830
DATA,164.987122,150.462616,-157.846786,0.086321,0.018828,0.012309,0.996013
DATA,165.763962,151.619812,-156.978653,0.104086,0.032618,0.006709,0.994011
DATA,164.488098,151.797455,-157.972290,0.115747,0.041596,0.004177,0.992399
DATA,164.501801,150.843414,-157.605270,0.122366,0.045369,0.002414,0.991444
DATA,164.250656,152.875824,-157.352936,0.126393,0.043656,0.002070,0.991017
DATA,163.781982,152.200104,-157.557800,0.126908,0.040485,0.005442,0.991073
DATA,164.588882,152.128677,-157.013000,0.119690,0.037903,0.010474,0.992032
DATA,164.027191,151.697433,-157.557266,0.106374,0.036001,0.016303,0.993540
DATA,164.147858,151.648010,-158.027863,0.088934,0.032730,0.022617,0.995243
DATA,164.519897,150.636490,-156.462341,0.068671,0.025698,0.030297,0.996848
DATA,163.579834,-149.992905,-155.052216,-0.024378,-0.003223,0.053965,0.998240
DATA,163.907074,-148.620026,-156.970520,-0.066374,-0.015828,0.058224,0.995969
DATA,165.545486,-149.604294,-154.630600,-0.113432,-0.030697,0.063052,0.991068
DATA,165.480087,-148.524536,-157.787033,-0.164084,-0.046650,0.066885,0.983070
DATA,164.943420,-147.088501,-156.120941,-0.216479,-0.062265,0.066179,0.972049
DATA,164.768402,-147.543106,-156.246979,-0.266539,-0.074553,0.062537,0.958899
DATA,163.281357,-147.557343,-153.653519,-0.311936,-0.078808,0.058926,0.944993
DATA,164.064835,-148.101257,-156.542496,-0.351635,-0.077217,0.055520,0.931294
DATA,162.572601,-146.698532,-156.242828,-0.387118,-0.066806,0.057455,0.917810
DATA,163.575058,-145.790192,-155.029434,-0.414765,-0.054290,0.059744,0.906341
DATA,160.344177,-144.002289,-155.013428,-0.434275,-0.045399,0.058078,0.897759
DATA,158.775391,-144.341049,-157.922302,-0.446321,-0.038739,0.055196,0.892329
DATA,157.807632,-146.663513,-154.569489,-0.450780,-0.033616,0.051321,0.890525
DATA,159.861603,-147.049149,-156.480301,-0.448870,-0.026202,0.046664,0.891993
DATA,159.373337,-145.816345,-156.782425,-0.438617,-0.019542,0.043525,0.897407
DATA,160.101852,-147.069214,-155.312347,-0.417508,-0.014310,0.039040,0.907721
DATA,162.119766,-145.432434,-158.807556,-0.388672,-0.012231,0.033544,0.920684
DATA,163.314957,-147.419052,-156.982712,-0.354838,-0.014260,0.030247,0.934330
DATA,167.514252,-143.824432,-157.293167,-0.318735,-0.015641,0.034592,0.947083
DATA,163.682709,-146.370361,-157.797775,-0.277352,-0.015306,0.037365,0.959920
DATA,164.208115,-146.328369,-156.939789,-0.232138,-0.015706,0.038467,0.971795
DATA,163.120667,-147.159790,-158.806808,-0.185200,-0.015142,0.038539,0.981828
DATA,166.195618,-149.141312,-156.569855,-0.138584,-0.013442,0.039233,0.989482
DATA,163.645248,-147.484024,-157.725250,-0.094320,-0.012128,0.039735,0.994675
DATA,165.069153,-148.692825,-156.518509,-0.052299,-0.014604,0.038286,0.997790
DATA,166.698868,-149.292938,-154.294922,-0.014698,-0.018162,0.034980,0.999115
DATA,164.156357,-147.371658,-156.027405,0.016722,-0.015667,0.027775,0.999352
DATA,165.211121,141.367020,-157.762619,0.044229,-0.009349,0.017430,0.998826
DATA,165.015823,150.700439,-157.111725,0.067932,0.000917,0.007552,0.997661
DATA,164.539780,150.290436,-157.234360,0.084270,0.012902,0.001312,0.996358
DATA,165.295761,152.471008,-157.496719,0.094265,0.023989,-0.003799,0.995251
DATA,164.779617,153.364441,-156.949844,0.100732,0.031375,-0.004811,0.994407
DATA,165.343674,153.676468,-158.396606,0.104097,0.038790,-0.002533,0.993807
DATA,164.481430,153.111618,-158.310455,0.102945,0.042004,-0.000834,0.993799
DATA,163.868851,153.206360,-156.506058,0.095296,0.040281,0.001996,0.994632
DATA,164.484924,153.598877,-157.183685,0.080114,0.035785,0.005597,0.996127
DATA,164.677643,153.372330,-156.904953,0.058192,0.027181,0.010319,0.997882
DATA,165.518204,-149.001694,-156.459366,-0.046703,-0.012422,0.034861,0.998223
DATA,164.952454,-148.339844,-157.890320,-0.094226,-0.027480,0.044224,0.994188
DATA,163.892181,-148.945267,-156.120743,-0.147332,-0.044468,0.051947,0.986721
DATA,166.045944,-146.690994,-156.187057,-0.204388,-0.062057,0.055885,0.975321
DATA,163.030380,-147.729370,-155.380188,-0.263716,-0.079939,0.054107,0.959758
DATA,165.061478,-144.769318,-156.772491,-0.318184,-0.096033,0.046877,0.941987
DATA,164.812531,-146.335907,-155.604523,-0.363036,-0.105243,0.039414,0.924973
DATA,163.935257,-146.362213,-156.269638,-0.397285,-0.103270,0.036221,0.911146
DATA,163.755905,-146.489334,-158.530884,-0.423442,-0.094434,0.043480,0.899938
DATA,160.363449,-145.375504,-158.425690,-0.444650,-0.083302,0.054501,0.890155
DATA,159.175583,-143.594696,-156.602448,-0.462027,-0.072039,0.066942,0.881397
DATA,155.634048,-142.154724,-156.879440,-0.475472,-0.065745,0.070965,0.874396
DATA,149.896088,-144.306396,-157.069641,-0.484390,-0.059801,0.070774,0.869932
DATA,149.686844,-144.438080,-154.017075,-0.487466,-0.056815,0.067101,0.868704
DATA,150.437637,-143.725037,-157.195068,-0.484379,-0.055643,0.059529,0.871055
DATA,154.106506,-146.115173,-157.176636,-0.475472,-0.053772,0.051231,0.876590
DATA,156.989655,-144.858307,-156.329514,-0.461430,-0.047900,0.046850,0.884643
DATA,158.896606,-145.427124,-155.802185,-0.444887,-0.040237,0.049200,0.893329
DATA,159.880600,-145.226730,-158.973648,-0.424446,-0.031187,0.051184,0.903467
DATA,161.286957,-146.685623,-154.686493,-0.397065,-0.022113,0.053260,0.915977
DATA,164.168808,-143.082565,-156.793015,-0.361226,-0.012094,0.054011,0.930834
DATA,166.246933,-146.773758,-157.794250,-0.317651,-0.009860,0.050415,0.946815
DATA,165.345779,-143.924164,-154.893875,-0.269371,-0.008411,0.045488,0.961925
DATA,163.849289,-145.385620,-156.497772,-0.216626,-0.008752,0.040308,0.975383
DATA,164.477234,-147.532928,-156.453461,-0.163006,-0.010977,0.032784,0.986019
DATA,163.183182,-145.955750,-157.026917,-0.113133,-0.010706,0.028524,0.993113
DATA,165.519653,-145.558212,-156.040100,-0.070728,-0.008804,0.027731,0.997071
DATA,164.129684,-146.649277,-155.355255,-0.029677,-0.008009,0.023176,0.999259
DATA,166.160843,-143.081558,-155.548813,0.010574,-0.007835,0.018215,0.999747
DATA,163.979904,143.415558,-158.437775,0.046624,-0.005235,0.013206,0.998811
DATA,164.668640,151.743439,-156.849197,0.076044,0.000143,0.009230,0.997062
DATA,164.145447,152.727646,-157.870972,0.098209,0.008469,0.003445,0.995124
DATA,164.246185,153.565201,-157.463516,0.112558,0.017542,-0.000802,0.993490
DATA,165.178329,152.737900,-157.699799,0.118470,0.026592,-0.001093,0.992601
DATA,164.930435,153.087036,-157.679779,0.118766,0.031009,-0.003092,0.992433
DATA,165.158447,153.280411,-157.861725,0.115205,0.033495,-0.001359,0.992776
DATA,164.081161,153.119492,-158.298691,0.106350,0.034485,0.003022,0.993726
DATA,164.149338,153.343536,-157.844711,0.091471,0.030259,0.007961,0.995316
DATA,165.010483,152.229752,-157.823883,0.072689,0.021164,0.013217,0.997042
DATA,165.276672,148.865540,-157.661469,0.047644,0.011328,0.024327,0.998504
DATA,163.686569,-135.120544,-156.369751,0.009476,0.001290,0.040484,0.999134
DATA,164.539490,-147.763199,-157.404510,-0.038918,-0.010242,0.053682,0.997747
DATA,165.326462,-146.698822,-153.815186,-0.090740,-0.022118,0.058459,0.993911
DATA,164.554565,-148.360229,-157.883331,-0.142647,-0.032020,0.061263,0.987357
DATA,162.953552,-146.734619,-158.957932,-0.193972,-0.039117,0.061968,0.978266
DATA,164.159195,-147.217880,-155.023758,-0.245717,-0.044354,0.059156,0.966518
DATA,163.703125,-147.248749,-155.209961,-0.292278,-0.049098,0.053200,0.953589
DATA,166.852905,-140.936920,-157.053284,-0.330251,-0.055643,0.043822,0.941232
DATA,165.027405,-147.070129,-155.930557,-0.360973,-0.057376,0.034508,0.930170
DATA,164.078171,-146.367401,-156.853958,-0.383896,-0.053985,0.029420,0.921327
DATA,160.835693,-146.011261,-154.881073,-0.397543,-0.045447,0.030625,0.915946
DATA,161.679031,-145.322906,-157.177734,-0.402689,-0.036001,0.037072,0.913877
DATA,161.214767,-144.869965,-157.431885,-0.402623,-0.030782,0.044050,0.913787
DATA,160.656219,-143.753876,-159.601898,-0.398146,-0.027640,0.043013,0.915896
DATA,160.706329,-145.979355,-157.320145,-0.388209,-0.027441,0.037386,0.920404
DATA,162.903015,-142.675385,-153.648560,-0.369718,-0.026718,0.029632,0.928287
DATA,163.454269,-145.582962,-156.504852,-0.340177,-0.023623,0.022241,0.939802
DATA,165.723587,-144.848053,-157.615402,-0.303221,-0.021574,0.024392,0.952364
DATA,165.318390,-146.903336,-156.303787,-0.263052,-0.020740,0.026098,0.964206
DATA,163.498566,-146.184723,-158.007523,-0.222322,-0.022198,0.027946,0.974320
DATA,166.248810,-146.888519,-155.650208,-0.181081,-0.022657,0.031207,0.982712
DATA,165.095383,-149.886490,-155.546082,-0.139843,-0.020884,0.037553,0.989241
DATA,164.517471,-148.395981,-155.602890,-0.102006,-0.019210,0.043402,0.993651
DATA,165.574646,-148.768600,-154.609009,-0.065424,-0.018019,0.041229,0.996843
DATA,164.062424,-149.033600,-155.410660,-0.026691,-0.019229,0.034666,0.998857
DATA,165.155396,142.959702,-158.346222,0.063528,-0.021658,0.004940,0.997733
DATA,164.988174,149.143036,-157.231934,0.081002,-0.016427,-0.003642,0.996572
DATA,165.067993,150.349838,-157.300385,0.090338,-0.010175,-0.006443,0.995838
DATA,163.935898,147.458420,-156.829849,0.092896,-0.005050,-0.005705,0.995647
DATA,164.169357,147.195953,-157.158051,0.063908,-0.010658,0.001430,0.997898
DATA,164.689255,11.912562,-155.939774,0.041314,-0.017862,0.004060,0.998978
DATA,164.125229,-151.260544,-156.093918,-0.055173,-0.049718,0.026414,0.996888
DATA,164.301392,-149.661758,-154.508408,-0.096844,-0.061695,0.032358,0.992859
DATA,166.826828,-150.934830,-157.436401,-0.142681,-0.069965,0.040381,0.986467
DATA,165.251114,-149.275848,-157.677902,-0.188564,-0.076155,0.046859,0.977982
DATA,165.245743,-145.212082,-154.818146,-0.232405,-0.079172,0.052762,0.967955
DATA,167.990540,-146.797714,-158.230286,-0.273672,-0.080488,0.055341,0.956850
DATA,164.827591,-144.626633,-154.475327,-0.312333,-0.082500,0.058125,0.944597
DATA,165.088837,-147.330124,-156.433487,-0.348833,-0.084979,0.063867,0.931136
DATA,162.213593,-145.202515,-154.847198,-0.379648,-0.080779,0.065418,0.919273
DATA,162.357819,-146.468216,-155.964493,-0.402474,-0.073881,0.065117,0.910119
DATA,159.070755,-144.334656,-154.221588,-0.418194,-0.064769,0.065600,0.903668
DATA,159.012802,-146.637543,-156.283279,-0.428763,-0.055735,0.064252,0.899404
DATA,155.203781,-143.415298,-155.512802,-0.435419,-0.047123,0.061419,0.896893
DATA,156.355789,-143.730576,-155.876419,-0.436890,-0.041044,0.057522,0.896735
DATA,159.335144,-145.359665,-156.974472,-0.432086,-0.036292,0.052912,0.899547
DATA,158.808624,-145.694336,-156.968796,-0.417976,-0.033180,0.047928,0.906586
DATA,162.489182,-145.649063,-156.760406,-0.395202,-0.027345,0.046116,0.917028
DATA,162.916367,-146.014526,-157.340439,-0.365138,-0.022502,0.044514,0.929616
DATA,162.181458,-146.441162,-155.298233,-0.329294,-0.020508,0.046672,0.942850
DATA,164.959900,-146.559891,-154.643860,-0.289936,-0.019666,0.048345,0.955622
DATA,163.316559,-148.280045,-156.432144,-0.247919,-0.019473,0.049139,0.967338
DATA,166.798080,-147.804840,-156.224030,-0.202913,-0.022740,0.050498,0.977629
DATA,166.817322,-144.888199,-157.146469,-0.157056,-0.026735,0.051066,0.985906
DATA,165.232178,-149.480957,-155.981339,-0.107653,-0.028049,0.051323,0.992467
DATA,166.052628,-149.610992,-158.135712,-0.055691,-0.025621,0.057132,0.996483
DATA,166.351166,-150.822983,-155.443283,-0.007811,-0.020247,0.061124,0.997894
DATA,164.645645,-150.556305,-157.986038,0.032696,-0.014300,0.060438,0.997534
DATA,163.655197,39.989971,-156.316803,0.065131,-0.009239,0.054948,0.996320
DATA,164.008575,145.500961,-158.002777,0.091761,-0.004857,0.049869,0.994520
DATA,164.619888,150.028030,-157.763519,0.111939,-0.002598,0.043152,0.992774
DATA,164.476532,150.555161,-157.523102,0.128272,0.001663,0.041799,0.990856
DATA,163.430878,149.660355,-157.758759,0.140040,0.004677,0.040787,0.989294
DATA,164.593460,150.747208,-157.050293,0.147576,0.005962,0.039919,0.988227
DATA,164.305725,151.508698,-156.761307,0.150495,0.006708,0.043556,0.987628
DATA,164.789993,150.925018,-156.577484,0.146418,0.006777,0.047884,0.988040
DATA,165.814835,152.487061,-156.771683,0.137116,0.005897,0.050235,0.989263
DATA,166.135574,151.834915,-157.726135,0.123228,0.002872,0.052091,0.991006
DATA,164.996490,151.813309,-157.159561,0.105575,-0.003649,0.051825,0.993053
DATA,165.381195,148.359421,-157.614838,0.081518,-0.010851,0.055845,0.995047
DATA,164.314941,-34.100533,-156.422012,0.048960,-0.018834,0.062698,0.996653
DATA,164.343506,-148.196411,-158.590302,0.008347,-0.026965,0.071416,0.997047
DATA,167.111145,-150.959625,-157.973602,-0.034726,-0.040704,0.069958,0.996114
DATA,164.062149,-148.227631,-156.498672,-0.079796,-0.052993,0.070400,0.992909
DATA,165.795456,-146.607697,-156.681259,-0.124486,-0.063226,0.071472,0.987622
DATA,162.284378,-144.816864,-157.665863,-0.170518,-0.071994,0.076140,0.979767
DATA,164.498032,-143.087112,-152.902405,-0.217745,-0.078436,0.077751,0.969737
DATA,163.749222,-145.715836,-157.560242,-0.260981,-0.081825,0.076428,0.958829
DATA,164.177490,-145.225540,-156.861526,-0.299454,-0.085415,0.073934,0.947399
DATA,163.565582,-146.357208,-156.226440,-0.333798,-0.087754,0.069095,0.936004
DATA,163.991302,-146.844681,-156.202652,-0.363916,-0.089615,0.062893,0.924975
DATA,161.550537,-144.501358,-154.651001,-0.389830,-0.090060,0.060551,0.914470
DATA,160.663452,-145.761658,-156.958160,-0.411167,-0.085364,0.058086,0.905694
DATA,161.599014,-143.188034,-157.206100,-0.426362,-0.079473,0.058478,0.899155
DATA,160.490692,-143.937988,-155.163895,-0.435591,-0.072219,0.061362,0.895142
DATA,158.854431,-145.306320,-156.018921,-0.439507,-0.063727,0.066327,0.893517
DATA,159.407745,-144.697571,-156.448853,-0.437600,-0.057013,0.066905,0.894863
DATA,158.486313,-146.942627,-155.878906,-0.430817,-0.054311,0.064467,0.898494
DATA,160.143372,-144.279388,-158.467010,-0.419310,-0.053219,0.059523,0.904325
DATA,160.772095,-146.686508,-156.934204,-0.401933,-0.050482,0.053829,0.912691
DATA,164.900024,-144.773010,-156.469360,-0.378036,-0.046246,0.048463,0.923364
DATA,163.720779,-145.990601,-157.452927,-0.348664,-0.040672,0.049679,0.935046
DATA,163.833649,-146.576721,-157.151855,-0.313513,-0.032809,0.052052,0.947588
DATA,163.818359,-146.971390,-158.094894,-0.273493,-0.028708,0.057112,0.959748
DATA,165.641006,-146.865829,-156.509491,-0.232927,-0.024147,0.062728,0.970169
DATA,162.100662,-147.888733,-156.072861,-0.191481,-0.019855,0.068170,0.978925
DATA,164.738022,-149.684296,-158.214325,-0.149453,-0.018231,0.071718,0.985996
DATA,167.094131,-149.705948,-157.003494,-0.106201,-0.018389,0.075227,0.991324
DATA,166.542694,-151.436829,-157.822693,-0.062680,-0.019504,0.075567,0.994978
DATA,163.504974,-150.735291,-157.835709,-0.018630,-0.020377,0.072781,0.996966
DATA,164.551285,-148.852280,-156.302979,0.022197,-0.019921,0.065408,0.997413
DATA,163.885071,-42.552795,-156.832672,0.056183,-0.014840,0.059377,0.996543
DATA,164.946213,144.071106,-157.156067,0.083331,-0.010864,0.051514,0.995130
DATA,164.998413,149.769623,-156.735413,0.104583,-0.005221,0.044987,0.993484
DATA,164.961121,150.573730,-156.985413,0.122029,-0.000590,0.038720,0.991771
DATA,163.759384,149.702225,-157.430084,0.137007,0.003896,0.037445,0.989855
DATA,164.027069,152.038544,-158.333466,0.148768,0.008917,0.040191,0.988015
DATA,163.541168,151.375809,-156.855576,0.155451,0.014082,0.044718,0.986730
DATA,163.609024,152.221481,-158.932922,0.155856,0.017052,0.048272,0.986452
DATA,163.655380,151.504608,-158.400101,0.151330,0.017009,0.051833,0.986977
DATA,165.014862,152.044098,-158.347183,0.142061,0.011660,0.052939,0.988372
DATA,163.950928,151.841461,-156.204697,0.130981,0.001810,0.050090,0.990117
DATA,163.790085,150.463242,-158.248215,0.119169,-0.007148,0.045643,0.991799
DATA,165.035339,149.623489,-157.800278,0.107112,-0.014115,0.040187,0.993334
DATA,165.000687,149.955414,-157.850754,0.093823,-0.019829,0.035258,0.994767
DATA,164.683868,147.019257,-157.919342,0.075681,-0.024311,0.032827,0.996295
DATA,164.593536,53.451614,-156.597427,0.048377,-0.025007,0.036470,0.997850
DATA,164.077637,-147.368149,-156.592560,0.013187,-0.028812,0.040584,0.998674
DATA,163.053696,-148.511902,-156.757523,-0.024381,-0.033008,0.038462,0.998417
DATA,164.689041,-150.940643,-158.348358,-0.062701,-0.032891,0.039251,0.996718
DATA,163.169403,-152.089554,-154.156708,-0.098742,-0.034276,0.039594,0.993734
DATA,165.063385,-147.760239,-158.275436,-0.132610,-0.037620,0.040060,0.989644
DATA,166.075653,-149.824020,-156.753006,-0.169120,-0.040503,0.043209,0.983814
DATA,165.133835,-147.333298,-155.553589,-0.205873,-0.041740,0.041045,0.976826
DATA,165.537079,-147.421921,-156.465149,-0.243902,-0.047140,0.045356,0.967591
DATA,165.284256,-145.990982,-156.928223,-0.282436,-0.053287,0.042183,0.956876
DATA,163.842041,-146.877457,-156.781433,-0.316876,-0.056761,0.036919,0.946047
DATA,163.171600,-147.010910,-155.805588,-0.345622,-0.059026,0.039740,0.935672
DATA,162.690063,-145.493912,-157.560745,-0.370458,-0.061614,0.044733,0.925723
DATA,163.729858,-140.978989,-156.051956,-0.390309,-0.064706,0.048301,0.917136
DATA,161.250443,-144.413864,-156.363846,-0.405321,-0.067977,0.047895,0.910385
DATA,161.375244,-142.600739,-156.633621,-0.416889,-0.068750,0.044125,0.905279
DATA,158.885361,-147.728333,-157.865967,-0.425948,-0.066324,0.040053,0.901424
DATA,163.929123,-144.743317,-156.061325,-0.433228,-0.063520,0.035810,0.898330
DATA,156.475693,-145.370682,-156.791122,-0.438902,-0.057253,0.035105,0.896021
DATA,157.682480,-144.986359,-157.256958,-0.442088,-0.049697,0.034527,0.894928
DATA,157.789764,-144.927460,-154.896667,-0.441598,-0.044156,0.031069,0.895587
DATA,158.861511,-145.995300,-155.873993,-0.435514,-0.038437,0.026424,0.898973
DATA,161.658295,-146.500275,-156.645966,-0.421486,-0.035388,0.020453,0.905913
DATA,160.121674,-145.737106,-156.141647,-0.399785,-0.031887,0.014569,0.915939
DATA,164.061081,-145.121033,-155.748718,-0.370463,-0.029810,0.010704,0.928307
DATA,164.184509,-145.091019,-155.895340,-0.335779,-0.026865,0.012306,0.941477
DATA,164.409546,-147.222443,-156.059509,-0.297583,-0.025809,0.013405,0.954253
DATA,164.318253,-146.995575,-157.117432,-0.259118,-0.026190,0.016041,0.965357
DATA,165.524475,-149.627945,-155.982147,-0.222486,-0.026713,0.022569,0.974308
DATA,162.570221,-150.881622,-155.784576,-0.185252,-0.024862,0.031373,0.981875
DATA,165.773315,-148.185791,-158.392181,-0.145026,-0.019333,0.036378,0.988570
DATA,163.577728,-149.786118,-157.913712,-0.103141,-0.010440,0.039223,0.993838
DATA,164.935150,-146.219345,-158.358185,-0.063025,0.002027,0.039004,0.997247
DATA,163.021576,-148.473541,-155.898788,-0.026957,0.012041,0.038732,0.998813
DATA,164.718369,151.411972,-156.854050,0.088254,0.013663,0.013742,0.995910
DATA,163.703491,152.889893,-155.830917,0.114761,0.012851,0.007489,0.993282
DATA,165.580765,152.888931,-157.598114,0.167863,0.025615,0.006158,0.985458
DATA,164.568848,151.634155,-156.854355,0.170842,0.032390,0.009480,0.984720
DATA,165.381210,152.783829,-157.310211,0.167504,0.031454,0.009180,0.985327
DATA,165.286713,153.346436,-158.126846,0.159755,0.029640,0.010264,0.986658
DATA,165.466583,153.099075,-157.715942,0.148722,0.025637,0.009580,0.988500
DATA,164.567078,151.252853,-156.969162,0.135452,0.021156,0.008903,0.990518
DATA,165.489822,153.491333,-156.842422,0.120764,0.015330,0.008116,0.992530
DATA,164.861023,151.677841,-158.073853,0.104685,0.007510,0.007218,0.994451
DATA,165.324188,152.215256,-158.211441,0.083662,0.001531,0.012743,0.996412
DATA,163.352188,-149.461502,-156.309586,-0.119748,-0.057239,0.030041,0.990698
DATA,91.927399,-147.648407,-157.760956,-0.169621,-0.070313,0.027302,0.982619
DATA,165.731827,-147.006866,-154.973068,-0.214755,-0.077641,0.022257,0.973323
DATA,164.106430,-146.219528,-155.708755,-0.251591,-0.077828,0.020715,0.964477
DATA,164.676834,-147.310715,-156.757095,-0.282293,-0.075304,0.027565,0.955971
DATA,165.126358,-147.057175,-156.012085,-0.308357,-0.071753,0.039113,0.947754
DATA,163.975952,-144.271622,-156.223022,-0.330732,-0.067881,0.050741,0.939912
DATA,163.623917,-146.648209,-156.556000,-0.349494,-0.066886,0.053258,0.933029
DATA,162.894730,-146.945450,-156.000793,-0.364405,-0.065612,0.049081,0.927629
DATA,163.446365,-145.987457,-157.418030,-0.375473,-0.067201,0.042376,0.923422
DATA,161.107910,-145.303085,-156.618607,-0.383762,-0.067362,0.034529,0.920324
DATA,158.067886,-143.429871,-155.586792,-0.389528,-0.063678,0.034586,0.918160
DATA,163.985596,-144.436615,-156.817337,-0.391062,-0.057175,0.034461,0.917940
DATA,158.875549,-142.895538,-155.730438,-0.385972,-0.046011,0.034991,0.920698
DATA,162.770493,-144.179291,-156.981491,-0.374326,-0.034300,0.037953,0.925885
DATA,162.794052,-145.214645,-157.188797,-0.356033,-0.027003,0.034362,0.933451
DATA,162.710495,-146.180939,-157.164581,-0.330131,-0.020569,0.028366,0.943285
DATA,163.098328,-146.983994,-155.039429,-0.294851,-0.015815,0.020176,0.955199
DATA,162.681122,-145.774017,-157.157684,-0.251328,-0.014592,0.015647,0.967666
DATA,163.668030,-148.259232,-157.452393,-0.202333,-0.012304,0.015631,0.979115
DATA,165.824554,-148.405991,-156.927750,-0.150413,-0.009340,0.016461,0.988442
DATA,165.531372,-147.560013,-157.986832,-0.098422,-0.002602,0.020020,0.994940
DATA,164.190567,-145.949432,-156.938446,-0.053869,0.007719,0.028088,0.998123
DATA,164.143387,-144.394455,-157.153397,-0.016885,0.016403,0.032387,0.999198
DATA,164.355042,108.518562,-157.776215,0.071477,0.025165,0.016994,0.996980
DATA,164.528397,152.617889,-157.516281,0.097804,0.026051,0.008343,0.994830
DATA,165.513184,154.251785,-157.481567,0.121034,0.028319,-0.001193,0.992244
DATA,165.414368,154.348694,-156.440643,0.138810,0.032460,-0.004664,0.989776
DATA,165.557922,152.794373,-158.368820,0.150629,0.034399,-0.004180,0.987983
DATA,165.748642,153.506561,-157.813904,0.157757,0.033851,-0.001151,0.986897
DATA,164.836334,154.237518,-157.996872,0.160298,0.035485,0.005085,0.986418
DATA,165.365463,153.651382,-157.997025,0.155490,0.035418,0.007777,0.987172
DATA,165.711380,155.119278,-157.820038,0.145156,0.033628,0.011853,0.988766
DATA,165.296066,152.714066,-158.014847,0.128601,0.029604,0.014493,0.991149
DATA,164.949066,153.369385,-157.456680,0.107946,0.019881,0.012706,0.993877
DATA,165.055542,152.668106,-157.465668,0.082999,0.008106,0.012673,0.996436
DATA,165.049088,-149.480484,-156.327072,-0.055731,-0.032153,0.020771,0.997712
DATA,165.490067,-149.141632,-157.434799,-0.097790,-0.043568,0.025193,0.993934
DATA,168.880554,-146.778519,-157.391174,-0.147326,-0.055437,0.027080,0.987162
DATA,169.404877,-146.810989,-159.923645,-0.197267,-0.065259,0.023134,0.977902
DATA,169.103668,-145.744354,-157.071228,-0.243570,-0.070192,0.020591,0.967121
DATA,164.953918,-145.467361,-155.979187,-0.284588,-0.070817,0.026944,0.955651
DATA,163.661102,-147.201294,-157.774582,-0.318212,-0.069134,0.037887,0.944736
DATA,162.673813,-145.934250,-156.519699,-0.345043,-0.064416,0.050193,0.935028
DATA,160.957611,-144.760452,-158.033737,-0.366262,-0.060808,0.058708,0.926665
DATA,161.744217,-146.299545,-156.842285,-0.384757,-0.059369,0.062743,0.918967
DATA,159.472031,-145.561768,-155.957092,-0.400429,-0.059137,0.060432,0.912418
DATA,157.624802,-146.244446,-154.666245,-0.412320,-0.055198,0.054967,0.907703
DATA,157.671585,-145.742447,-156.207779,-0.418460,-0.050817,0.051957,0.905323
DATA,160.571838,-143.000839,-156.900238,-0.419013,-0.043820,0.051461,0.905461
DATA,158.740952,-142.877441,-156.135910,-0.415581,-0.034068,0.053215,0.907359
DATA,157.915787,-145.626923,-157.420868,-0.409216,-0.028014,0.052095,0.910518
DATA,159.664764,-144.029617,-155.464783,-0.399677,-0.022799,0.048225,0.915102
DATA,160.215042,-146.080444,-157.343628,-0.383284,-0.018607,0.040722,0.922545
DATA,162.448761,-142.951523,-156.706314,-0.357405,-0.012540,0.033695,0.933257
DATA,162.541702,-145.914383,-156.892365,-0.321379,-0.006821,0.033171,0.946345
DATA,164.171844,-147.604843,-157.609100,-0.275653,-0.000702,0.035423,0.960604
DATA,164.301956,-148.680344,-157.225449,-0.225960,0.004946,0.038457,0.973365
DATA,163.909760,-145.050018,-157.187256,-0.178548,0.008917,0.042274,0.982982
DATA,163.276352,-145.520874,-158.109070,-0.136202,0.014158,0.042503,0.989668
DATA,164.761505,-145.679169,-158.020691,-0.096571,0.018448,0.035351,0.994527
DATA,164.153198,-145.561478,-156.996536,-0.058400,0.024013,0.031976,0.997492
DATA,165.061996,-145.248520,-157.610275,-0.021721,0.029433,0.030223,0.998874
DATA,165.047104,149.978638,-158.150711,0.081778,0.033704,0.024765,0.995773
DATA,165.044022,153.865189,-157.918961,0.109534,0.033391,0.016285,0.993289
DATA,164.953003,153.963669,-157.600723,0.131279,0.036530,0.008177,0.990638
DATA,165.060318,153.408112,-157.298370,0.147949,0.041353,0.004442,0.988120
DATA,164.836166,154.422073,-157.609650,0.158786,0.046650,0.003547,0.986204
DATA,164.902618,153.467834,-157.275757,0.165167,0.049906,0.005277,0.984988
DATA,164.921906,152.696365,-157.888214,0.166534,0.049757,0.009168,0.984737
DATA,165.243774,154.495117,-157.878937,0.162381,0.046542,0.013172,0.985542
DATA,165.180420,153.379776,-157.750244,0.154133,0.044130,0.018776,0.986885
DATA,164.992447,154.149414,-157.531723,0.141387,0.037491,0.021754,0.989005
DATA,165.004227,152.627701,-157.646027,0.124476,0.029291,0.024890,0.991478
DATA,165.940353,153.900513,-157.860367,0.100463,0.019004,0.028892,0.994340
DATA,164.265060,149.718857,-157.519394,0.067588,0.007145,0.034719,0.997083
DATA,165.170395,-149.185669,-156.742691,-0.066319,-0.020954,0.059746,0.995788
DATA,163.303848,-147.236252,-154.823013,-0.115833,-0.033751,0.060819,0.990830
DATA,160.921036,-148.823730,-158.362335,-0.169693,-0.048886,0.054751,0.982760
DATA,166.141922,-146.527679,-153.581100,-0.222286,-0.064325,0.044706,0.971829
DATA,165.599854,-147.744522,-156.475616,-0.268229,-0.079533,0.030984,0.959566
DATA,162.921463,-148.211319,-157.892426,-0.305577,-0.088184,0.015432,0.947949
DATA,163.534378,-147.479645,-156.454620,-0.335442,-0.088206,0.008098,0.937887
DATA,166.539520,-145.778229,-156.937668,-0.358517,-0.082302,0.009922,0.929835
DATA,164.486374,-145.316071,-156.469162,-0.375856,-0.073738,0.019928,0.923525
DATA,161.710495,-146.864410,-156.441635,-0.390005,-0.067360,0.034438,0.917700
DATA,163.139099,-146.064896,-156.769180,-0.400114,-0.065549,0.045967,0.912962
DATA,160.246979,-146.156509,-155.117783,-0.404542,-0.065051,0.050699,0.910793
DATA,158.978271,-146.510254,-156.977737,-0.403657,-0.062730,0.051534,0.911302
DATA,161.909546,-146.413116,-156.798691,-0.398589,-0.059262,0.046866,0.914012
DATA,161.731598,-145.100296,-156.618591,-0.387049,-0.051967,0.042175,0.919627
DATA,163.415634,-145.268295,-156.152512,-0.366907,-0.041624,0.036983,0.928590
DATA,162.333145,-146.631851,-157.748352,-0.340540,-0.030397,0.036116,0.939044
DATA,162.657730,-146.894989,-157.544983,-0.308593,-0.021385,0.039030,0.950153
DATA,164.209930,-146.102112,-157.433594,-0.270367,-0.015381,0.043942,0.961631
DATA,164.291489,-146.110748,-156.388260,-0.226986,-0.009788,0.051440,0.972489
DATA,163.929398,-145.227692,-158.235977,-0.181299,-0.004339,0.059151,0.981638
DATA,164.826523,-147.643524,-156.487503,-0.135864,0.001357,0.067177,0.988447
DATA,164.680511,-148.093887,-158.377243,-0.093503,0.010639,0.074096,0.992801
DATA,165.224564,-145.537766,-157.151230,-0.055526,0.019437,0.078031,0.995214
DATA,163.591141,-144.483032,-156.510406,-0.020844,0.024285,0.076375,0.996565
DATA,165.202255,151.416367,-157.527481,0.096584,0.024645,0.039647,0.994229
DATA,164.621887,153.704330,-157.671753,0.118636,0.032452,0.028073,0.992010
DATA,165.450714,153.677612,-157.140594,0.133199,0.038681,0.022463,0.990079
DATA,164.992935,153.322845,-157.018433,0.140518,0.040874,0.021353,0.989004
DATA,164.554291,154.804398,-158.492035,0.144745,0.038963,0.020388,0.988491
DATA,164.122925,153.598633,-157.609055,0.146941,0.036806,0.021933,0.988217
DATA,164.501160,154.536850,-157.581055,0.146772,0.035046,0.024099,0.988256
DATA,165.032913,155.089554,-157.557404,0.143058,0.034129,0.026626,0.988767
DATA,164.804474,153.043655,-157.234940,0.136025,0.032861,0.031119,0.989671
DATA,165.528107,153.681183,-157.696640,0.124747,0.031733,0.037126,0.990986
DATA,165.047348,153.376465,-158.025391,0.107945,0.028205,0.043968,0.992783
DATA,164.797592,149.460785,-157.578308,0.083747,0.021818,0.051699,0.994906
DATA,164.374435,-149.622833,-156.032227,-0.082106,-0.011888,0.073305,0.993853
DATA,163.717499,-144.436615,-159.967667,-0.130003,-0.020743,0.075307,0.988432
DATA,163.981430,-145.447540,-157.756592,-0.182952,-0.032703,0.076310,0.979610
DATA,163.123962,-147.541336,-156.755508,-0.238668,-0.043768,0.071056,0.967509
DATA,164.453598,-146.684708,-157.913788,-0.288015,-0.054008,0.063098,0.954017
DATA,162.277267,-146.746368,-157.221603,-0.327499,-0.060273,0.052777,0.941449
DATA,163.185318,-145.596191,-157.329605,-0.357135,-0.057983,0.048766,0.930975
DATA,162.160400,-146.874985,-158.133514,-0.379796,-0.052985,0.052968,0.922031
DATA,160.312103,-146.643127,-156.879608,-0.397884,-0.047450,0.062362,0.914083
DATA,159.449371,-145.106903,-156.421936,-0.413503,-0.045434,0.072358,0.906485
DATA,154.387634,-145.869995,-155.285950,-0.424734,-0.044787,0.074694,0.901119
DATA,155.860718,-144.122650,-155.719147,-0.430055,-0.042334,0.072446,0.898895
DATA,155.326569,-146.502716,-156.549515,-0.429998,-0.038559,0.068133,0.899429
DATA,155.449615,-144.270569,-156.292862,-0.424915,-0.033171,0.065155,0.902276
DATA,158.627762,-145.568924,-156.024704,-0.414486,-0.028490,0.061692,0.907515
DATA,158.195892,-145.023041,-155.965805,-0.398763,-0.022247,0.057630,0.914971
DATA,161.367416,-145.355453,-156.515518,-0.376184,-0.013778,0.054672,0.924828
DATA,161.812378,-143.195740,-156.259598,-0.346362,-0.005200,0.053777,0.936544
DATA,163.929779,-146.219864,-156.533981,-0.310438,-0.000108,0.055414,0.948977
DATA,164.754990,-146.510696,-156.888504,-0.268445,0.005454,0.058557,0.961498
DATA,164.581375,-146.500732,-157.044937,-0.222978,0.010770,0.063018,0.972725
DATA,163.366364,-145.010544,-155.979828,-0.176332,0.017546,0.068647,0.981777
DATA,166.061218,-145.807419,-155.890488,-0.130087,0.023615,0.075870,0.988313
DATA,165.376984,-146.964874,-158.523178,-0.085258,0.027422,0.081097,0.992674
DATA,164.842484,-146.104050,-158.541992,-0.039253,0.026176,0.078263,0.995816
DATA,164.316162,-141.112595,-156.417831,0.006930,0.024198,0.071118,0.997150
DATA,164.367508,-132.022949,-157.184708,0.050593,0.023010,0.056797,0.996838
DATA,165.312347,152.139221,-158.128464,0.086460,0.022194,0.039206,0.995236
DATA,164.873062,153.136963,-158.033508,0.114193,0.026604,0.021960,0.992859
DATA,164.557800,153.659607,-156.584229,0.137239,0.032941,0.006812,0.989967
DATA,165.931564,154.184341,-158.102524,0.154473,0.038346,-0.000976,0.987252
DATA,164.925522,153.294693,-158.209274,0.165181,0.047184,-0.002597,0.985131
DATA,165.389938,153.686371,-157.554520,0.168683,0.048782,-0.005133,0.984449
DATA,165.125244,153.866791,-157.733154,0.167023,0.048857,-0.003192,0.984737
DATA,164.234222,152.757767,-156.486832,0.159591,0.046779,0.002011,0.986072
DATA,164.910172,152.479736,-156.587830,0.146733,0.042324,0.011753,0.988200
DATA,163.912659,154.512726,-157.355530,0.126201,0.034132,0.024154,0.991123
DATA,164.312286,153.679657,-156.939285,0.098330,0.022219,0.034549,0.994306
DATA,165.343582,98.313179,-157.379959,0.063422,0.011587,0.044410,0.996931
DATA,164.822861,-138.600754,-156.113388,0.021538,0.002349,0.052385,0.998392
DATA,164.205719,-146.531769,-158.119247,-0.025505,-0.004928,0.062509,0.997706
DATA,165.543213,-149.647934,-156.978989,-0.074535,-0.011773,0.068223,0.994812
DATA,167.292419,-147.783905,-156.722443,-0.127520,-0.024194,0.071123,0.988987
DATA,163.956894,-146.200119,-156.987793,-0.185898,-0.040794,0.073322,0.978980
DATA,165.205750,-147.064728,-157.733673,-0.244128,-0.059120,0.065005,0.965754
DATA,164.026001,-144.152954,-157.200455,-0.295966,-0.075512,0.051798,0.950799
DATA,164.283752,-144.653183,-157.693436,-0.339459,-0.084259,0.038282,0.936057
DATA,163.911835,-145.998566,-156.276688,-0.374620,-0.083195,0.033081,0.922845
DATA,162.722351,-143.496124,-153.957001,-0.401698,-0.076580,0.039578,0.911706
DATA,161.697754,-143.013565,-155.436554,-0.423106,-0.068890,0.052605,0.901925
DATA,156.667511,-145.340057,-157.394928,-0.440181,-0.063265,0.065580,0.893273
DATA,155.226334,-144.702408,-157.483322,-0.451518,-0.058225,0.074021,0.887278
DATA,153.085175,-147.329590,-157.596878,-0.457561,-0.049579,0.075368,0.884590
DATA,152.159454,-144.382889,-157.280121,-0.459382,-0.040835,0.075259,0.884102
DATA,153.777283,-143.648254,-155.808136,-0.454935,-0.034413,0.073542,0.886815
DATA,157.033554,-142.632309,-157.344162,-0.444171,-0.028162,0.070813,0.892695
DATA,159.731064,-144.462753,-156.459778,-0.426273,-0.021231,0.064903,0.902014
DATA,160.864639,-145.264755,-158.219650,-0.399735,-0.012756,0.059726,0.914594
DATA,163.198761,-147.947845,-156.387253,-0.365167,-0.005552,0.059912,0.928996
DATA,164.074356,-145.757263,-157.078354,-0.325043,-0.000073,0.066777,0.943339
DATA,163.090912,-147.657547,-157.135132,-0.282032,0.005751,0.073552,0.956564
DATA,166.746964,-144.714951,-157.694748,-0.236978,0.009092,0.080019,0.968171
DATA,163.460251,-147.096924,-156.993942,-0.189418,0.011350,0.083557,0.978269
DATA,165.684479,-148.297150,-157.528030,-0.138929,0.012070,0.083248,0.986723
DATA,165.021408,-148.996658,-158.012421,-0.089039,0.013279,0.080373,0.992691
DATA,165.151154,-149.116852,-157.067398,-0.043124,0.014136,0.075940,0.996079
DATA,164.301804,-151.306427,-156.773193,-0.001445,0.010947,0.066986,0.997693
DATA,164.902405,-113.412743,-156.187332,0.035485,0.005926,0.053843,0.997901
DATA,164.588333,149.721237,-157.643600,0.066124,0.005024,0.042357,0.996899
DATA,164.868362,150.991104,-157.486038,0.095585,0.007202,0.030048,0.994942
DATA,168.485687,153.506744,-157.472473,0.119757,0.013483,0.020646,0.992497
DATA,164.451797,151.110458,-157.295929,0.137031,0.021950,0.013103,0.990237
DATA,164.553284,151.824493,-157.485519,0.146947,0.027824,0.009127,0.988711
DATA,163.868698,151.169144,-156.756866,0.150369,0.028792,0.008780,0.988172
DATA,167.291946,152.354279,-156.580109,0.148152,0.027354,0.010824,0.988527
DATA,165.094269,153.577682,-157.271454,0.140126,0.023921,0.012642,0.989764
DATA,164.545563,151.585754,-158.040451,0.127530,0.016525,0.011908,0.991625
DATA,164.537659,152.721130,-157.537323,0.108050,0.006816,0.014571,0.994015
DATA,164.852570,152.559906,-158.328796,0.079924,-0.002695,0.021641,0.996562
DATA,164.565887,84.017242,-156.987320,0.041892,-0.011751,0.032709,0.998518
DATA,164.989258,-148.909286,-158.725967,-0.006312,-0.026695,0.043842,0.998662
DATA,164.921677,-149.330200,-156.640228,-0.057912,-0.043854,0.047859,0.996209
DATA,165.646561,-149.910812,-156.816788,-0.111747,-0.061092,0.051432,0.990523
DATA,164.930893,-146.838318,-156.820572,-0.168918,-0.077847,0.051172,0.981218
DATA,164.918320,-143.603699,-156.569565,-0.225656,-0.091187,0.047581,0.968762
DATA,166.093124,-147.063873,-156.340881,-0.274278,-0.099955,0.041530,0.955540
DATA,163.967041,-145.910614,-159.219360,-0.315012,-0.101793,0.036173,0.942919
DATA,164.413071,-145.134216,-156.602188,-0.351522,-0.100500,0.032703,0.930195
DATA,162.625504,-144.935425,-157.309967,-0.383642,-0.097320,0.029717,0.917859
DATA,163.408798,-146.719772,-157.843887,-0.412823,-0.092488,0.034233,0.905457
DATA,161.661697,-142.748093,-156.023132,-0.438697,-0.088229,0.040408,0.893380
DATA,159.279327,-144.544800,-156.598953,-0.459198,-0.082310,0.045043,0.883365
DATA,158.482361,-141.729614,-157.174911,-0.474019,-0.073294,0.051169,0.875966
DATA,153.659714,-143.450089,-155.589371,-0.483503,-0.062126,0.053938,0.871468
DATA,149.436890,-146.368134,-156.402176,-0.487534,-0.055457,0.050001,0.869905
DATA,150.385788,-144.017563,-156.480804,-0.486300,-0.049249,0.044094,0.871288
DATA,153.285126,-143.498840,-157.742371,-0.477897,-0.043095,0.038396,0.876518
DATA,158.137100,-143.077713,-156.956131,-0.459422,-0.037367,0.033937,0.886783
DATA,159.318588,-145.070129,-157.499039,-0.430268,-0.028874,0.035079,0.901557
DATA,161.826126,-144.878891,-158.255692,-0.394052,-0.021595,0.040345,0.917948
DATA,164.263885,-146.605591,-156.710342,-0.353881,-0.015802,0.046783,0.933986
DATA,164.745026,-145.040970,-157.597168,-0.310689,-0.014132,0.052290,0.948967
DATA,165.615662,-142.708206,-156.073807,-0.263488,-0.013987,0.056809,0.962887
DATA,168.240479,-145.265213,-158.171280,-0.212046,-0.012308,0.059818,0.975350
DATA,164.305740,-149.137344,-156.251785,-0.160582,-0.007777,0.062763,0.984994
DATA,165.903961,-148.177155,-155.852890,-0.114211,-0.002462,0.065723,0.991277
DATA,166.489136,-145.234543,-157.421234,-0.075130,0.001254,0.066934,0.994924
DATA,165.204803,-147.019287,-157.162598,-0.040412,0.001033,0.061913,0.997262
DATA,164.070023,-146.285858,-156.976959,-0.008793,-0.000807,0.055142,0.998439
DATA,164.596207,152.813873,-158.129562,0.072008,0.009826,0.038780,0.996601
DATA,164.796967,152.315979,-156.505524,0.088988,0.017112,0.034647,0.995283
DATA,164.587326,153.139343,-156.998520,0.100389,0.021708,0.032148,0.994192
DATA,164.500473,151.938034,-158.022903,0.106496,0.026804,0.032714,0.993413
DATA,164.806519,152.288971,-157.868103,0.107871,0.030153,0.036718,0.993029
DATA,164.467026,153.211945,-158.093903,0.103152,0.031136,0.040847,0.993339
DATA,164.921890,153.094971,-157.307083,0.092886,0.025657,0.039386,0.994567
DATA,165.155167,152.970795,-157.001099,0.078222,0.019882,0.041845,0.995859
DATA,165.391190,150.743500,-157.184967,0.057493,0.014897,0.048816,0.997041
DATA,164.387726,-146.507736,-156.669342,-0.074769,-0.020452,0.080743,0.993716
DATA,162.224701,-150.680923,-154.609543,-0.117427,-0.026274,0.083369,0.989227
DATA,165.712067,-149.172928,-156.995422,-0.164498,-0.032530,0.080596,0.982541
DATA,165.157501,-145.876465,-157.676239,-0.213758,-0.039134,0.075622,0.973169
DATA,163.334366,-145.706085,-157.348038,-0.261443,-0.043128,0.071238,0.961620
DATA,165.152908,-146.781158,-156.497208,-0.306216,-0.044683,0.079883,0.947551
DATA,166.596237,-146.205200,-156.017593,-0.344899,-0.045248,0.086493,0.933550
DATA,161.347473,-146.855072,-156.925125,-0.375250,-0.042840,0.086976,0.921839
DATA,162.137817,-145.869522,-156.821838,-0.398056,-0.039305,0.084447,0.912620
DATA,159.302292,-147.220917,-157.190109,-0.415137,-0.037731,0.080386,0.905415
DATA,156.728897,-146.406876,-155.213181,-0.428419,-0.038182,0.083504,0.898903
DATA,157.950363,-143.771790,-155.962784,-0.438723,-0.033007,0.087046,0.893787
DATA,154.461945,-144.356339,-157.190552,-0.444660,-0.030040,0.093015,0.890350
DATA,152.791992,-144.487167,-156.244324,-0.446896,-0.025871,0.100487,0.888547
DATA,149.619080,-144.909927,-155.427887,-0.444958,-0.022119,0.100229,0.889650
DATA,152.814651,-144.510178,-156.888855,-0.438298,-0.021787,0.096579,0.893360
DATA,153.201492,-146.952515,-156.847397,-0.425999,-0.022323,0.092058,0.899751
DATA,159.330933,-144.606796,-157.277893,-0.407378,-0.022247,0.093846,0.908153
DATA,161.207596,-145.539581,-156.852692,-0.384317,-0.018217,0.093944,0.918228
DATA,163.732773,-146.482468,-156.366989,-0.352924,-0.014988,0.094928,0.930703
DATA,164.531845,-144.160980,-156.722931,-0.313361,-0.010928,0.098507,0.944448
DATA,164.367554,-146.367996,-158.090332,-0.270127,-0.007154,0.102896,0.957284
DATA,164.646423,-143.177643,-156.950760,-0.227008,-0.005199,0.110338,0.967608
DATA,163.979370,-147.239502,-158.633377,-0.187584,-0.005592,0.117256,0.975209
DATA,165.198257,-144.779709,-157.229401,-0.148919,-0.007185,0.112406,0.982414
DATA,166.044540,-149.077972,-159.104019,-0.109039,-0.009293,0.103356,0.988606
DATA,163.371170,-147.690979,-152.289078,-0.069664,-0.008604,0.091842,0.993297
DATA,165.573532,-150.433899,-157.242645,-0.030899,-0.002959,0.081089,0.996223
DATA,163.472382,-150.545593,-159.000626,0.005002,0.005072,0.073201,0.997292
DATA,163.743195,-147.483902,-156.630432,0.034517,0.013483,0.069641,0.996884
DATA,165.474869,72.314850,-157.381271,0.058864,0.020362,0.065986,0.995875
DATA,164.782852,150.864441,-158.054810,0.080110,0.026012,0.063216,0.994439
DATA,165.283264,151.963409,-157.570251,0.095645,0.030462,0.060690,0.993097
DATA,164.270615,151.436737,-158.471222,0.105867,0.036583,0.058143,0.992005
DATA,165.070221,152.707764,-158.268951,0.111049,0.040759,0.056066,0.991395
DATA,165.695450,152.460281,-158.042053,0.111128,0.040123,0.056756,0.991372
DATA,165.244843,152.345352,-157.849579,0.105408,0.036884,0.059929,0.991936
DATA,165.188370,152.432831,-157.332764,0.094372,0.030152,0.062670,0.993105
DATA,165.165863,140.000000,-157.786102,0.079382,0.021351,0.065320,0.994473
DATA,164.727692,-42.101585,-156.614929,0.059900,0.011235,0.071422,0.995583
DATA,162.930038,-139.643112,-157.795624,0.034553,0.003466,0.082689,0.995970
DATA,160.969971,-144.993759,-154.651276,-0.061861,-0.021647,0.117060,0.990960
DATA,164.053543,-144.578827,-153.198517,-0.100225,-0.031295,0.124333,0.986670
DATA,166.049255,-146.657135,-157.637589,-0.143151,-0.044045,0.126573,0.980585
DATA,165.185364,-146.264496,-156.177643,-0.186782,-0.058759,0.123769,0.972801
DATA,166.301666,-144.735184,-155.838165,-0.230069,-0.069489,0.119654,0.963287
DATA,164.980103,-146.321503,-156.604477,-0.267271,-0.072601,0.118464,0.953552
DATA,164.609924,-147.501495,-157.104996,-0.297373,-0.070281,0.124931,0.943940
DATA,163.820160,-145.493301,-156.419312,-0.323195,-0.067061,0.135192,0.934222
DATA,162.575867,-146.305817,-156.800735,-0.346642,-0.063331,0.141213,0.925142
DATA,161.249588,-147.098907,-153.703751,-0.366078,-0.062991,0.135876,0.918453
DATA,162.167175,-146.909988,-156.526428,-0.379977,-0.067185,0.125867,0.913926
DATA,160.836838,-145.950989,-158.060516,-0.390723,-0.069811,0.118338,0.910197
DATA,162.177460,-141.329681,-157.773849,-0.397805,-0.072451,0.112487,0.907661
DATA,162.560410,-145.397095,-155.172638,-0.398241,-0.072780,0.107015,0.908105
DATA,160.278763,-145.320190,-156.557739,-0.391334,-0.071466,0.101860,0.911797
DATA,162.352539,-146.732681,-156.435059,-0.379034,-0.073902,0.095989,0.917419
DATA,163.727478,-143.826614,-155.306396,-0.362998,-0.078090,0.086582,0.924466
DATA,162.763367,-146.283417,-157.232605,-0.341270,-0.083034,0.073881,0.933371
DATA,164.731125,-146.775452,-157.713974,-0.313244,-0.086181,0.061261,0.943768
DATA,166.066513,-146.586380,-156.081406,-0.280757,-0.088075,0.051031,0.954366
DATA,165.456345,-145.897552,-157.743088,-0.247294,-0.090510,0.045015,0.963653
DATA,166.056625,-144.245239,-156.174469,-0.213901,-0.091678,0.040441,0.971703
DATA,165.306305,-147.298386,-157.643204,-0.179993,-0.090088,0.036215,0.978864
DATA,164.889633,-150.153610,-157.486710,-0.148268,-0.085940,0.033571,0.984634
DATA,163.343506,-147.833099,-156.446655,-0.116712,-0.078589,0.026276,0.989703
DATA,164.605011,-148.008270,-157.890289,-0.085003,-0.069599,0.020845,0.993728
DATA,165.823914,-150.637848,-157.269852,-0.057698,-0.062187,0.017268,0.996246
DATA,165.974075,-148.759293,-155.189987,-0.036055,-0.054554,0.013294,0.997771
DATA,164.769028,106.336456,-157.288025,0.033131,-0.047613,-0.011835,0.998246
DATA,99.940086,142.862305,-157.323349,0.042415,-0.049506,-0.012249,0.997798
DATA,165.138199,145.452469,-157.429749,0.047576,-0.053160,-0.012421,0.997375
DATA,165.661453,145.463318,-158.015167,0.049188,-0.057377,-0.009198,0.997098
DATA,165.952164,142.497589,-158.315918,0.047789,-0.061885,-0.006707,0.996916
DATA,165.138382,123.034164,-157.061035,0.045291,-0.066159,-0.004620,0.996770
DATA,165.167053,62.658714,-156.992203,0.041861,-0.070924,-0.001721,0.996602
DATA,164.644745,-3.929571,-157.062607,0.037845,-0.076217,0.002088,0.996371
DATA,163.918747,-66.013924,-155.806778,0.033692,-0.081112,0.004969,0.996123
DATA,164.404816,-118.486565,-156.104813,0.030322,-0.088211,0.006931,0.995616
DATA,164.628433,-145.144104,-155.915283,0.026051,-0.095766,0.009063,0.995022
DATA,163.609772,-148.195297,-155.797852,0.021252,-0.103338,0.009335,0.994375
DATA,164.683640,-150.033798,-156.026459,0.016732,-0.108575,0.009593,0.993901
DATA,164.351364,-151.525467,-156.357025,0.012823,-0.112023,0.011312,0.993559
DATA,164.102783,-151.357544,-155.703293,0.009459,-0.116247,0.014262,0.993073
DATA,163.606339,-152.016205,-155.710632,0.005515,-0.121244,0.017889,0.992446
DATA,164.124756,-152.165619,-155.669586,0.000737,-0.127874,0.020100,0.991586
DATA,163.208328,-152.554840,-155.195267,-0.004327,-0.135712,0.021927,0.990496
DATA,163.081161,-152.328384,-156.254150,-0.010865,-0.143360,0.024324,0.989312
DATA,166.201355,-151.663208,-156.106262,-0.018171,-0.151334,0.025120,0.987996
DATA,166.268173,-151.837967,-156.507278,-0.024797,-0.154949,0.024340,0.987311
DATA,164.217697,-153.177948,-156.018936,-0.031137,-0.152569,0.024080,0.987509
DATA,163.490143,-155.144806,-155.933151,-0.038289,-0.147513,0.026120,0.987974
DATA,165.672104,-152.100143,-155.805878,-0.046140,-0.140273,0.028953,0.988613
DATA,164.752853,-151.577454,-157.481842,-0.054596,-0.130253,0.033585,0.989407
DATA,168.105301,-148.393646,-155.378571,-0.064935,-0.115388,0.036039,0.990540
DATA,164.894394,-149.969833,-156.604614,-0.075086,-0.099414,0.035644,0.991569
DATA,163.871063,-149.003265,-158.141449,-0.085331,-0.079620,0.036726,0.992487
DATA,165.825256,-153.100845,-154.562149,-0.096143,-0.057032,0.042158,0.992838
DATA,163.746780,-149.625641,-155.572067,-0.109682,-0.033967,0.048385,0.992207
DATA,164.612167,-146.355774,-158.130630,-0.122256,-0.010873,0.048821,0.991238
DATA,166.657639,-146.573013,-155.367462,-0.134604,0.015089,0.053130,0.989359
DATA,165.229340,-146.294693,-157.587479,-0.144811,0.042016,0.052372,0.987179
DATA,164.225845,-145.474579,-158.166214,-0.152712,0.072709,0.058129,0.983877
DATA,164.786942,-146.768478,-157.755630,-0.159470,0.104335,0.066933,0.979389
DATA,163.198944,-142.612671,-157.014740,-0.165559,0.134944,0.074262,0.974097
DATA,160.783005,-144.502991,-157.638382,-0.170228,0.163528,0.079199,0.968508
DATA,157.974518,-143.744400,-158.685349,-0.173508,0.188013,0.083238,0.963129
DATA,153.179077,-138.236404,-155.288834,-0.177212,0.209546,0.082555,0.958056
DATA,142.771378,-143.777557,-157.101700,-0.180775,0.229489,0.075841,0.953364
DATA,116.433540,-143.854111,-156.105988,-0.182373,0.249990,0.067244,0.948538
DATA,-54.329491,-144.129074,-156.857132,-0.182864,0.270448,0.062191,0.943160
DATA,-157.692596,-141.179367,-155.267166,-0.184974,0.288608,0.060014,0.937491
DATA,-160.523087,-139.371719,-155.993469,-0.188747,0.304667,0.061000,0.931575
DATA,-163.013306,-136.810364,-155.659348,-0.194012,0.317323,0.066345,0.925886
DATA,-162.562485,-135.356506,-156.497253,-0.199823,0.327009,0.072460,0.920807
DATA,-162.841446,-132.780258,-154.888016,-0.207522,0.340460,0.067746,0.914567
DATA,-163.597382,-127.922333,-155.589355,-0.212299,0.359685,0.064937,0.906278
DATA,-160.989227,-127.242119,-156.906998,-0.215153,0.377821,0.063343,0.898303
DATA,-164.377396,-120.093300,-154.560822,-0.215991,0.391727,0.062990,0.892149
DATA,-168.015442,-113.868622,-155.307968,-0.215653,0.400768,0.064581,0.888093
DATA,-166.278778,-108.751198,-154.326675,-0.214705,0.405919,0.068565,0.885681
DATA,-162.064255,-91.836838,-154.409241,-0.214965,0.411525,0.069140,0.882982
DATA,-167.440903,-86.762070,-156.641953,-0.216782,0.417002,0.065626,0.880232
DATA,-164.440536,-84.409988,-154.208084,-0.217867,0.421954,0.061985,0.877865
DATA,-164.600830,-89.584854,-157.292007,-0.218050,0.425625,0.058785,0.876266
DATA,-164.065094,-81.798668,-155.876953,-0.217380,0.426909,0.054982,0.876054
DATA,-162.950165,-91.284607,-154.687668,-0.213587,0.425514,0.054607,0.877688
DATA,-163.106140,-97.727371,-156.317627,-0.207737,0.420807,0.055939,0.881270
DATA,-162.782318,-99.354836,-156.044037,-0.201185,0.413748,0.058751,0.885937
DATA,-165.099060,-112.475021,-156.454315,-0.193519,0.402056,0.062207,0.892766
DATA,-163.357422,-118.620346,-155.067078,-0.186879,0.385889,0.060867,0.901366
DATA,-163.740097,-121.368271,-157.103912,-0.182373,0.363659,0.055194,0.911837
DATA,-159.388565,-129.294617,-155.681854,-0.178400,0.342003,0.048866,0.921314
DATA,-157.195496,-136.642578,-154.571594,-0.174757,0.317072,0.044017,0.931122
DATA,-30.818512,-136.432129,-156.465088,-0.172895,0.290701,0.034927,0.940415
DATA,142.413467,-141.214203,-157.124619,-0.171621,0.262911,0.023254,0.949149
DATA,156.553955,-138.970535,-157.217560,-0.167944,0.228336,0.011986,0.958913
DATA,163.684555,-137.606094,-160.426758,-0.161287,0.188146,0.003807,0.968800
DATA,163.777252,-141.947983,-158.065231,-0.153958,0.147433,-0.003670,0.977009
DATA,165.941544,-145.786346,-156.668457,-0.146308,0.111903,-0.009173,0.982847
DATA,165.798233,-145.762634,-156.388123,-0.139233,0.083258,-0.012334,0.986676
DATA,164.653427,-147.981400,-158.769028,-0.133801,0.056408,-0.018273,0.989233
DATA,164.603699,-149.859573,-156.251816,-0.129342,0.029606,-0.022737,0.990897
DATA,164.217331,-147.147308,-157.318909,-0.126758,0.000746,-0.024926,0.991620
DATA,163.713455,-151.416733,-155.972931,-0.124888,-0.032368,-0.028343,0.991238
DATA,164.842667,-150.254700,-156.395874,-0.122052,-0.065777,-0.032742,0.989800
DATA,166.257767,-153.018417,-156.137100,-0.119216,-0.096730,-0.033738,0.987569
DATA,164.958252,-151.970978,-156.320496,-0.120122,-0.125155,-0.034375,0.984238
DATA,166.048492,-150.809143,-153.001328,-0.122230,-0.149607,-0.037597,0.980441
DATA,163.644531,-151.982727,-151.579193,-0.122621,-0.170797,-0.042168,0.976737
DATA,164.903885,-153.510437,-100.593582,-0.122650,-0.191056,-0.044969,0.972848
DATA,163.670639,-152.370010,131.652054,-0.122202,-0.210062,-0.047197,0.968872
DATA,161.830872,-153.597687,150.651871,-0.119593,-0.228242,-0.051425,0.964862
DATA,162.992111,-152.961731,153.054810,-0.114227,-0.244960,-0.054945,0.961212
DATA,163.599045,-155.271317,154.868866,-0.109492,-0.257679,-0.054914,0.958435
DATA,162.647369,-157.112244,153.328323,-0.106762,-0.269930,-0.053049,0.955471
DATA,164.639023,-154.809067,155.061676,-0.105299,-0.281342,-0.051330,0.952431
DATA,161.840973,-153.764343,155.314621,-0.103962,-0.291107,-0.050933,0.949660
DATA,162.268326,-154.699509,155.873352,-0.101806,-0.298414,-0.051719,0.947581
DATA,161.713181,-153.094040,155.685074,-0.099061,-0.305591,-0.052819,0.945522
DATA,159.830383,-155.455200,157.213837,-0.095308,-0.313986,-0.053602,0.943110
DATA,164.366043,-154.381073,156.450958,-0.090773,-0.320921,-0.053629,0.941220
DATA,163.881958,-155.293289,156.106415,-0.086172,-0.325695,-0.054620,0.939954
DATA,163.212616,-155.631744,155.983307,-0.081472,-0.328230,-0.055657,0.939430
DATA,163.488647,-155.322037,156.444336,-0.077704,-0.330591,-0.056263,0.938886
DATA,163.639343,-155.629990,153.727615,-0.075479,-0.332277,-0.056610,0.938451
DATA,162.421829,-152.741013,154.922684,-0.074685,-0.332250,-0.057294,0.938482
DATA,163.547455,-154.561783,157.663422,-0.076185,-0.330128,-0.056940,0.939132
DATA,163.985550,-153.739761,158.321579,-0.078501,-0.327484,-0.056837,0.939873
DATA,163.155487,-154.026260,158.257919,-0.082086,-0.322768,-0.054914,0.941311
DATA,163.758118,-153.823181,153.084137,-0.085740,-0.314916,-0.052388,0.943786
DATA,163.939407,-153.923874,151.517654,-0.090188,-0.302316,-0.049345,0.947648
DATA,162.757523,-153.102051,147.276215,-0.094067,-0.288327,-0.051223,0.951522
DATA,164.283600,-152.553146,61.380081,-0.094229,-0.271037,-0.055628,0.956329
DATA,162.975235,-153.543182,-147.267975,-0.092295,-0.252728,-0.060699,0.961211
DATA,163.517532,-153.128891,-150.760956,-0.089823,-0.232535,-0.066145,0.966170
DATA,164.923721,-153.734955,-153.471725,-0.090194,-0.208812,-0.067588,0.971439
DATA,163.536774,-153.299042,-155.818939,-0.092470,-0.179238,-0.069028,0.977015
DATA,163.770264,-151.545761,-157.247650,-0.096712,-0.150197,-0.071220,0.981333
DATA,165.649048,-152.083969,-156.714615,-0.100227,-0.118331,-0.076729,0.984919
DATA,164.453278,-149.563782,-156.352707,-0.103217,-0.083180,-0.074715,0.988355
DATA,165.067307,-148.258347,-156.763687,-0.110514,-0.048463,-0.066605,0.990455
DATA,165.101212,-146.503677,-158.434235,-0.119699,-0.013860,-0.060614,0.990861
DATA,164.029785,-143.813278,-156.854523,-0.128369,0.020477,-0.047596,0.990372
DATA,164.726288,-143.459457,-157.170410,-0.136328,0.050045,-0.040871,0.988554
DATA,163.427994,-141.544708,-158.529160,-0.142489,0.078193,-0.031150,0.986211
DATA,164.036819,-135.973709,-155.248413,-0.146955,0.106978,-0.026619,0.982981
DATA,160.772827,-137.942413,-155.316071,-0.148135,0.132135,-0.025289,0.979774
DATA,156.736084,-130.259811,-156.586319,-0.147613,0.153159,-0.026079,0.976766
DATA,151.766235,-129.724167,-157.318359,-0.147768,0.171835,-0.029260,0.973541
DATA,143.259338,-132.801010,-157.309952,-0.147411,0.191642,-0.031379,0.969824
DATA,39.041580,-119.004311,-156.896423,-0.147541,0.212976,-0.027477,0.965462
DATA,-120.117996,-79.441048,-156.119949,-0.149243,0.234953,-0.021970,0.960230
DATA,-159.533356,-78.992683,-154.942200,-0.152638,0.256521,-0.014932,0.954293
DATA,-161.930771,-59.319981,-156.879730,-0.157202,0.277179,-0.005156,0.947857
DATA,-162.457108,-56.506535,-155.862305,-0.161782,0.299104,0.002388,0.940403
DATA,-162.386505,-39.965355,-155.897842,-0.167017,0.320771,0.003091,0.932310
DATA,-163.329620,-14.648478,-156.409012,-0.170888,0.341129,0.004574,0.924341
DATA,-162.895844,-11.516122,-154.458267,-0.174230,0.357951,0.005119,0.917327
DATA,-162.479004,3.281989,-154.119995,-0.177820,0.371592,0.004499,0.911196
DATA,-162.941818,50.971180,-156.114563,-0.186671,0.408550,0.005861,0.893424
DATA,-163.498734,62.169048,-155.254944,-0.190140,0.420034,0.007023,0.887338
DATA,-163.977463,73.649803,-155.456390,-0.192580,0.430957,0.008798,0.881539
DATA,-163.472672,70.851456,-155.475235,-0.194352,0.441626,0.010087,0.875838
DATA,-163.165894,76.143333,-154.369415,-0.194679,0.451978,0.012014,0.870444
DATA,-163.913040,77.589813,-154.719086,-0.194372,0.461363,0.013414,0.865554
DATA,-163.679382,77.517853,-153.627319,-0.194093,0.469613,0.014314,0.861154
DATA,-163.179092,77.116379,-154.252380,-0.193755,0.476533,0.014881,0.857411
DATA,-164.071945,80.932541,-154.561584,-0.194094,0.481882,0.012370,0.854379
DATA,-162.991989,88.626823,-154.760269,-0.194286,0.486150,0.009094,0.851956
DATA,-163.504440,92.414665,-154.372406,-0.193244,0.488861,0.006540,0.850664
DATA,-162.166931,104.321106,-155.927124,-0.192118,0.489676,0.004110,0.850465
DATA,-162.823196,104.969025,-154.836334,-0.190278,0.488848,0.002251,0.851362
DATA,-162.837082,106.177078,-155.619553,-0.189205,0.486631,-0.000940,0.852872
DATA,-163.133362,107.665085,-156.613861,-0.187975,0.483549,-0.005068,0.854881
DATA,-163.013702,103.006302,-154.992569,-0.186164,0.479850,-0.008163,0.857333
DATA,-162.254776,103.387337,-155.304138,-0.184380,0.473829,-0.012344,0.861010
DATA,-162.086716,98.204880,-155.592178,-0.180384,0.466525,-0.012639,0.865827
DATA,-161.416809,91.449989,-155.709213,-0.174886,0.457560,-0.008793,0.871766
DATA,-162.021896,81.185814,-156.312439,-0.171328,0.444687,-0.006351,0.879124
DATA,-162.232559,52.139557,-155.739395,-0.171349,0.427239,-0.004896,0.887740
DATA,-162.278702,18.073442,-155.169312,-0.174368,0.409716,-0.009924,0.895338
DATA,-160.869888,-17.572092,-155.831390,-0.176071,0.391931,-0.016940,0.902830
DATA,-159.577759,-64.914581,-155.154419,-0.174394,0.374660,-0.025193,0.910265
DATA,-152.681839,-78.747765,-156.188904,-0.169270,0.356851,-0.031648,0.918152
DATA,23.873886,-122.908966,-156.925842,-0.163785,0.334773,-0.038935,0.927138
DATA,147.780533,-133.671204,-156.089630,-0.156684,0.302942,-0.042060,0.939099
DATA,159.022812,-131.128708,-155.253708,-0.150106,0.266244,-0.040715,0.951275
DATA,163.782593,-135.503525,-156.478867,-0.146841,0.224289,-0.044023,0.962390
DATA,162.940857,-141.381042,-157.292877,-0.143384,0.180352,-0.049184,0.971851
DATA,164.483322,-144.168228,-157.124222,-0.138191,0.136402,-0.055274,0.979409
DATA,163.890732,-146.848007,-156.746094,-0.130741,0.095028,-0.060034,0.985024
DATA,164.427505,-148.275360,-155.442154,-0.122792,0.058081,-0.061708,0.988808
DATA,165.419662,-150.370285,-156.512070,-0.115823,0.026112,-0.060853,0.991060
DATA,166.447495,-151.023895,-156.616333,-0.109921,-0.000914,-0.059443,0.992161
DATA,165.303940,-148.568024,-155.613190,-0.106085,-0.024687,-0.057955,0.992360
DATA,165.064178,-151.961975,-155.058167,-0.104640,-0.048442,-0.058182,0.991624
DATA,163.985123,-150.265747,-157.570145,-0.103602,-0.073635,-0.060630,0.990035
DATA,166.666077,-151.568344,-155.734802,-0.102965,-0.099196,-0.061105,0.987838
DATA,164.398331,-150.391632,-155.135910,-0.102561,-0.123281,-0.062846,0.985055
DATA,165.954315,-152.507797,-154.486740,-0.102584,-0.145370,-0.064593,0.981923
DATA,164.025375,-150.989746,-154.239868,-0.103173,-0.165099,-0.065768,0.978658
DATA,163.823212,-152.396469,-149.472672,-0.103826,-0.182848,-0.068260,0.975258
DATA,164.471619,-152.937363,-108.997597,-0.104218,-0.198697,-0.070046,0.971983
DATA,162.648071,-152.273453,55.464287,-0.104814,-0.210845,-0.071841,0.969225
DATA,163.369644,-152.793930,144.384750,-0.105321,-0.222526,-0.073991,0.966393
DATA,163.123489,-152.984695,146.650864,-0.106754,-0.232814,-0.074571,0.963764
DATA,162.227554,-155.427094,149.057693,-0.108577,-0.241219,-0.075007,0.961456
DATA,162.701248,-154.243698,147.830215,-0.110099,-0.247658,-0.074780,0.959662
DATA,162.651276,-154.219788,148.654800,-0.110952,-0.251985,-0.073476,0.958538
DATA,162.306656,-154.265594,149.177597,-0.111258,-0.254969,-0.071595,0.957855
DATA,163.828964,-155.652832,146.730835,-0.110425,-0.257744,-0.069613,0.957355
DATA,163.105591,-155.112366,146.238602,-0.108320,-0.259471,-0.067150,0.957305
DATA,163.217117,-153.416107,147.989944,-0.105963,-0.260583,-0.063856,0.957492
DATA,162.525284,-150.902130,150.365433,-0.103829,-0.260547,-0.058195,0.958096
DATA,163.495987,-151.691513,146.566254,-0.102609,-0.258073,-0.049952,0.959361
DATA,163.554214,-151.926437,131.944351,-0.102954,-0.250655,-0.040009,0.961755
DATA,163.382034,-151.967987,-0.170904,-0.107267,-0.240971,-0.031341,0.964077
DATA,162.844025,-152.174423,-130.890823,-0.114165,-0.232474,-0.023577,0.965591
DATA,163.238754,-151.207825,-150.956284,-0.122401,-0.223537,-0.014256,0.966874
DATA,164.480362,-149.890259,-151.695709,-0.130173,-0.213930,-0.006270,0.968117
DATA,163.946655,-149.137238,-153.469513,-0.133498,-0.205750,-0.004634,0.969445
DATA,163.019928,-149.725861,-153.363586,-0.133488,-0.196634,-0.004669,0.971336
DATA,164.634903,-149.160812,-154.449707,-0.133074,-0.185709,-0.003520,0.973545
DATA,163.279114,-151.469269,-154.245041,-0.133444,-0.174313,0.000961,0.975606
DATA,166.597519,-152.675903,-156.839752,-0.136271,-0.164201,0.006608,0.976947
DATA,165.786453,-146.826355,-158.680038,-0.140333,-0.156311,0.011492,0.977620
DATA,164.834457,-149.631973,-156.570251,-0.146024,-0.147623,0.017784,0.978043
DATA,165.466461,-147.858475,-155.927155,-0.151481,-0.139810,0.022140,0.978272
DATA,164.104904,-148.990723,-158.507034,-0.154097,-0.131865,0.021242,0.978986
DATA,164.239655,-146.618301,-153.873215,-0.152590,-0.124016,0.015543,0.980354
DATA,165.433640,-146.718109,-158.708435,-0.149082,-0.117172,0.010814,0.981798
DATA,163.763977,-147.980545,-155.002090,-0.146298,-0.106932,0.009192,0.983401
DATA,166.037643,-146.906952,-154.890289,-0.144393,-0.091640,0.010397,0.985213
DATA,164.684387,-149.947647,-156.286255,-0.142890,-0.073750,0.013849,0.986890
DATA,165.925186,-150.180344,-159.880569,-0.143429,-0.055223,0.018662,0.987942
DATA,164.561142,-147.234055,-158.176788,-0.145975,-0.036082,0.017142,0.988481
DATA,163.896576,-148.144226,-158.351944,-0.148625,-0.012145,0.017630,0.988662
DATA,164.230362,-144.635834,-156.871902,-0.153438,0.014398,0.020186,0.987847
DATA,163.952682,-145.982071,-157.514084,-0.158175,0.047159,0.021904,0.986041
DATA,163.259247,-144.887360,-158.153458,-0.162696,0.083534,0.023282,0.982858
DATA,162.571793,-141.550385,-154.555023,-0.166313,0.118809,0.022367,0.978634
DATA,160.336868,-138.522186,-155.582901,-0.169938,0.147943,0.029963,0.973826
DATA,149.941513,-140.192322,-156.537399,-0.173400,0.176522,0.036793,0.968204
DATA,131.143265,-144.141144,-156.143021,-0.176587,0.209563,0.036236,0.961034
DATA,-30.913752,-142.139847,-156.429001,-0.177693,0.240691,0.030833,0.953699
DATA,-155.679886,-137.782181,-154.754959,-0.177785,0.267099,0.028754,0.946691
DATA,-161.000137,-133.522614,-155.144257,-0.179267,0.288894,0.026037,0.940067
DATA,-160.593094,-127.639824,-155.910858,-0.181176,0.307675,0.024793,0.933754
DATA,-161.747818,-119.508049,-156.042603,-0.184546,0.323925,0.028080,0.927484
DATA,-161.957962,-121.497498,-155.057022,-0.188958,0.338245,0.030205,0.921397
DATA,-163.024277,-113.309669,-155.367767,-0.193128,0.352128,0.030379,0.915306
DATA,-162.243378,-104.695229,-154.162064,-0.196778,0.367872,0.030284,0.908312
DATA,-163.604568,-86.166290,-157.046341,-0.199194,0.383927,0.034370,0.900966
DATA,-163.722122,-73.473831,-155.344635,-0.201970,0.400561,0.035710,0.893019
DATA,-162.827682,-64.572365,-154.031235,-0.203601,0.415620,0.036161,0.885719
DATA,-162.276978,-48.127918,-155.355377,-0.204826,0.428462,0.035806,0.879309
DATA,-163.633865,-33.085209,-156.246735,-0.205719,0.437710,0.035017,0.874565
DATA,-163.256851,-21.097660,-156.699997,-0.205951,0.443567,0.032780,0.871641
DATA,-164.016022,-18.024551,-154.014069,-0.204802,0.446975,0.029778,0.870277
DATA,-162.831970,-16.865267,-155.470215,-0.202349,0.448271,0.027873,0.870248
DATA,-163.751556,-26.114010,-155.236389,-0.198961,0.447279,0.029638,0.871480
DATA,-163.299667,-35.737637,-156.520782,-0.195873,0.445078,0.031223,0.873249
DATA,-161.501358,-47.883522,-154.732361,-0.194168,0.442659,0.031261,0.874857
DATA,-164.801682,-52.768478,-156.473038,-0.194419,0.436929,0.025077,0.877875
DATA,-162.780930,-68.040504,-155.363876,-0.193514,0.432802,0.020649,0.880232
DATA,-163.416321,-73.870193,-155.474655,-0.192652,0.426462,0.015088,0.883622
DATA,-163.693741,-77.994240,-156.560638,-0.190922,0.418385,0.008961,0.887931
DATA,-161.744675,-88.937737,-155.359818,-0.189106,0.403218,-0.000016,0.895351
DATA,-162.267639,-95.349197,-155.406647,-0.184691,0.392228,-0.003668,0.901129
DATA,-159.370773,-112.584335,-155.384094,-0.180338,0.377734,-0.006929,0.908156
DATA,-93.830956,-122.057838,-156.196289,-0.176697,0.358151,-0.008479,0.916752
DATA,98.393982,-134.283173,-156.643051,-0.174611,0.333797,-0.010597,0.926271
DATA,148.341965,-137.429947,-156.690384,-0.173452,0.301787,-0.012628,0.937379
DATA,158.849915,-137.811859,-156.395813,-0.173198,0.265821,-0.015770,0.948205
DATA,159.296097,-140.695297,-155.192200,-0.172550,0.226625,-0.022256,0.958318
DATA,163.752747,-141.502289,-157.841873,-0.170777,0.185593,-0.027793,0.967273
DATA,165.235077,-148.114487,-156.368835,-0.164926,0.054894,-0.037875,0.984048
DATA,164.950363,-147.455841,-156.378265,-0.166540,0.015341,-0.036008,0.985258
DATA,167.662170,-148.623184,-155.437622,-0.170668,-0.019828,-0.036213,0.984463
DATA,163.135696,-149.375961,-157.198898,-0.175321,-0.048984,-0.038429,0.982541
DATA,163.539124,-150.036652,-157.890488,-0.179148,-0.076383,-0.040280,0.980025
DATA,164.942535,-149.322723,-155.901047,-0.182610,-0.105958,-0.040154,0.976634
DATA,164.945938,-148.402145,-154.580261,-0.185748,-0.136188,-0.042141,0.972201
DATA,163.468842,-149.505310,-152.440079,-0.187588,-0.164391,-0.045297,0.967334
DATA,164.838074,-150.918076,-152.218277,-0.189778,-0.189910,-0.047487,0.962114
DATA,163.079056,-151.355988,-127.537926,-0.192856,-0.210161,-0.048426,0.957232
DATA,163.608551,-151.857193,65.001045,-0.195627,-0.226193,-0.049624,0.952945
DATA,163.856522,-151.453522,144.742569,-0.196194,-0.241619,-0.051788,0.948919
DATA,162.939529,-150.354355,150.047821,-0.195569,-0.255475,-0.053494,0.945317
DATA,163.871124,-151.706238,152.484589,-0.195803,-0.269308,-0.053470,0.941422
DATA,161.135315,-152.254700,153.628922,-0.197237,-0.284663,-0.053299,0.936602
DATA,163.119141,-149.565735,155.138580,-0.199221,-0.300257,-0.053624,0.931279
DATA,162.968079,-152.816193,154.996902,-0.200318,-0.310906,-0.054092,0.927515
DATA,161.346039,-151.568069,157.709473,-0.200254,-0.319788,-0.054754,0.924465
DATA,162.228958,-149.634903,155.361511,-0.199683,-0.326865,-0.055227,0.922083
DATA,162.664291,-151.031754,155.591873,-0.197177,-0.330542,-0.057096,0.921197
DATA,163.683258,-152.746429,156.140076,-0.193590,-0.333225,-0.058786,0.920884
DATA,164.204758,-152.346878,157.060669,-0.190690,-0.334635,-0.059740,0.920917
DATA,162.039627,-150.239517,157.067703,-0.189267,-0.335091,-0.059695,0.921048
DATA,161.362671,-153.026794,156.109497,-0.190293,-0.334978,-0.058136,0.920977
DATA,160.970825,-153.783463,156.727493,-0.192601,-0.334855,-0.057512,0.920581
DATA,161.253311,-150.984909,155.779587,-0.193779,-0.334335,-0.056852,0.920564
DATA,162.453842,-149.314270,155.820633,-0.193397,-0.331617,-0.055130,0.921731
DATA,163.384201,-152.127884,153.231918,-0.191617,-0.327589,-0.053569,0.923633
DATA,162.460815,-152.181168,156.716797,-0.188774,-0.323344,-0.052927,0.925749
DATA,163.703079,-152.588638,154.924500,-0.184203,-0.317748,-0.054739,0.928498
DATA,164.173645,-154.010178,152.085419,-0.178207,-0.308204,-0.057438,0.932713
DATA,164.241257,-154.091171,147.896606,-0.173510,-0.295387,-0.058399,0.937673
DATA,163.471207,-151.824356,144.196976,-0.170523,-0.280780,-0.058143,0.942711
DATA,163.437714,-151.386200,4.492340,-0.169268,-0.265881,-0.057852,0.947264
DATA,163.579712,-150.323532,-148.239380,-0.167015,-0.251118,-0.060902,0.951492
DATA,163.938202,-149.592575,-151.869812,-0.162445,-0.235182,-0.060962,0.956339
DATA,166.590744,-151.945862,-151.227463,-0.162427,-0.217071,-0.056418,0.960893
DATA,164.258072,-148.182816,-154.296387,-0.164376,-0.199126,-0.056686,0.964425
DATA,164.362167,-149.566315,-156.309341,-0.165587,-0.181538,-0.060367,0.967461
DATA,165.666870,-149.615082,-154.424850,-0.165246,-0.164097,-0.064585,0.970358
DATA,163.041016,-148.272141,-157.588943,-0.164444,-0.146320,-0.067319,0.973148
DATA,165.903259,-146.766510,-155.039597,-0.164056,-0.125476,-0.064314,0.976322
DATA,164.124435,-149.155930,-153.215408,-0.164093,-0.104123,-0.061825,0.978984
DATA,162.471130,-149.824402,-158.556854,-0.163131,-0.085605,-0.060753,0.981004
DATA,165.516495,-146.881729,-156.144714,-0.161032,-0.069273,-0.064457,0.982403
DATA,165.572556,-149.041534,-156.040436,-0.160837,-0.054904,-0.062737,0.983454
DATA,164.560333,-147.837708,-156.865463,-0.162294,-0.043017,-0.070838,0.983256
DATA,166.164871,-146.901276,-156.361649,-0.162237,-0.033154,-0.082873,0.982706
DATA,164.800156,-147.971359,-154.807892,-0.160177,-0.023978,-0.095730,0.982143
DATA,164.750412,-145.888428,-156.184326,-0.156389,-0.015156,-0.109217,0.981521
DATA,164.449326,-147.561417,-157.180832,-0.152229,-0.005959,-0.118951,0.981143
DATA,165.577957,-146.769119,-157.912033,-0.147830,0.003554,-0.127092,0.980806
DATA,164.240906,-142.827484,-156.173233,-0.143038,0.014628,-0.132983,0.980633
DATA,164.236069,-140.416183,-155.820160,-0.138113,0.026782,-0.146139,0.979209
DATA,164.933319,48.129543,-157.502197,-0.134240,0.037550,-0.168157,0.975855
DATA,165.722092,152.550598,-158.186371,-0.129557,0.047701,-0.193009,0.971436
DATA,165.117737,152.686859,-158.006439,-0.122404,0.059530,-0.220302,0.965888
DATA,165.489197,152.338013,-158.144424,-0.112134,0.074502,-0.245662,0.959961
DATA,164.634796,151.110825,-157.138245,-0.100757,0.088163,-0.274783,0.952139
DATA,164.788818,149.759735,-158.556763,-0.066831,0.162315,-0.388106,0.904744
DATA,164.632935,150.461487,-157.061096,-0.064576,0.174337,-0.413852,0.891158
DATA,162.833832,148.617722,-157.130661,-0.062985,0.183215,-0.440996,0.876349
DATA,163.305466,148.218552,-156.863541,-0.061660,0.188042,-0.466893,0.861887
DATA,163.133957,148.741608,-156.943085,-0.058718,0.189921,-0.490072,0.848712
DATA,163.293167,147.437119,-157.416626,-0.053760,0.186604,-0.510808,0.837475
DATA,163.565475,148.756561,-157.301071,-0.049550,0.181842,-0.528709,0.827614
DATA,161.741989,147.605576,-156.661530,-0.046034,0.178608,-0.543671,0.818781
DATA,161.124207,145.256958,-157.352051,-0.041734,0.175817,-0.557488,0.810280
DATA,161.812866,147.295197,-155.671448,-0.039113,0.173011,-0.568779,0.803136
DATA,162.875473,145.933853,-156.819550,-0.036534,0.170939,-0.577932,0.797145
DATA,162.947556,146.339493,-156.952713,-0.034196,0.169173,-0.585370,0.792183
DATA,163.199799,147.672623,-156.555664,-0.033046,0.166640,-0.597731,0.783490
DATA,163.147491,146.030350,-157.461868,-0.033047,0.165767,-0.598854,0.782817
DATA,163.061386,147.839172,-156.969513,-0.033665,0.164320,-0.598017,0.783735
DATA,164.095657,148.061310,-157.173462,-0.034530,0.162414,-0.594857,0.786495
DATA,165.677185,149.093597,-155.315460,-0.035006,0.159474,-0.589665,0.790973
DATA,162.712265,145.003006,-158.518906,-0.035149,0.155781,-0.583185,0.796487
DATA,163.138535,147.434662,-158.552536,-0.034124,0.151216,-0.575712,0.802823
DATA,164.153366,147.037170,-158.139252,-0.033087,0.146586,-0.566049,0.810559
DATA,164.756439,149.603439,-157.061707,-0.032272,0.133172,-0.520259,0.842944
DATA,164.446289,148.356644,-158.310654,-0.029808,0.129451,-0.497723,0.857103
DATA,162.539581,147.372177,-158.485550,-0.025933,0.127044,-0.470760,0.872681
DATA,164.389069,149.383041,-157.357880,-0.020823,0.128173,-0.446003,0.885561
DATA,163.888000,147.151917,-157.464996,-0.018350,0.127481,-0.423526,0.896681
DATA,163.749130,148.174377,-157.252106,-0.018882,0.125331,-0.395719,0.909583
DATA,164.228241,-141.958878,-157.345779,-0.077885,0.131835,-0.085112,0.984535
DATA,164.662430,-145.260208,-157.811356,-0.100745,0.139923,0.061757,0.983086
DATA,164.901199,-147.750824,-156.725357,-0.103048,0.139280,0.098129,0.979976
DATA,163.064270,-146.818909,-156.372437,-0.108651,0.136713,0.129066,0.976139
DATA,164.504150,-145.099106,-157.105743,-0.116052,0.133239,0.158283,0.971455
DATA,164.369781,-145.812683,-157.049454,-0.123216,0.129660,0.188877,0.965573
DATA,165.588531,-145.477325,-155.569595,-0.131175,0.125055,0.218466,0.958867
DATA,165.346634,-145.589935,-156.945267,-0.139281,0.119478,0.246780,0.951539
DATA,165.124649,-147.503998,-156.976257,-0.149324,0.111669,0.272788,0.943832
DATA,162.442337,-145.876968,-155.083130,-0.159115,0.103401,0.294876,0.936504
DATA,164.029419,-146.752533,-155.688217,-0.167084,0.094568,0.316979,0.928797
DATA,166.752472,-146.276886,-154.487427,-0.174202,0.084335,0.338843,0.920721
DATA,165.249252,-147.407639,-152.269272,-0.180403,0.072818,0.357225,0.913533
DATA,163.752960,-147.755508,-153.117004,-0.186429,0.062581,0.372366,0.907012
DATA,165.505341,-147.665375,-149.988800,-0.192820,0.053360,0.386881,0.900165
DATA,163.301498,-148.528793,-80.601219,-0.199789,0.045815,0.398708,0.893877
DATA,163.953766,-148.314819,31.408978,-0.206831,0.038541,0.407466,0.888655
DATA,164.300201,-150.020447,111.436440,-0.213439,0.030147,0.414725,0.884046
DATA,164.549042,-148.002396,137.524200,-0.220755,0.021794,0.422356,0.878867
DATA,163.321533,-149.090210,141.338669,-0.228362,0.014297,0.428134,0.874270
DATA,162.959457,-148.655045,143.219391,-0.235047,0.007310,0.430662,0.871338
DATA,164.156067,-148.199463,145.012558,-0.240359,-0.000505,0.431481,0.869512
DATA,163.666656,-150.151047,147.578857,-0.245284,-0.008355,0.431625,0.868024
DATA,162.750031,-148.482620,146.072418,-0.249596,-0.013690,0.430041,0.867513
DATA,163.330627,-149.120331,143.649673,-0.250518,-0.013702,0.427403,0.868550
DATA,163.525879,-148.234695,145.123337,-0.249175,-0.009980,0.430841,0.867288
DATA,163.304474,-146.911942,142.246246,-0.247713,-0.007268,0.433857,0.866230
DATA,163.523087,-148.384521,138.909439,-0.246106,-0.005586,0.435827,0.865711
DATA,162.310974,-148.250519,130.189667,-0.244881,-0.003573,0.435490,0.866239
DATA,162.002548,-148.443771,99.734718,-0.242916,-0.001332,0.432134,0.868476
DATA,162.509659,-147.270126,3.850891,-0.239561,0.001316,0.428506,0.871201
DATA,164.230225,-146.867416,-117.384338,-0.234854,0.002634,0.422541,0.875383
DATA,162.725128,-146.139511,-150.744461,-0.228062,0.003901,0.414658,0.880926
DATA,162.273529,-146.011826,-156.393448,-0.220628,0.007579,0.402394,0.888451
DATA,166.418961,-143.283188,-157.536758,-0.211489,0.013265,0.382110,0.899493
DATA,162.518127,-143.923447,-158.607559,-0.198058,0.020646,0.364416,0.909697
DATA,166.044235,-144.115875,-156.278809,-0.185247,0.031071,0.347284,0.918756
DATA,164.493408,-148.517242,-156.901382,-0.173665,0.041660,0.327522,0.927812
DATA,165.386429,-145.653549,-156.254761,-0.162355,0.051146,0.295113,0.940177
DATA,164.016708,-146.428116,-156.324112,-0.150156,0.060928,0.254733,0.953337
DATA,163.600296,-144.880325,-156.671997,-0.137774,0.070845,0.209867,0.965378
DATA,163.627350,-147.267502,-156.858826,-0.125736,0.080215,0.162833,0.975316
DATA,163.702011,-144.042877,-157.066345,-0.111735,0.087816,0.113220,0.983354
DATA,164.566803,-142.400772,-157.315872,-0.098583,0.095836,0.069251,0.988079
DATA,163.268326,109.980186,-160.684570,-0.032122,0.155454,-0.227170,0.960831
DATA,95.354111,151.192322,-156.324921,-0.020489,0.161234,-0.267620,0.949717
DATA,164.663345,151.151703,-158.035706,-0.009818,0.168017,-0.302396,0.938206
DATA,162.726318,150.565720,-157.549316,-0.005651,0.175091,-0.333326,0.926393
DATA,162.489349,150.791031,-157.230103,-0.003492,0.181309,-0.361028,0.914753
DATA,161.323914,148.941116,-157.264236,-0.001154,0.184235,-0.387787,0.903149
DATA,159.746201,150.143173,-156.993500,0.002445,0.183140,-0.415772,0.890835
DATA,160.538498,148.321548,-158.017456,0.007374,0.178515,-0.443975,0.878046
DATA,160.871994,148.018448,-156.936142,0.012876,0.171920,-0.469872,0.865736
DATA,161.188614,149.433685,-157.681900,0.017730,0.165728,-0.491937,0.854528
DATA,160.230362,146.347626,-156.511230,0.020990,0.160821,-0.510343,0.844539
DATA,160.838287,148.389679,-157.271866,0.022482,0.156981,-0.525156,0.836100
DATA,160.558777,147.573593,-157.251266,0.022335,0.154059,-0.535912,0.829798
DATA,161.323868,147.268097,-157.339157,0.020761,0.152113,-0.542957,0.825608
DATA,161.962601,148.547058,-156.785919,0.018268,0.151203,-0.546900,0.823228
DATA,161.599747,146.479813,-157.040909,0.015155,0.150544,-0.549296,0.821816
DATA,161.772644,148.852386,-157.218750,0.012054,0.149619,-0.550296,0.821366
DATA,162.464996,149.235687,-156.805313,0.009043,0.148284,-0.549769,0.822000
DATA,161.426224,147.651840,-157.365463,0.005992,0.146247,-0.547508,0.823900
DATA,164.081726,148.078888,-157.407501,0.003523,0.144120,-0.542474,0.827611
DATA,163.768356,148.029114,-156.399719,0.001404,0.141806,-0.534642,0.833095
DATA,164.231339,148.915634,-157.495117,-0.000169,0.140222,-0.524017,0.840085
DATA,162.760376,148.361252,-157.335724,-0.001534,0.138933,-0.509883,0.848950
DATA,163.375641,147.097275,-158.123764,-0.003949,0.138081,-0.491360,0.859932
DATA,164.417694,151.137711,-157.475052,-0.006622,0.138881,-0.468590,0.872406
DATA,162.928146,146.720078,-156.898636,-0.009087,0.140350,-0.444406,0.884716
DATA,164.583405,150.462952,-157.976929,-0.011402,0.142029,-0.417637,0.897373
DATA,162.347565,151.387970,-157.613632,-0.015617,0.142164,-0.382097,0.912988
DATA,165.136780,152.281525,-157.820282,-0.021209,0.144878,-0.347136,0.926314
DATA,165.531616,153.769379,-158.983353,-0.027263,0.144634,-0.313742,0.938032
DATA,165.950165,152.587036,-157.758453,-0.032562,0.143323,-0.272849,0.950764
DATA,164.627747,-145.477264,-99.390526,-0.088707,0.125075,-0.012328,0.988097
DATA,165.215744,-145.348083,-156.226547,-0.097529,0.123889,0.035237,0.986863
DATA,165.594238,-148.075943,-155.883469,-0.123371,0.101228,0.158569,0.974366
DATA,164.283920,-147.172699,-155.832092,-0.135024,0.091293,0.198089,0.966537
DATA,165.406540,-147.040695,-156.912308,-0.148468,0.078333,0.234989,0.957393
DATA,165.156845,-147.923019,-158.089569,-0.163548,0.063710,0.268615,0.947122
DATA,166.143570,-151.103027,-152.655304,-0.179357,0.050541,0.298221,0.936131
DATA,163.834152,-149.103180,49.242588,-0.195305,0.038916,0.324220,0.924783
DATA,163.533752,-149.251984,143.722702,-0.209208,0.029116,0.345367,0.914388
DATA,163.201462,-148.384964,150.482162,-0.221241,0.022690,0.363777,0.904546
DATA,163.374298,-150.393631,151.708435,-0.231848,0.021133,0.380685,0.894918
DATA,162.597748,-149.109344,153.787292,-0.240230,0.022651,0.396111,0.885930
DATA,163.702438,-147.215057,153.593964,-0.247196,0.023975,0.409724,0.877750
DATA,165.131485,-149.695511,156.636353,-0.255057,0.025348,0.421550,0.869827
DATA,163.804825,-148.821854,155.651917,-0.261524,0.025444,0.430186,0.863654
DATA,164.224838,-147.000473,155.145157,-0.266851,0.024409,0.437292,0.858470
DATA,161.587341,-150.563599,152.864883,-0.271712,0.025097,0.441564,0.854730
DATA,162.549088,-152.723236,153.155518,-0.274191,0.028713,0.445898,0.851569
DATA,163.031464,-148.474960,152.773621,-0.275101,0.032626,0.450485,0.848715
DATA,162.256119,-149.609894,154.447449,-0.275675,0.034865,0.453726,0.846712
DATA,161.598404,-150.258606,153.269852,-0.276246,0.035648,0.455514,0.845532
DATA,162.359970,-148.589096,152.496582,-0.275037,0.036837,0.456377,0.845410
DATA,163.102005,-150.158035,155.466171,-0.272175,0.038216,0.457472,0.845683
DATA,161.922577,-151.252487,151.261505,-0.268612,0.039377,0.457895,0.846540
DATA,163.094162,-149.569733,152.117584,-0.264909,0.040857,0.457046,0.848093
DATA,161.603821,-147.940155,147.008713,-0.261055,0.042960,0.454764,0.850408
DATA,161.678055,-149.236969,139.411880,-0.256173,0.045520,0.449829,0.854375
DATA,162.076569,-149.671860,120.780579,-0.249926,0.049546,0.442421,0.859852
DATA,161.799408,-149.507965,-16.422552,-0.241425,0.052987,0.432882,0.866902
DATA,163.090591,-145.658829,-151.936020,-0.230940,0.055906,0.418712,0.876482
DATA,163.396667,-147.081879,-154.012222,-0.217869,0.057597,0.395227,0.890512
DATA,163.377182,-146.367798,-158.744431,-0.203079,0.061920,0.370241,0.904349
DATA,165.488708,-145.958374,-156.765701,-0.190043,0.067354,0.341920,0.917844
DATA,162.994034,-147.661072,-157.439926,-0.179157,0.073174,0.310654,0.930614
DATA,164.197495,-147.214676,-156.925476,-0.169942,0.078443,0.268909,0.944804
DATA,163.526321,-146.484863,-156.872528,-0.159946,0.083598,0.228346,0.956706
DATA,163.175354,-146.959198,-156.685287,-0.151484,0.091660,0.181713,0.967280
DATA,163.205643,-146.072205,-157.508575,-0.140533,0.099538,0.132845,0.976061
DATA,165.276474,-146.808517,-156.812820,-0.127435,0.106449,0.087123,0.982262
DATA,165.044678,-144.683853,-157.115326,-0.114802,0.114589,0.043591,0.985794
DATA,164.670471,-132.168427,-156.150360,-0.102810,0.125043,0.001689,0.986809
DATA,164.686356,154.559937,-157.693039,-0.067673,0.181428,-0.137061,0.971452
DATA,164.858871,153.543991,-156.917847,-0.064501,0.196482,-0.169944,0.963511
DATA,161.696060,154.762192,-153.592453,-0.058034,0.209390,-0.206325,0.954054
DATA,163.752747,152.254883,-158.161102,-0.050116,0.216104,-0.245087,0.943779
DATA,163.766769,153.585083,-156.910172,-0.039739,0.221756,-0.285698,0.931462
DATA,161.107376,150.633881,-158.206818,-0.028636,0.226573,-0.326668,0.917133
DATA,158.042480,149.364380,-157.638687,-0.015448,0.232925,-0.364972,0.901278
DATA,151.148880,151.054840,-157.263290,-0.003563,0.241129,-0.396764,0.885676
DATA,126.916946,149.861282,-155.824890,0.003487,0.249647,-0.423141,0.870985
DATA,68.455864,149.094696,-156.578995,0.007545,0.257553,-0.445285,0.857515
DATA,6.903689,149.486160,-157.359711,0.010874,0.263603,-0.463692,0.845804
DATA,-30.135166,149.776932,-156.486862,0.013288,0.266855,-0.478468,0.836469
DATA,-37.863281,150.033554,-156.259308,0.014712,0.267271,-0.490922,0.829063
DATA,-39.658226,150.947998,-156.508179,0.015441,0.266484,-0.501191,0.823138
DATA,-39.581715,148.849350,-156.151672,0.017298,0.265052,-0.510592,0.817768
DATA,-36.987503,149.461700,-156.414032,0.020341,0.262565,-0.519438,0.812914
DATA,-30.481791,150.217056,-155.638016,0.022941,0.260004,-0.526755,0.808950
DATA,-23.941887,149.600952,-157.136047,0.024914,0.257339,-0.532176,0.806192
DATA,5.199386,151.258240,-157.485901,0.026452,0.254242,-0.536239,0.804431
DATA,40.451714,149.904800,-157.559280,0.027320,0.250434,-0.539125,0.803667
DATA,77.536598,149.026154,-156.631577,0.028007,0.245989,-0.541223,0.803606
DATA,111.462364,149.845963,-156.713013,0.028996,0.241255,-0.542341,0.804252
DATA,132.449600,151.286163,-157.127151,0.030351,0.236398,-0.542283,0.805682
DATA,143.685425,149.275360,-156.693787,0.031449,0.231645,-0.540692,0.808086
DATA,148.564194,147.898682,-157.154739,0.031668,0.227751,-0.537098,0.811574
DATA,152.041763,148.231506,-157.469513,0.030148,0.225318,-0.530645,0.816541
DATA,156.232056,150.139282,-157.644348,0.026419,0.223638,-0.520474,0.823647
DATA,156.678329,148.224472,-157.863632,0.021413,0.223040,-0.506320,0.832727
DATA,161.591217,151.808731,-156.739761,0.015194,0.221355,-0.487565,0.844424
DATA,161.758011,150.333664,-157.261993,0.008820,0.220417,-0.463880,0.857994
DATA,162.415634,150.026840,-158.182144,0.002318,0.219788,-0.437857,0.871762
DATA,161.025620,152.323730,-161.033340,-0.004449,0.218045,-0.410179,0.885545
DATA,163.272873,150.857483,-157.806732,-0.010626,0.214183,-0.374646,0.902027
DATA,166.807327,151.573318,-157.613449,-0.017447,0.212103,-0.337266,0.917039
DATA,164.004608,153.071121,-157.401642,-0.027358,0.206754,-0.299285,0.931092
DATA,164.886444,155.035004,-158.502090,-0.036941,0.201194,-0.266169,0.941971
DATA,165.080612,154.802017,-157.146545,-0.044502,0.195950,-0.235564,0.950859
DATA,163.921555,-147.591492,-93.399010,-0.063381,0.168693,-0.054625,0.982111
DATA,166.099197,-145.804337,-156.801666,-0.067098,0.164647,-0.020483,0.983854
DATA,163.432617,-146.194733,-156.888702,-0.074349,0.159953,0.015707,0.984195
DATA,163.053528,-149.380219,-156.184479,-0.083010,0.155580,0.047343,0.983190
DATA,164.340363,-145.412140,-156.683502,-0.089341,0.149975,0.080825,0.981322
DATA,164.251007,-145.451401,-157.884094,-0.096362,0.141931,0.116483,0.978265
DATA,166.649826,-145.969116,-157.878464,-0.103416,0.131254,0.152312,0.974104
DATA,163.693176,-149.373993,-156.896790,-0.110855,0.119175,0.188524,0.968487
DATA,164.158493,-151.006241,-156.029709,-0.120185,0.106441,0.221901,0.961762
DATA,164.758423,-147.756409,-155.734222,-0.129935,0.092411,0.249863,0.955063
DATA,165.928970,-147.935242,-156.413483,-0.142085,0.082864,0.279466,0.945962
DATA,160.865067,-146.344666,-154.508240,-0.155931,0.077216,0.308314,0.935236
DATA,164.362915,-146.982681,-129.561249,-0.167513,0.069906,0.330611,0.926147
DATA,164.361877,-147.519211,79.443008,-0.177443,0.060593,0.347968,0.918565
DATA,164.059662,-149.004654,138.860428,-0.187581,0.051449,0.361818,0.911731
DATA,164.377090,-147.693375,143.676315,-0.196599,0.045479,0.372416,0.905863
DATA,163.001968,-150.966858,147.268997,-0.201729,0.043319,0.381312,0.901127
DATA,163.481964,-148.895172,147.640762,-0.204341,0.044558,0.390187,0.896668
DATA,163.350708,-150.140030,148.123856,-0.205276,0.046435,0.398186,0.892834
DATA,162.485260,-148.009949,146.358246,-0.205707,0.046910,0.404817,0.889723
DATA,163.529297,-150.040482,150.099411,-0.205944,0.047063,0.410238,0.887174
DATA,164.206268,-150.413116,146.064819,-0.205945,0.047896,0.413748,0.885497
DATA,162.835709,-148.901917,146.255219,-0.206396,0.049570,0.416554,0.883983
DATA,163.407288,-147.783798,144.262115,-0.207810,0.051521,0.419443,0.882172
DATA,162.702637,-149.444717,143.862701,-0.208530,0.052656,0.420622,0.881374
DATA,164.197052,-148.634232,139.023163,-0.208271,0.054018,0.419992,0.881653
DATA,163.034348,-148.714401,121.572235,-0.206603,0.055954,0.416639,0.883513
DATA,163.840942,-149.712387,-0.906561,-0.204242,0.059284,0.408348,0.887706
DATA,163.379044,-148.874985,-145.849213,-0.198831,0.063257,0.396518,0.894001
DATA,164.426956,-146.389374,-154.398468,-0.192180,0.069762,0.381045,0.901668
DATA,164.919098,-148.421661,-155.886795,-0.186603,0.076587,0.361966,0.910107
DATA,163.696609,-148.369598,-157.344284,-0.180684,0.083164,0.338857,0.919572
DATA,165.319580,-144.915207,-157.855942,-0.173819,0.089841,0.310994,0.930053
DATA,163.568054,-146.343262,-155.236008,-0.167884,0.097653,0.277521,0.940883
DATA,163.787552,-146.876129,-156.369522,-0.160648,0.107473,0.236189,0.952290
DATA,164.508820,-144.879486,-156.924301,-0.148843,0.114874,0.192925,0.963031
DATA,164.381027,-144.936630,-156.796158,-0.134716,0.123848,0.154892,0.970835
DATA,164.502686,-145.727509,-157.608490,-0.119962,0.132069,0.118674,0.976772
DATA,164.624252,-145.347885,-157.507172,-0.105319,0.140738,0.085672,0.980694
DATA,164.647995,153.093216,-158.204102,-0.052193,0.164149,-0.153134,0.973078
DATA,93.748817,152.386444,-157.789413,-0.043400,0.168892,-0.204633,0.963181
DATA,165.147568,151.864929,-157.289551,-0.034862,0.178014,-0.241994,0.953171
DATA,165.286545,152.114487,-158.174210,-0.028572,0.188864,-0.275214,0.942216
DATA,163.223831,149.715286,-157.672913,-0.022408,0.197385,-0.303885,0.931768
DATA,163.151337,150.409821,-157.871841,-0.017340,0.205175,-0.331409,0.920744
DATA,162.733414,149.194626,-156.958679,-0.012680,0.210020,-0.357922,0.909738
DATA,164.288269,150.859207,-155.871918,-0.010542,0.211611,-0.383380,0.898960
DATA,161.484497,150.051468,-157.739563,-0.010425,0.211992,-0.407130,0.888367
DATA,163.002777,151.180145,-156.766891,-0.009754,0.212235,-0.429767,0.877588
DATA,162.447250,149.327759,-157.129089,-0.008401,0.213184,-0.450509,0.866905
DATA,161.595490,149.701355,-158.039993,-0.007719,0.215293,-0.468700,0.856685
DATA,160.836746,147.712997,-158.085678,-0.007914,0.218689,-0.484320,0.847081
DATA,161.296280,148.624924,-157.346970,-0.008903,0.222398,-0.497333,0.838523
DATA,159.728378,149.150238,-157.963318,-0.010358,0.225978,-0.507906,0.831179
DATA,159.697388,147.003342,-157.545410,-0.012204,0.229480,-0.516903,0.824622
DATA,160.200974,148.516541,-156.805054,-0.014063,0.232205,-0.524873,0.818774
DATA,160.821945,149.215561,-156.737411,-0.014539,0.234011,-0.532885,0.813057
DATA,161.785278,149.541290,-156.706070,-0.015251,0.234993,-0.541127,0.807296
DATA,160.051727,146.685379,-156.715958,-0.016177,0.236254,-0.549217,0.801426
DATA,161.756927,148.434204,-156.823364,-0.017309,0.237535,-0.557003,0.795629
DATA,160.962128,147.743240,-156.664658,-0.018747,0.238624,-0.564298,0.790111
DATA,161.272858,147.781403,-157.421982,-0.020140,0.239382,-0.571261,0.784826
DATA,161.187943,148.160172,-156.509995,-0.021183,0.239686,-0.578005,0.779752
DATA,162.240387,149.126236,-156.746567,-0.021505,0.239874,-0.585013,0.774440
DATA,162.565216,148.893997,-156.417480,-0.021088,0.239947,-0.592580,0.768655
DATA,161.687988,148.079544,-157.913864,-0.021301,0.239707,-0.600337,0.762681
DATA,162.859970,149.808929,-156.859955,-0.021970,0.239748,-0.608016,0.756541
DATA,162.379547,147.599884,-156.295792,-0.022259,0.239697,-0.616386,0.749745
DATA,161.255539,145.887863,-156.634354,-0.022490,0.239370,-0.625707,0.742083
DATA,162.503098,148.105759,-156.409515,-0.022155,0.239378,-0.635195,0.733985
DATA,162.077759,146.746841,-156.769775,-0.021798,0.238974,-0.644539,0.725938
DATA,162.085861,148.531891,-156.274002,-0.021258,0.238335,-0.653020,0.718547
DATA,161.869217,146.558426,-157.284088,-0.020761,0.237633,-0.660219,0.712187
DATA,162.624130,148.388596,-156.286194,-0.020000,0.237070,-0.666190,0.706816
DATA,161.564682,148.193832,-156.320190,-0.018982,0.236994,-0.671315,0.702004
DATA,161.541901,146.893829,-156.118195,-0.018391,0.237398,-0.675926,0.697444
DATA,162.688950,149.026108,-155.275101,-0.018201,0.237891,-0.680402,0.692914
DATA,161.756241,147.309036,-156.956284,-0.018149,0.238210,-0.684942,0.688317
DATA,162.495331,148.009048,-156.631607,-0.017890,0.238020,-0.689715,0.683608
DATA,162.171112,147.937576,-155.414322,-0.017111,0.237828,-0.694353,0.678984
DATA,162.787201,148.096054,-155.890060,-0.016021,0.237646,-0.699113,0.674173
DATA,161.641693,147.861343,-155.320236,-0.014353,0.237670,-0.704073,0.669021
DATA,161.685822,148.909302,-155.054398,-0.012646,0.237894,-0.708851,0.663911
DATA,161.798050,147.000336,-155.866730,-0.011626,0.237816,-0.713407,0.659059
DATA,161.297974,146.944611,-155.142151,-0.010592,0.237936,-0.717840,0.654202
DATA,161.855316,148.531082,-154.755142,-0.009925,0.238360,-0.721852,0.649627
DATA,161.675598,148.249344,-155.673325,-0.009190,0.238859,-0.725719,0.645131
DATA,161.402969,147.500015,-156.054855,-0.008045,0.238719,-0.730940,0.639277
DATA,160.665649,146.297394,-154.976944,-0.006386,0.238658,-0.736688,0.632686
DATA,161.909164,148.761246,-154.287567,-0.004697,0.239003,-0.742521,0.625714
DATA,161.605347,148.151947,-153.759628,-0.002811,0.239528,-0.748537,0.618313
DATA,160.700455,146.383270,-153.581772,-0.001977,0.240337,-0.754285,0.610974
DATA,160.124573,146.232407,-153.859314,-0.001865,0.241117,-0.759213,0.604529
DATA,161.075424,147.919601,-152.728333,-0.001576,0.241807,-0.763175,0.599242
DATA,161.829346,147.658325,-153.862030,-0.001123,0.242580,-0.766315,0.594908
DATA,159.317871,146.872589,-153.771957,-0.000908,0.243401,-0.768850,0.591291
DATA,160.446716,147.716904,-153.498337,-0.001062,0.243462,-0.771320,0.588040
DATA,159.652481,146.943771,-153.292694,-0.001886,0.243122,-0.773577,0.585206
DATA,160.833420,148.602875,-153.051727,-0.002735,0.242866,-0.775774,0.582394
DATA,160.607269,149.581909,-152.528351,-0.002922,0.242829,-0.778189,0.579179
DATA,159.840668,145.785812,-153.831238,-0.002610,0.242882,-0.780824,0.575600
DATA,160.399658,149.005508,-152.884033,-0.002209,0.242995,-0.782960,0.572644
DATA,161.428879,148.438766,-153.182602,-0.001696,0.243255,-0.784471,0.570465
DATA,159.969482,146.365570,-153.108276,-0.001297,0.243552,-0.785231,0.569291
DATA,161.009369,148.592560,-153.171799,-0.001005,0.243614,-0.785376,0.569065
DATA,160.599319,149.446228,-152.685913,-0.000940,0.243454,-0.784955,0.569714
DATA,160.363602,148.112305,-153.548111,-0.001312,0.242866,-0.784068,0.571185
DATA,160.340271,148.690414,-153.746185,-0.001872,0.241721,-0.782743,0.573481
DATA,158.627670,146.520126,-155.306213,-0.002553,0.239782,-0.780849,0.576865
DATA,161.097916,149.215179,-154.345001,-0.003399,0.237486,-0.778124,0.581473
DATA,160.774246,148.028107,-154.674622,-0.004513,0.235312,-0.774070,0.587728
DATA,161.302597,148.117569,-154.968216,-0.006261,0.233058,-0.767754,0.596823
DATA,160.961578,146.263397,-156.015137,-0.007696,0.231197,-0.759523,0.607958
DATA,161.611832,149.402405,-156.151382,-0.007641,0.228833,-0.749296,0.621395
DATA,161.219635,148.089798,-156.956848,-0.005843,0.224799,-0.737203,0.637152
DATA,162.288788,149.214523,-156.933258,-0.002476,0.219060,-0.721355,0.657004
DATA,161.966095,147.076340,-157.354721,0.003261,0.213161,-0.700888,0.680667
DATA,162.116043,149.077667,-157.256668,0.012424,0.209163,-0.677674,0.704879
DATA,163.293869,150.086014,-157.580048,0.024216,0.207288,-0.654908,0.726320
DATA,163.058975,147.989166,-157.362732,0.036144,0.206742,-0.631270,0.746626
DATA,163.268600,148.989075,-157.042389,0.041753,0.205325,-0.601534,0.770879
DATA,163.099045,149.409210,-158.479782,0.042399,0.204900,-0.570921,0.793894
DATA,162.917709,150.074692,-157.737442,0.039164,0.205408,-0.544036,0.812587
DATA,164.123810,149.031845,-157.723679,0.035227,0.203244,-0.517232,0.830616
DATA,163.924866,150.414474,-157.792191,0.033804,0.202028,-0.491425,0.846489
DATA,165.859116,156.066818,-158.374008,0.034680,0.200170,-0.460106,0.864310
DATA,164.120132,152.203827,-158.499542,0.034316,0.198581,-0.426790,0.881611
DATA,165.051193,155.232742,-159.253372,0.032715,0.198946,-0.391009,0.898032
DATA,164.695770,152.718521,-157.957596,0.027408,0.200612,-0.353268,0.913349
DATA,164.969452,152.797058,-157.354752,0.018969,0.201656,-0.315667,0.927000
DATA,164.396698,155.378433,-157.744751,0.011562,0.202000,-0.277661,0.939131
DATA,165.143784,153.426208,-158.119827,0.006069,0.201736,-0.240379,0.949465
DATA,163.632141,-143.200500,-96.239677,-0.012948,0.209553,-0.019387,0.977519
DATA,165.424118,-144.511307,-156.031265,-0.017717,0.206572,0.016497,0.978132
DATA,164.240646,-146.432236,-156.752563,-0.023511,0.199518,0.048697,0.978401
DATA,164.680328,-147.230927,-157.227295,-0.029848,0.191373,0.080080,0.977790
DATA,165.082840,-147.041443,-158.139175,-0.038081,0.180371,0.110016,0.976685
DATA,165.185226,-146.813873,-156.740784,-0.045693,0.168982,0.135811,0.975147
DATA,167.030823,-147.230377,-159.373840,-0.065046,0.148054,0.201751,0.965995
DATA,164.751740,-150.477921,-156.388229,-0.072913,0.142020,0.223622,0.961513
DATA,165.148590,-149.810974,-154.580505,-0.096362,0.112852,0.277463,0.949207
DATA,165.397720,-147.172180,-154.807312,-0.108098,0.100761,0.296991,0.943376
DATA,164.055893,-147.652054,-155.920822,-0.120934,0.087655,0.314748,0.937350
DATA,165.788589,-147.255890,-153.101898,-0.132728,0.074904,0.328165,0.932245
DATA,164.550964,-147.588791,-149.883667,-0.141729,0.064519,0.338407,0.928025
DATA,164.134949,-149.185471,-145.627441,-0.146884,0.058150,0.346281,0.924734
DATA,163.818878,-148.369598,-128.698929,-0.148583,0.056486,0.354214,0.921556
DATA,164.406418,-150.061508,-108.437050,-0.149448,0.057037,0.363224,0.917867
DATA,164.612244,-148.508591,-78.534966,-0.149916,0.057254,0.371554,0.914437
DATA,164.173691,-148.628342,-58.233814,-0.149799,0.057549,0.379141,0.911318
DATA,164.433456,-149.368561,-47.662048,-0.150476,0.059165,0.387324,0.907654
DATA,164.416946,-149.256149,-31.793139,-0.152196,0.059363,0.395289,0.903913
DATA,163.954239,-149.715637,-5.778832,-0.154087,0.058259,0.402199,0.900610
DATA,164.702591,-149.801926,23.134554,-0.156641,0.056510,0.409045,0.897192
DATA,165.030060,-148.758255,71.873848,-0.159997,0.054701,0.416817,0.893125
DATA,165.207550,-148.617142,118.465050,-0.164509,0.052801,0.424076,0.888993
DATA,164.187988,-149.193954,130.422287,-0.167760,0.050794,0.430527,0.885394
DATA,164.162201,-149.320892,137.698898,-0.169782,0.049402,0.437239,0.881791
DATA,164.007996,-148.632233,141.120972,-0.172755,0.048057,0.444761,0.877516
DATA,164.134033,-150.666565,143.139893,-0.175364,0.045768,0.452181,0.873318
DATA,164.374573,-149.383331,145.915070,-0.178459,0.043994,0.459193,0.869114
DATA,164.326111,-149.938644,146.907455,-0.181071,0.042223,0.465772,0.865151
DATA,163.585281,-150.130585,145.147095,-0.182081,0.041640,0.471119,0.862067
DATA,164.633972,-148.241348,149.247025,-0.183060,0.041482,0.476677,0.858806
DATA,164.184601,-150.518738,147.044800,-0.184573,0.040241,0.481282,0.855968
DATA,163.918030,-148.423859,147.748062,-0.184872,0.038960,0.485355,0.853660
DATA,165.584152,-150.880081,147.287689,-0.185279,0.038167,0.489508,0.851232
DATA,164.404297,-150.001129,145.892319,-0.185357,0.036983,0.493356,0.849043
DATA,164.712601,-149.507370,145.339020,-0.185115,0.036715,0.497079,0.846934
DATA,165.020813,-148.821365,145.955566,-0.185174,0.036912,0.501308,0.844416
DATA,165.233414,-151.149368,145.553680,-0.185951,0.036209,0.505317,0.841883
DATA,163.583923,-150.104904,147.659622,-0.187036,0.034610,0.508984,0.839497
DATA,163.067230,-150.165634,145.362381,-0.187209,0.034175,0.512600,0.837273
DATA,162.557648,-151.916382,144.418274,-0.186940,0.035496,0.516291,0.835007
DATA,165.658447,-150.518356,144.612488,-0.186038,0.036738,0.519915,0.832904
DATA,164.751816,-149.072861,148.116852,-0.185747,0.036798,0.523404,0.830778
DATA,165.295578,-149.458954,149.110931,-0.185955,0.036042,0.526189,0.829004
DATA,162.996414,-149.978821,143.763214,-0.186793,0.035203,0.528608,0.827311
DATA,163.305374,-149.952545,147.258286,-0.187566,0.034519,0.531079,0.825580
DATA,164.175171,-149.144180,147.018188,-0.188078,0.034365,0.532949,0.824264
DATA,164.312897,-151.148697,146.518250,-0.188047,0.034506,0.533770,0.823734
DATA,164.292145,-150.446854,141.806854,-0.187938,0.035307,0.534870,0.823011
DATA,162.976151,-148.931702,143.140930,-0.188002,0.036261,0.535163,0.822764
DATA,164.123367,-150.159500,134.813660,-0.188094,0.037628,0.533098,0.824021
DATA,163.883926,-148.851974,117.458862,-0.186614,0.039485,0.528432,0.827270
DATA,163.859131,-148.206833,1.014565,-0.184508,0.043785,0.520629,0.832457
DATA,164.660751,-148.221268,-147.750244,-0.180967,0.048178,0.508663,0.840352
DATA,162.285080,-147.260971,-153.747742,-0.176829,0.052485,0.491540,0.851097
DATA,164.114746,-149.146179,-154.043259,-0.171118,0.054399,0.467492,0.865570
DATA,167.281540,-149.491165,-155.372665,-0.149230,0.067237,0.369316,0.914776
DATA,164.884552,-146.814362,-156.562546,-0.142301,0.074856,0.333628,0.928892
DATA,165.234360,-147.645386,-157.046738,-0.135840,0.085630,0.288801,0.943827
DATA,164.616943,-144.830185,-157.657562,-0.127452,0.094193,0.239429,0.957892
DATA,164.750061,-145.110687,-158.078888,-0.118470,0.104599,0.188204,0.969331
DATA,164.050110,-144.137024,-158.082626,-0.109878,0.112765,0.137570,0.977898
DATA,165.737473,-141.788803,-157.469864,-0.101862,0.118202,0.094740,0.983197
DATA,165.239655,-131.854568,-157.946671,-0.095453,0.124115,0.056407,0.986054
DATA,164.912582,90.830894,-158.524521,-0.086001,0.129774,0.016867,0.987663
DATA,165.333511,154.439178,-157.943680,-0.075108,0.138374,-0.018630,0.987352
DATA,164.692612,154.167191,-157.617615,-0.064491,0.148764,-0.064142,0.984681
DATA,164.134369,154.017685,-158.249222,-0.053960,0.161696,-0.112146,0.978962
DATA,164.219818,153.223755,-158.099030,-0.045312,0.178282,-0.159213,0.969955
DATA,166.050110,152.058853,-158.815781,-0.039506,0.188963,-0.205112,0.959511
DATA,163.729752,150.920197,-157.735489,-0.037013,0.197464,-0.245758,0.948283
DATA,163.133484,150.700668,-157.854187,-0.033106,0.205770,-0.281604,0.936622
DATA,163.525726,150.893372,-158.594437,-0.027861,0.215000,-0.314316,0.924232
DATA,164.789444,150.486954,-156.136429,-0.023551,0.222458,-0.347847,0.910473
DATA,161.079437,150.901764,-157.495941,-0.019720,0.229161,-0.382740,0.894766
DATA,158.719925,149.936478,-156.587875,-0.016458,0.234967,-0.418253,0.877260
DATA,158.078583,148.749924,-157.039078,-0.013486,0.239040,-0.454105,0.858176
DATA,158.896912,149.132355,-155.929092,-0.010304,0.239020,-0.487968,0.839435
DATA,156.492554,146.600464,-156.069077,-0.004983,0.234976,-0.519042,0.821801
DATA,155.918701,148.395767,-155.560440,0.000473,0.234357,-0.546964,0.803683
DATA,154.216385,147.716232,-154.558273,0.003190,0.237468,-0.570796,0.785997
DATA,153.441467,147.997498,-153.263779,0.005852,0.243200,-0.589830,0.770013
DATA,148.859772,147.588547,-151.546341,0.005650,0.250914,-0.604317,0.756182
DATA,146.731171,148.987503,-149.173340,0.004125,0.259047,-0.616036,0.743893
DATA,142.096039,148.810242,-150.630524,0.001689,0.265940,-0.626000,0.733073
DATA,142.012527,148.443634,-150.821930,-0.003638,0.271511,-0.633453,0.724573
DATA,144.654968,149.450851,-150.021500,-0.008465,0.275572,-0.639914,0.717285
DATA,145.140625,148.237198,-149.273758,-0.011141,0.276795,-0.648032,0.709447
DATA,146.474640,148.554474,-148.889359,-0.010572,0.275746,-0.658299,0.700354
DATA,148.300995,150.520020,-144.817245,-0.008180,0.273915,-0.668388,0.691492
DATA,146.338501,149.741837,-143.891098,-0.005132,0.272891,-0.677047,0.683455
DATA,144.338043,148.605621,-140.494781,-0.002266,0.272898,-0.684034,0.676476
DATA,130.046982,148.339874,-136.782837,0.005578,0.275589,-0.703190,0.655395
DATA,142.956207,147.859024,-137.106369,0.012591,0.273383,-0.730421,0.625771
DATA,126.537125,148.362671,-137.905151,0.013688,0.272015,-0.732912,0.623427
DATA,126.714920,147.367371,-138.520065,0.015518,0.270539,-0.735341,0.621162
DATA,126.122231,148.419495,-138.219925,0.017266,0.269403,-0.737776,0.618717
DATA,123.558884,147.588165,-140.377258,0.018085,0.268477,-0.739717,0.616775
DATA,129.654968,149.729614,-140.147644,0.018108,0.267528,-0.741056,0.615578
DATA,127.075432,147.663773,-142.895874,0.018009,0.266339,-0.742359,0.614526
DATA,131.650543,150.013733,-143.735016,0.018075,0.265122,-0.743870,0.613222
DATA,132.478378,148.917969,-145.182556,0.018339,0.263823,-0.745372,0.611948
DATA,134.202133,148.960449,-147.631058,0.018308,0.262590,-0.745661,0.612129
DATA,137.343445,149.479294,-147.685791,0.017994,0.261339,-0.744290,0.614338
DATA,134.091309,147.101227,-151.106857,0.017239,0.259743,-0.741275,0.618666
DATA,141.100845,148.446579,-152.381851,0.015434,0.257232,-0.736566,0.625351
DATA,144.547424,147.404175,-153.821533,0.013271,0.253710,-0.730287,0.634142
DATA,150.868744,147.519257,-154.586349,0.010737,0.249638,-0.722449,0.644696
DATA,153.385025,149.171921,-154.966873,0.008777,0.245049,-0.713270,0.656597
DATA,155.325119,148.596191,-155.535553,0.007928,0.239542,-0.702544,0.670067
DATA,156.848160,148.102509,-155.704803,0.009148,0.234924,-0.689193,0.685376
DATA,157.893478,148.061066,-156.592789,0.012902,0.232367,-0.673257,0.701829
DATA,158.658051,149.703384,-156.654114,0.017808,0.230804,-0.654292,0.719941
DATA,159.544724,150.043518,-157.301865,0.021399,0.229825,-0.634587,0.737578
DATA,160.858093,149.200119,-157.295059,0.022933,0.228647,-0.614788,0.754473
DATA,161.733383,149.914337,-158.068710,0.021588,0.226834,-0.590938,0.773868
DATA,160.007553,149.508362,-159.685501,0.018349,0.225886,-0.568246,0.791034
DATA,162.593262,148.705292,-157.494995,0.015452,0.223352,-0.545934,0.807361
DATA,163.955811,152.169128,-157.166214,0.013724,0.218147,-0.521651,0.824684
DATA,163.531082,151.164337,-157.016907,0.013864,0.210759,-0.493233,0.843866
DATA,162.258926,148.016724,-159.068558,0.015391,0.203272,-0.461320,0.863497
DATA,164.183258,152.103149,-156.454453,0.017607,0.197316,-0.430970,0.880353
DATA,164.601501,152.978363,-158.591476,0.017903,0.192546,-0.402181,0.894906
DATA,164.943634,150.934067,-157.382523,0.014512,0.187615,-0.376021,0.907303
DATA,164.864822,155.310623,-158.421753,0.011398,0.181534,-0.351188,0.918467
DATA,165.197754,151.699524,-158.344574,0.010014,0.173735,-0.329701,0.927908
DATA,166.206039,152.798889,-157.683456,0.009654,0.162961,-0.307170,0.937548
DATA,165.579407,151.136749,-157.486252,0.008074,0.154008,-0.282922,0.946663
DATA,164.498993,151.426559,-156.677444,0.005510,0.147812,-0.264520,0.952969
DATA,165.078247,151.091141,-158.213943,0.002073,0.143413,-0.245488,0.958730
DATA,165.371902,151.497894,-157.386551,-0.002159,0.141077,-0.224370,0.964236
DATA,165.062897,145.526596,-157.669022,-0.006679,0.139233,-0.206481,0.968470
DATA,165.138077,73.734528,-156.394501,-0.010535,0.136538,-0.190972,0.971996
DATA,165.260895,-70.490822,-156.488998,-0.015146,0.135337,-0.174160,0.975255
DATA,163.858475,-145.908234,-155.767975,-0.022382,0.137236,-0.153347,0.978340
DATA,163.796188,-145.630829,-157.448624,-0.030832,0.145757,-0.130247,0.980224
DATA,165.185257,-146.421646,-157.938385,-0.038940,0.158823,-0.109303,0.980465
DATA,166.092407,-145.923737,-157.666534,-0.048681,0.174621,-0.088170,0.979471
DATA,165.158783,-144.135696,-157.970154,-0.061860,0.193555,-0.067814,0.976786
DATA,162.859055,-142.106094,-157.465607,-0.075957,0.217764,-0.048953,0.971809
DATA,163.673874,-144.654205,-157.366669,-0.091362,0.243394,-0.035228,0.964972
DATA,11.709399,-144.152771,-157.280258,-0.136666,0.360252,-0.020489,0.922562
DATA,-160.664093,-140.124969,-156.707169,-0.146240,0.390709,-0.015708,0.908688
DATA,-162.450500,-136.657745,-153.891891,-0.156088,0.419632,-0.007937,0.894138
DATA,-164.551544,-132.467728,-155.501587,-0.164086,0.445081,-0.004760,0.880316
DATA,-165.029327,-124.066231,-155.428253,-0.169955,0.469183,-0.005401,0.866576
DATA,-164.169418,-109.596153,-154.447052,-0.174499,0.492933,-0.004269,0.852378
DATA,-165.079407,-84.341400,-153.448395,-0.179975,0.516790,-0.001493,0.836979
DATA,-165.550613,-31.885185,-151.189651,-0.185726,0.539892,0.002362,0.820985
DATA,-163.758499,30.314693,-150.058807,-0.194234,0.560534,0.004125,0.805020
DATA,-164.604813,68.642937,-145.869583,-0.199770,0.576426,0.013156,0.792245
DATA,-164.639908,93.531044,-143.844894,-0.203597,0.591723,0.020739,0.779732
DATA,-163.651993,114.017906,-143.822021,-0.206333,0.600441,0.027951,0.772086
DATA,-163.676254,128.625351,-143.294937,-0.212038,0.610671,0.027620,0.762468
DATA,-164.511826,137.856750,-144.661179,-0.220197,0.617366,0.026178,0.754776
DATA,-163.907547,142.670883,-143.753830,-0.221167,0.618636,0.030051,0.753307
DATA,-163.991806,145.350006,-143.425171,-0.220408,0.625679,0.029639,0.747708
DATA,-163.500595,146.863022,-142.196548,-0.220380,0.632171,0.025851,0.742377
DATA,-163.520920,146.205902,-142.989227,-0.219824,0.638062,0.021556,0.737624
DATA,-164.047699,148.565598,-141.032928,-0.219570,0.643144,0.016914,0.733396
DATA,-163.758377,149.222153,-141.997574,-0.220075,0.647542,0.012820,0.729447
DATA,-164.458023,149.452316,-143.677704,-0.219643,0.650990,0.009633,0.726550
DATA,-163.835159,150.925400,-146.718201,-0.218241,0.653616,0.007040,0.724643
DATA,-162.945938,151.622833,-146.275635,-0.216377,0.655511,0.004732,0.723509
DATA,-164.150482,152.143616,-145.631958,-0.216661,0.655138,-0.000515,0.723776
DATA,-163.722702,149.601028,-144.688156,-0.216527,0.654007,-0.004676,0.724823
DATA,-163.939789,151.056549,-146.705933,-0.212842,0.652101,-0.005942,0.727617
DATA,-164.232712,150.524582,-150.868759,-0.213910,0.644025,-0.016191,0.734310
DATA,-163.650955,151.925171,-149.404877,-0.207030,0.639951,-0.020849,0.739707
DATA,-163.980057,149.334976,-147.705856,-0.198901,0.635493,-0.022701,0.745702
DATA,-163.451126,152.304367,-150.148056,-0.198835,0.627562,-0.034051,0.751978
DATA,-163.833481,151.110077,-152.085480,-0.196580,0.614824,-0.038683,0.762792
DATA,-163.701614,150.782440,-151.943222,-0.192652,0.600788,-0.039401,0.774846
DATA,-163.512924,150.314255,-152.263565,-0.187467,0.584628,-0.039759,0.788343
DATA,-162.700211,149.422211,-155.818756,-0.181818,0.564892,-0.046164,0.803559
DATA,-163.103607,148.739227,-153.840820,-0.175298,0.542659,-0.048537,0.820022
DATA,-162.580048,147.560318,-155.791122,-0.171379,0.516724,-0.052398,0.837186
DATA,-162.424347,148.111084,-156.455231,-0.166501,0.492938,-0.051757,0.852415
DATA,-163.084030,144.684219,-157.623886,-0.163201,0.467442,-0.049755,0.867403
DATA,-159.698410,134.474289,-157.216904,-0.162929,0.440324,-0.049781,0.881528
DATA,-156.229446,92.955490,-157.366302,-0.166348,0.410044,-0.053970,0.895142
DATA,45.771732,-113.144875,-157.440033,-0.168474,0.377458,-0.058494,0.908692
DATA,154.207565,-130.801300,-157.997314,-0.167122,0.348784,-0.063521,0.919992
DATA,159.205963,-136.122482,-157.138870,-0.162319,0.320418,-0.067697,0.930807
DATA,165.040085,-143.990189,-157.591431,-0.138463,0.259262,-0.069515,0.953299
DATA,165.057068,-145.890259,-157.340469,-0.133954,0.243686,-0.068797,0.958092
DATA,164.141907,-146.791229,-157.374527,-0.131989,0.226380,-0.070360,0.962487
DATA,164.230850,-146.314728,-156.382919,-0.129705,0.204969,-0.075154,0.967221
DATA,164.385437,-148.086792,-156.499451,-0.126092,0.179205,-0.079647,0.972442
DATA,166.316391,-151.222015,-156.428940,-0.121709,0.154277,-0.083434,0.976946
DATA,163.185211,-147.997803,-157.311905,-0.116558,0.134209,-0.087580,0.980169
DATA,164.005554,-151.020309,-158.416565,-0.111196,0.119179,-0.091754,0.982351
DATA,165.498123,-151.767212,-157.095016,-0.106152,0.109890,-0.098360,0.983352
DATA,168.820297,-153.514526,-155.324142,-0.101827,0.102003,-0.104492,0.984027
DATA,164.753708,-153.191101,-159.855652,-0.098017,0.093978,-0.109506,0.984667
DATA,164.861969,-149.686462,-156.633530,-0.094234,0.084905,-0.112837,0.985484
DATA,165.415710,-151.577087,-157.566650,-0.090021,0.072918,-0.117606,0.986280
DATA,161.784714,-151.046127,-155.806290,-0.086407,0.064541,-0.121259,0.986744
DATA,165.277527,-151.504227,-156.340195,-0.082504,0.063885,-0.129834,0.986030
DATA,164.339569,-153.196487,-157.799026,-0.078739,0.073447,-0.134443,0.985054
DATA,165.242096,-151.346069,-156.866608,-0.078214,0.078402,-0.144832,0.983239
DATA,165.811752,-149.962677,-155.683044,-0.075226,0.074508,-0.157042,0.981900
DATA,165.460632,-157.285782,-154.367004,-0.072854,0.064809,-0.166372,0.981230
DATA,163.334915,-152.330368,-155.261642,-0.069053,0.055767,-0.173174,0.980884
DATA,166.157135,-153.618591,-154.587448,-0.063577,0.044316,-0.179307,0.980736
DATA,163.377640,-153.691864,-154.966232,-0.057195,0.032692,-0.181659,0.981152
DATA,165.062210,-153.040451,-156.864563,-0.052632,0.024977,-0.183544,0.981284
DATA,163.628433,-153.111938,-156.154572,-0.051011,0.020830,-0.184974,0.981198
DATA,163.365097,-151.010254,-156.407089,-0.050731,0.019179,-0.188170,0.980638
DATA,163.652267,-151.734863,-155.965225,-0.052059,0.018226,-0.192484,0.979749
DATA,162.919739,-150.949631,-156.149994,-0.053461,0.015957,-0.196159,0.978984
DATA,164.288528,-151.198166,-155.584885,-0.054824,0.014640,-0.196016,0.978958
DATA,164.312790,-151.942749,-156.084091,-0.056200,0.014057,-0.194528,0.979185
DATA,163.228577,-152.505692,-154.879379,-0.056979,0.013465,-0.195102,0.979034
DATA,164.798904,-150.861954,-154.877716,-0.056955,0.014480,-0.194034,0.979233
DATA,163.901260,-150.539520,-155.234177,-0.057508,0.013977,-0.193242,0.979365
DATA,163.810425,-151.101868,-155.576782,-0.058822,0.013961,-0.192039,0.979523
DATA,163.623993,-151.016312,-154.841187,-0.060685,0.014918,-0.187780,0.980221
DATA,163.718979,-151.768280,-155.522476,-0.063230,0.016763,-0.182758,0.980979
DATA,163.020798,-151.285248,-155.748505,-0.065186,0.017669,-0.179184,0.981495
DATA,164.005981,-151.851364,-155.821472,-0.066459,0.017838,-0.176265,0.981935
DATA,163.274353,-150.262146,-156.276993,-0.067197,0.016718,-0.172736,0.982531
DATA,162.726868,-149.809265,-154.404434,-0.068066,0.014740,-0.169520,0.983063
DATA,163.925476,-151.104309,-157.142700,-0.069054,0.012655,-0.166587,0.983524
DATA,163.557114,-150.606461,-156.869675,-0.069660,0.012115,-0.164056,0.983914
DATA,165.933197,-152.664917,-156.037048,-0.070448,0.011543,-0.160246,0.984492
DATA,165.313400,-150.665512,-157.840759,-0.071305,0.012651,-0.153364,0.985513
DATA,162.558609,-150.873077,-153.403809,-0.072067,0.016428,-0.144238,0.986778
DATA,165.088593,-149.238098,-156.475571,-0.073243,0.020458,-0.134828,0.987947
DATA,167.609360,-153.013702,-154.581116,-0.074353,0.024569,-0.129020,0.988545
DATA,166.788147,-149.430496,-154.281616,-0.075786,0.028751,-0.122079,0.989205
DATA,163.835388,-151.146896,-156.641968,-0.078036,0.032317,-0.114701,0.989803
DATA,164.896835,-151.893814,-159.934067,-0.081084,0.035661,-0.107001,0.990305
DATA,166.628616,-150.367584,-156.092987,-0.084552,0.040037,-0.099414,0.990639
DATA,164.599594,-149.684418,-155.730865,-0.087376,0.044727,-0.093257,0.990792
DATA,164.427017,-147.921509,-158.379013,-0.088600,0.050660,-0.086707,0.990992
DATA,164.815445,-148.805817,-156.582001,-0.089320,0.056058,-0.079400,0.991249
DATA,165.190750,-148.869141,-157.082825,-0.089852,0.062734,-0.073166,0.991281
DATA,164.750946,-148.708542,-157.004288,-0.090472,0.067782,-0.075205,0.990739
DATA,164.402222,-146.038452,-157.143936,-0.108992,0.101652,-0.071538,0.986240
DATA,165.716156,-145.192001,-156.029099,-0.112685,0.106895,-0.069569,0.985411
DATA,163.568146,-144.722595,-156.597733,-0.115305,0.107172,-0.065331,0.985368
DATA,163.662643,-145.873138,-156.826370,-0.116841,0.105658,-0.060848,0.985638
DATA,164.479080,-147.485458,-157.176804,-0.117634,0.101299,-0.056176,0.986278
DATA,164.162323,-148.208862,-156.883316,-0.118019,0.093255,-0.053572,0.987170
DATA,164.014206,-147.028946,-157.043304,-0.113323,0.083471,-0.048832,0.988841
DATA,165.229858,-149.579987,-157.504288,-0.111859,0.065638,-0.040324,0.990734
DATA,164.940887,-147.359283,-157.105209,-0.112044,0.045975,-0.037157,0.991943
DATA,165.996231,-150.047394,-157.111511,-0.110466,0.022908,-0.036145,0.992958
DATA,164.946442,-149.892303,-156.671204,-0.107418,-0.000564,-0.037005,0.993525
DATA,165.257553,-150.175140,-156.278625,-0.104553,-0.027402,-0.034736,0.993535
DATA,165.556503,-149.330917,-157.792572,-0.102423,-0.056126,-0.030260,0.992695
DATA,165.250061,-151.883926,-155.594681,-0.100542,-0.087768,-0.026763,0.990693
DATA,166.360794,-153.023743,-155.673737,-0.098985,-0.120258,-0.023926,0.987506
DATA,164.853714,-150.212936,-154.619904,-0.097500,-0.149142,-0.021370,0.983765
DATA,164.558640,-151.074905,-153.671249,-0.095517,-0.172510,-0.022148,0.980115
DATA,164.193497,-153.138046,-136.539017,-0.091382,-0.191309,-0.028549,0.976850
DATA,163.121124,-151.590118,54.824146,-0.087459,-0.210964,-0.033526,0.972996
DATA,163.640610,-153.393005,145.426285,-0.083868,-0.230829,-0.036034,0.968703
DATA,163.804230,-155.574005,150.426193,-0.082868,-0.251243,-0.034139,0.963766
DATA,163.778885,-154.742004,152.043884,-0.082149,-0.274244,-0.033664,0.957553
DATA,163.569046,-152.504715,154.032776,-0.080777,-0.296871,-0.032407,0.950943
DATA,162.339340,-155.727661,155.734177,-0.079182,-0.315396,-0.032715,0.945085
DATA,166.702789,-152.449188,158.616058,-0.075625,-0.330669,-0.035192,0.940053
DATA,166.574158,-152.329163,152.896423,-0.071676,-0.343701,-0.037786,0.935577
DATA,162.499969,-154.573257,155.436356,-0.068885,-0.355007,-0.038501,0.931527
DATA,162.744492,-154.542313,155.571396,-0.067405,-0.365861,-0.037675,0.927460
DATA,163.524338,-153.464661,156.761383,-0.067335,-0.376328,-0.035221,0.923365
DATA,163.216980,-155.564438,154.675583,-0.068098,-0.384400,-0.033238,0.920051
DATA,162.286545,-154.773880,155.159149,-0.069185,-0.390417,-0.031404,0.917497
DATA,163.274017,-154.804382,158.866318,-0.068505,-0.395646,-0.032228,0.915277
DATA,162.999420,-154.864639,158.099411,-0.066039,-0.400217,-0.034687,0.913379
DATA,163.932816,-154.694519,157.105667,-0.061688,-0.403444,-0.039056,0.912087
DATA,164.540680,-157.023804,156.391769,-0.058017,-0.403005,-0.042457,0.912370
DATA,164.490936,-153.802673,155.828369,-0.057632,-0.400827,-0.042225,0.913364
DATA,162.298462,-154.982254,156.993973,-0.058904,-0.398637,-0.039640,0.914356
DATA,162.990372,-155.163437,155.319870,-0.062263,-0.393217,-0.034335,0.916693
DATA,161.419724,-153.226440,156.086121,-0.067187,-0.383609,-0.028674,0.920602
DATA,163.171738,-154.365829,154.269577,-0.071772,-0.367765,-0.025571,0.926792
DATA,162.545792,-154.519257,155.092407,-0.075364,-0.348422,-0.026516,0.933927
DATA,164.513794,-153.591660,150.599380,-0.077151,-0.328260,-0.031183,0.940915
DATA,163.445908,-153.675018,147.828476,-0.080563,-0.306130,-0.034232,0.947957
DATA,164.186340,-153.924896,-11.482206,-0.088106,-0.280240,-0.033064,0.955306
DATA,163.001846,-152.166901,-151.844131,-0.096861,-0.251083,-0.030497,0.962624
DATA,164.914902,-151.328171,-152.485840,-0.106653,-0.220811,-0.024260,0.969164
DATA,165.059784,-151.342560,-155.335327,-0.115776,-0.189111,-0.018978,0.974922
DATA,166.084549,-150.388016,-158.229477,-0.126039,-0.154255,-0.010858,0.979899
DATA,166.495056,-146.286026,-157.734924,-0.135877,-0.117854,-0.005199,0.983677
DATA,165.486618,-147.661453,-159.663254,-0.143656,-0.079564,-0.006878,0.986400
DATA,164.695847,-149.245819,-156.163116,-0.148616,-0.040162,-0.011004,0.988018
DATA,163.821243,-144.658539,-156.589966,-0.153538,-0.002001,-0.007828,0.988110
DATA,164.415665,-144.039963,-157.961990,-0.158116,0.034615,-0.004527,0.986803
DATA,162.705826,-146.500061,-158.112549,-0.162477,0.069090,0.002064,0.984288
DATA,161.911896,-143.465225,-158.157074,-0.167968,0.101869,0.012677,0.980433
DATA,155.820862,-142.504959,-156.740433,-0.175362,0.135735,0.024963,0.974783
DATA,137.350922,-145.624313,-157.042770,-0.183409,0.170317,0.031785,0.967648
DATA,-99.191025,-146.468521,-155.876709,-0.190102,0.204651,0.038822,0.959413
DATA,-162.857361,-142.827835,-156.304642,-0.195413,0.238164,0.042197,0.950427
DATA,-163.208221,-136.918488,-155.467957,-0.200262,0.271661,0.042853,0.940351
DATA,-163.323380,-132.519547,-155.157394,-0.206701,0.303296,0.042772,0.929224
DATA,-163.767502,94.431160,-53.973694,-0.232920,0.421715,0.039812,0.875397
DATA,-163.340363,117.074112,-153.628128,-0.234652,0.434887,0.038529,0.868520
DATA,-164.130020,127.142639,-154.906845,-0.235117,0.447713,0.037663,0.861890
DATA,-163.323715,130.705856,-153.510849,-0.235681,0.459201,0.036619,0.855715
DATA,-163.688065,135.535538,-153.644699,-0.236266,0.469307,0.036119,0.850073
DATA,-163.493500,137.559692,-153.831436,-0.235966,0.476856,0.035960,0.845952
DATA,-164.925751,136.054733,-152.869781,-0.233421,0.481331,0.033661,0.844217
DATA,-163.841522,135.310165,-153.704605,-0.228750,0.482991,0.028838,0.844726
DATA,-164.009262,130.917542,-153.670639,-0.221517,0.480707,0.024290,0.848092
DATA,-164.227890,126.525230,-154.665726,-0.214174,0.474478,0.021468,0.853545
DATA,-163.860245,117.722336,-154.704193,-0.208208,0.465338,0.019650,0.860072
DATA,-163.068268,103.447212,-154.849518,-0.203446,0.454060,0.017419,0.867258
DATA,-164.366089,74.009666,-155.849335,-0.198915,0.440490,0.013964,0.875332
DATA,-163.468964,26.968281,-155.242615,-0.195033,0.424820,0.007867,0.883984
DATA,-163.779160,-19.965382,-157.486008,-0.191128,0.408206,0.000557,0.892658
DATA,-162.815018,-68.071716,-154.725266,-0.187854,0.388931,-0.007636,0.901879
DATA,-162.508224,-101.108849,-157.408356,-0.181744,0.365650,-0.010360,0.912777
DATA,-155.082703,-125.225082,-155.482346,-0.171749,0.339687,-0.005876,0.924706
DATA,126.933701,-139.121155,-156.267456,-0.162870,0.307046,-0.001983,0.937652
DATA,155.331482,-136.199463,-158.262955,-0.156425,0.268082,-0.000110,0.950612
DATA,159.492905,-140.886703,-155.433060,-0.153578,0.226548,-0.006303,0.961795
DATA,163.361557,-142.905106,-158.013977,-0.151397,0.179411,-0.008069,0.972021
DATA,165.085770,-144.477417,-157.458771,-0.150416,0.127623,-0.008656,0.980312
DATA,163.129349,-151.129745,-157.283569,-0.149056,0.074818,-0.009808,0.985945
DATA,163.756470,-150.664673,-153.899078,-0.145721,0.023072,-0.009785,0.989008
DATA,165.699463,-149.529312,-157.843369,-0.141925,-0.024654,-0.009216,0.989527
DATA,165.766510,-149.376450,-155.973709,-0.138448,-0.068260,-0.009609,0.987968
DATA,165.185028,-146.817993,-154.851028,-0.134490,-0.108621,-0.011028,0.984882
DATA,165.437531,-151.183701,-150.545609,-0.129948,-0.147241,-0.012945,0.980442
DATA,164.652908,-152.844254,97.036484,-0.127474,-0.183286,-0.012761,0.974676
DATA,164.694229,-155.403809,150.918365,-0.126351,-0.216488,-0.012143,0.967998
DATA,165.206863,-153.485306,156.013748,-0.124346,-0.248337,-0.013103,0.960570
DATA,162.424484,-154.456482,157.311722,-0.119935,-0.280008,-0.014890,0.952360
DATA,162.736664,-154.786865,154.531876,-0.114963,-0.306781,-0.015126,0.944690
DATA,161.480484,-154.551361,156.318756,-0.111606,-0.328013,-0.014802,0.937941
DATA,162.992310,-154.315567,156.665222,-0.106970,-0.347384,-0.016833,0.931450
DATA,163.086502,-154.273773,156.161255,-0.100474,-0.365668,-0.018394,0.925124
DATA,163.156326,-152.629639,155.948257,-0.094330,-0.381153,-0.017477,0.919521
DATA,162.504944,-154.720078,156.965729,-0.091000,-0.392824,-0.014808,0.914980
DATA,163.403854,-155.795837,156.213715,-0.088192,-0.403857,-0.014827,0.910440
DATA,163.180176,-155.837753,156.966019,-0.084434,-0.412692,-0.016299,0.906802
DATA,162.769684,-153.784409,157.179016,-0.080551,-0.418831,-0.017512,0.904315
DATA,162.131088,-153.538498,155.148544,-0.076821,-0.422952,-0.019482,0.902680
DATA,162.844757,-153.675217,157.500412,-0.073903,-0.424808,-0.020699,0.902025
DATA,163.477081,-154.750504,157.598450,-0.073398,-0.425144,-0.020076,0.901921
DATA,162.972183,-154.363754,156.147797,-0.075404,-0.424432,-0.017791,0.902139
DATA,163.389923,-155.003845,156.350754,-0.079451,-0.423450,-0.015076,0.902303
DATA,163.382050,-154.852173,156.928772,-0.083516,-0.420185,-0.013188,0.903491
DATA,163.286667,-153.506317,155.288879,-0.084851,-0.414488,-0.014977,0.905967
DATA,162.437637,-155.035873,155.625793,-0.087236,-0.405560,-0.015676,0.909761
DATA,162.060303,-154.002350,156.291214,-0.090066,-0.392326,-0.017445,0.915240
DATA,164.362976,-157.010086,160.198730,-0.094389,-0.374313,-0.018200,0.922307
DATA,162.118317,-152.560883,147.909576,-0.133959,-0.301942,-0.004752,0.943856
DATA,164.319809,-151.216965,145.483978,-0.151875,-0.286596,0.002974,0.945932
DATA,164.204941,-151.895920,103.859795,-0.163810,-0.277486,0.007181,0.946634
DATA,163.646729,-149.327850,-37.336533,-0.175314,-0.269685,0.011840,0.946781
DATA,163.104919,-150.076797,-147.222137,-0.185244,-0.260427,0.016016,0.947421
DATA,164.137177,-152.522766,-151.613724,-0.196763,-0.250933,0.023598,0.947502
DATA,165.752487,-151.777771,-158.360031,-0.210790,-0.240588,0.031884,0.946926
DATA,163.580139,-148.890320,-157.965088,-0.225620,-0.226796,0.036514,0.946745
DATA,165.442001,-147.580750,-157.230499,-0.238665,-0.211943,0.036947,0.946971
DATA,164.450073,-145.450699,-154.709442,-0.252060,-0.199360,0.040743,0.946077
DATA,164.441605,-147.949280,-157.441452,-0.266395,-0.187174,0.044720,0.944458
DATA,165.698013,-145.727707,-155.937241,-0.279505,-0.175870,0.044726,0.942840
DATA,165.749741,-146.564056,-156.094070,-0.290169,-0.163447,0.044291,0.941873
DATA,163.106537,-147.215912,-156.067917,-0.299152,-0.152717,0.048441,0.940659
DATA,163.115784,-146.377197,-156.082993,-0.307283,-0.142194,0.052459,0.939471
DATA,163.096283,-145.831406,-157.665604,-0.314099,-0.130156,0.052631,0.938952
DATA,165.131836,-144.536102,-155.342529,-0.319533,-0.117227,0.050777,0.938924
DATA,163.619522,-146.255920,-156.864761,-0.324102,-0.105315,0.049361,0.938845
DATA,164.028320,-145.009415,-155.753052,-0.327683,-0.095568,0.047748,0.938728
DATA,162.968307,-146.799622,-157.323929,-0.328569,-0.088045,0.041472,0.939452
DATA,163.060532,-146.552658,-156.958786,-0.324514,-0.081171,0.029593,0.941927
DATA,163.297714,-146.727020,-156.549881,-0.313063,-0.075263,0.016509,0.946602
DATA,162.988190,-145.800568,-155.364029,-0.294639,-0.069625,0.001661,0.953067
DATA,164.988953,-146.112778,-155.992401,-0.268073,-0.066134,-0.015892,0.960994
DATA,166.048920,-145.186066,-156.463364,-0.234367,-0.062679,-0.032619,0.969577
DATA,164.533234,-145.588791,-156.924377,-0.196269,-0.065045,-0.039854,0.977578
DATA,164.731415,-148.665085,-157.647461,-0.159078,-0.067846,-0.042262,0.984025
DATA,164.330872,-146.212326,-157.557327,-0.122630,-0.066190,-0.036734,0.989561
DATA,164.997879,-146.107132,-157.321854,-0.078911,-0.061438,-0.039847,0.994189
DATA,165.389526,61.481037,-157.596390,0.058918,-0.029450,-0.046489,0.996745
DATA,165.370789,151.076004,-158.130035,0.103566,-0.018623,-0.053253,0.993021
DATA,165.576462,154.211121,-157.543808,0.139690,-0.014215,-0.058637,0.988355
DATA,164.391693,155.750076,-158.156342,0.169581,-0.013749,-0.068633,0.983027
DATA,164.903595,154.946899,-158.187683,0.202200,-0.012956,-0.083760,0.975670
DATA,164.537323,154.794373,-157.882370,0.235418,-0.012157,-0.090963,0.967552
DATA,163.974747,154.429657,-157.360168,0.263401,-0.002808,-0.094177,0.960074
DATA,163.582275,155.079834,-157.908203,0.281551,0.008450,-0.095674,0.954727
DATA,163.888290,154.259949,-157.574646,0.294149,0.016411,-0.094805,0.950904
DATA,163.941299,154.984802,-157.797867,0.303034,0.018857,-0.092069,0.948334
DATA,163.658051,155.548874,-158.899155,0.308286,0.021303,-0.089773,0.946809
DATA,163.158432,155.342209,-158.606720,0.310613,0.022285,-0.087559,0.946233
DATA,163.601501,154.437057,-157.858124,0.309307,0.018586,-0.087695,0.946728
DATA,164.095764,154.910782,-157.741653,0.305870,0.014846,-0.088215,0.947861
DATA,164.280289,155.426559,-157.787048,0.302390,0.012782,-0.084499,0.949345
DATA,164.078140,154.096481,-157.400208,0.296402,0.011338,-0.082086,0.951462
DATA,164.262650,155.277191,-158.137589,0.287313,0.008845,-0.078099,0.954607
DATA,163.819382,154.752960,-158.108978,0.274873,0.008330,-0.072757,0.958688
DATA,165.056763,155.440643,-157.779053,0.258660,0.006091,-0.065818,0.963704
DATA,164.512085,154.483490,-157.807266,0.235316,0.003209,-0.054928,0.970360
DATA,163.996124,152.914642,-158.008499,0.202332,-0.001933,-0.042691,0.978384
DATA,163.868240,145.626587,-158.432220,0.162966,-0.010780,-0.038496,0.985821
DATA,164.340134,113.326416,-157.660675,0.119288,-0.020633,-0.029783,0.992198
DATA,163.392456,-38.572952,-156.941788,0.072733,-0.029737,-0.019778,0.996712
DATA,163.104721,-123.031761,-157.542038,0.025833,-0.038033,-0.009805,0.998894
DATA,164.622238,-133.819595,-157.723495,-0.020019,-0.043149,-0.000268,0.998868
DATA,163.627197,-139.732574,-157.738342,-0.065634,-0.047448,0.005435,0.996700
DATA,163.148178,-141.157516,-155.745605,-0.110253,-0.051296,0.011252,0.992515
DATA,163.218948,-145.614258,-157.212463,-0.153512,-0.049694,0.016706,0.986755
DATA,161.494568,-143.846634,-157.340088,-0.194087,-0.045047,0.021750,0.979708
DATA,160.936584,-145.069519,-156.928375,-0.233345,-0.047181,0.029388,0.970804
DATA,161.723358,-141.735336,-156.886780,-0.273605,-0.051874,0.029668,0.959984
DATA,157.048111,-142.532822,-158.277527,-0.312868,-0.058657,0.025379,0.947644
DATA,154.592911,-145.045319,-156.982895,-0.349926,-0.066960,0.019194,0.934184
DATA,152.367752,-144.001236,-156.752106,-0.384410,-0.070904,0.018521,0.920249
DATA,148.258835,-143.363358,-157.353638,-0.415734,-0.072182,0.025649,0.906254
DATA,144.215515,-145.456070,-156.954697,-0.445688,-0.073588,0.035669,0.891445
DATA,133.663513,-144.836945,-156.698090,-0.473863,-0.077060,0.039338,0.876338
DATA,91.511505,-146.688690,-156.241379,-0.499027,-0.078890,0.039024,0.862106
DATA,12.733878,-146.328461,-156.204834,-0.521140,-0.077234,0.037473,0.849143
DATA,-41.681484,-147.442734,-156.127289,-0.539424,-0.073010,0.036509,0.838069
DATA,-76.684288,-144.626862,-155.565659,-0.552744,-0.069162,0.034933,0.829741
DATA,-117.828209,-146.127747,-155.580963,-0.563163,-0.063484,0.035862,0.823122
DATA,-149.869492,-145.171646,-155.721893,-0.572252,-0.055746,0.038034,0.817296
DATA,-155.719910,-145.688583,-156.477020,-0.579279,-0.048018,0.034817,0.812969
DATA,-154.711243,-142.464828,-155.822556,-0.584613,-0.041313,0.036840,0.809422
DATA,-155.533066,-141.351166,-154.093109,-0.588388,-0.036838,0.038444,0.806824
DATA,-153.713226,-140.351944,-156.995590,-0.589902,-0.029988,0.039727,0.805939
DATA,-157.123276,-139.949036,-155.735565,-0.589117,-0.020659,0.036620,0.806954
DATA,-157.973526,-135.778336,-153.787582,-0.585322,-0.010707,0.031462,0.810120
DATA,-156.216324,-138.914246,-154.949875,-0.577747,-0.002718,0.025115,0.815825
DATA,-156.947723,-137.672089,-155.084717,-0.566710,0.002446,0.018712,0.823701
DATA,-156.194077,-136.291122,-156.041199,-0.551706,0.006726,0.010806,0.833942
DATA,-154.500931,-132.406830,-155.258240,-0.535289,0.008537,0.009633,0.844571
DATA,-156.150543,-135.622330,-157.250992,-0.517290,0.016101,0.003954,0.855650
DATA,-156.720673,-133.579803,-154.648590,-0.495089,0.027380,-0.002792,0.868406
DATA,-157.639633,-135.328934,-153.887482,-0.466686,0.037272,-0.009614,0.883585
DATA,-157.826004,-130.770569,-155.522476,-0.431366,0.045119,-0.017911,0.900870
DATA,-152.701828,-137.262039,-154.234894,-0.388844,0.051343,-0.025000,0.919532
DATA,-70.750198,-137.791763,-156.039810,-0.339644,0.056216,-0.033215,0.938285
DATA,67.162468,-139.876572,-156.495056,-0.288341,0.058151,-0.037944,0.955007
DATA,139.281754,-140.374054,-155.854828,-0.240764,0.057155,-0.037331,0.968180
DATA,148.540771,-136.956375,-157.004654,-0.200442,0.057634,-0.030611,0.977530
DATA,150.206573,-137.947433,-157.277664,-0.168933,0.060714,-0.020427,0.983544
DATA,155.463226,-138.251541,-159.097427,-0.139645,0.065735,-0.011013,0.987956
DATA,155.164368,-141.296402,-157.839996,-0.104974,0.070538,-0.014216,0.991868
DATA,164.182785,-137.126663,-155.531540,-0.060440,0.076352,-0.021477,0.995016
DATA,160.634018,-130.906082,-155.112793,-0.011761,0.082036,-0.033753,0.995988
DATA,162.823639,-120.806412,-158.339310,0.033702,0.083394,-0.049078,0.994737
DATA,162.610794,-90.272438,-158.255966,0.074173,0.084106,-0.058724,0.991956
DATA,162.791611,-13.059244,-158.884735,0.113586,0.085900,-0.068577,0.987429
DATA,163.085587,98.935402,-157.028534,0.153260,0.089025,-0.071834,0.981542
DATA,163.813293,129.325897,-158.510757,0.190807,0.097908,-0.075734,0.973792
DATA,163.623642,137.698013,-158.590942,0.224704,0.108752,-0.076813,0.965288
DATA,162.658554,138.128876,-157.948181,0.249626,0.120049,-0.072701,0.958118
DATA,162.796539,137.619492,-158.114319,0.265128,0.122085,-0.071278,0.953793
DATA,162.369797,138.848099,-157.958908,0.279439,0.119288,-0.071513,0.950037
DATA,161.779388,143.599503,-157.819641,0.293451,0.120230,-0.067719,0.945963
DATA,161.555481,145.657394,-158.469498,0.304146,0.121549,-0.066934,0.942465
DATA,161.533920,149.878723,-158.147018,0.312969,0.122679,-0.072085,0.939044
DATA,161.530197,150.493744,-157.819733,0.320604,0.126814,-0.073437,0.935809
DATA,161.877274,149.579269,-158.044525,0.325117,0.130694,-0.076585,0.933463
DATA,161.085510,150.160355,-157.227737,0.324972,0.133531,-0.079761,0.932845
DATA,161.529984,150.550797,-157.883148,0.322430,0.136637,-0.080134,0.933246
DATA,162.439163,149.967468,-157.605042,0.304988,0.133960,-0.067330,0.940480
DATA,161.795975,150.067307,-158.329224,0.290378,0.128245,-0.062942,0.946188
DATA,162.669861,150.785812,-157.855530,0.271519,0.116632,-0.057900,0.953584
DATA,163.234604,149.262512,-157.957367,0.248889,0.104669,-0.048815,0.961622
DATA,163.300537,141.971176,-158.257401,0.220252,0.092180,-0.038387,0.970319
DATA,163.486069,126.133232,-157.596893,0.185100,0.077818,-0.031363,0.979132
DATA,163.991119,84.096779,-157.133682,0.144998,0.065619,-0.021565,0.987018
DATA,165.430939,-25.310740,-156.051666,0.100978,0.052922,-0.013565,0.993388
DATA,164.166916,-100.753677,-156.991287,0.053093,0.038423,-0.011266,0.997786
DATA,162.341599,-122.754005,-157.663284,0.005253,0.026714,-0.012943,0.999545
DATA,164.292282,-131.033722,-157.055634,-0.042835,0.015312,-0.017238,0.998816
DATA,163.698410,-139.515472,-157.191742,-0.203400,-0.006527,-0.020805,0.978853
DATA,162.036011,-141.682724,-156.671036,-0.264051,-0.014877,-0.021256,0.964160
DATA,161.157852,-140.677246,-157.026306,-0.324976,-0.025315,-0.015234,0.945260
DATA,156.942535,-143.754532,-158.275650,-0.380977,-0.037992,-0.006074,0.923784
DATA,153.314972,-141.200302,-157.317566,-0.426984,-0.046496,-0.001373,0.903062
DATA,148.368103,-143.825195,-155.110138,-0.463205,-0.051395,0.007972,0.884724
DATA,140.134430,-146.639908,-156.704834,-0.495294,-0.053878,0.023772,0.866727
DATA,62.779930,-146.306992,-155.645981,-0.523920,-0.048403,0.029408,0.849882
DATA,-71.551941,-146.725281,-156.072906,-0.548135,-0.041243,0.030203,0.834826
DATA,-153.615631,-147.241287,-153.625504,-0.567549,-0.034756,0.028869,0.822099
DATA,-157.510193,-142.765656,-153.533905,-0.585121,-0.028494,0.026623,0.810008
DATA,-160.841797,-140.595840,-153.686661,-0.601310,-0.019977,0.030496,0.798184
DATA,-162.397079,-142.193527,-155.252640,-0.614747,-0.009697,0.033121,0.787969
DATA,-160.763641,-138.294235,-155.281082,-0.624215,0.000079,0.037592,0.780348
DATA,-159.280869,-136.214859,-154.540268,-0.630223,0.007806,0.033692,0.775643
DATA,-162.487015,-128.338455,-156.828629,-0.631675,0.015652,0.028206,0.774562
DATA,-160.425125,-132.273087,-155.110809,-0.628944,0.023036,0.025734,0.776683
DATA,-161.582794,-135.002716,-154.276840,-0.622680,0.030719,0.022959,0.781536
DATA,-161.064102,-135.687851,-155.389557,-0.612511,0.035707,0.022079,0.789346
DATA,-162.364182,-137.672974,-155.416229,-0.599600,0.035263,0.022800,0.799197
DATA,-162.757889,-140.118256,-155.266190,-0.583672,0.037843,0.022147,0.810805
DATA,-160.129120,-140.834274,-155.609436,-0.562762,0.042281,0.021746,0.825250
DATA,-158.975830,-145.070175,-155.278183,-0.536320,0.043851,0.014457,0.842751
DATA,-153.669876,-143.960815,-153.927246,-0.502652,0.043172,0.007715,0.863376
DATA,-15.117324,-146.097549,-155.362778,-0.462170,0.040944,-0.000505,0.885845
DATA,129.815475,-146.472656,-156.633591,-0.413624,0.038538,-0.009154,0.909586
DATA,147.717743,-142.849472,-157.330994,-0.360456,0.036761,-0.009614,0.932002
DATA,155.376862,-147.693481,-157.813156,-0.310096,0.036860,-0.004463,0.949980
DATA,161.110168,-147.097610,-157.866241,-0.262334,0.039814,0.006038,0.964137
DATA,161.757263,-142.854721,-157.388412,-0.214431,0.048388,0.014481,0.975432
DATA,164.754486,-145.235321,-156.388123,-0.163975,0.058685,0.014825,0.984606
DATA,163.936371,-142.776718,-156.308807,-0.114618,0.065579,0.010902,0.991183
DATA,164.450424,-141.578217,-156.585861,-0.066335,0.069826,0.007180,0.995325
DATA,163.642288,-137.977432,-157.572617,-0.019450,0.070593,-0.004569,0.997305
DATA,164.678452,-127.710426,-157.465836,0.029134,0.068921,-0.016544,0.997059
DATA,162.714081,-72.575684,-156.879730,0.077492,0.065539,-0.026908,0.994473
DATA,164.072083,127.697350,-157.859894,0.124826,0.063215,-0.038448,0.989416
DATA,165.266464,151.914032,-158.298157,0.165656,0.067583,-0.047582,0.982714
DATA,163.809784,155.620667,-157.664383,0.291413,0.104398,-0.100941,0.945511
DATA,87.981529,155.157181,-157.202057,0.310497,0.111367,-0.105285,0.938139
DATA,161.262421,155.913971,-157.482498,0.327854,0.114974,-0.107601,0.931512
DATA,160.773132,155.347076,-157.996277,0.342447,0.117179,-0.108858,0.925823
DATA,159.682831,154.979355,-157.662201,0.354100,0.117403,-0.109186,0.921362
DATA,159.010498,155.090515,-157.474533,0.361755,0.116673,-0.109406,0.918450
DATA,158.377106,155.308731,-158.653702,0.365849,0.115573,-0.114749,0.916313
DATA,157.185135,156.281662,-158.119003,0.368636,0.116096,-0.118063,0.914708
DATA,157.156372,155.308365,-157.712982,0.369329,0.115664,-0.123956,0.913703
DATA,157.452850,154.941254,-157.193130,0.367816,0.114762,-0.130069,0.913577
DATA,158.050797,155.230606,-157.310257,0.365046,0.114664,-0.134961,0.913991
DATA,157.196304,155.027420,-156.686493,0.361809,0.115820,-0.137133,0.914809
DATA,157.475494,155.335068,-157.460129,0.355265,0.117517,-0.137475,0.917103
DATA,158.869797,154.638260,-157.321167,0.345283,0.115340,-0.135423,0.921486
DATA,160.177933,155.361694,-158.179916,0.332619,0.111443,-0.128658,0.927573
DATA,162.595047,155.161636,-157.389557,0.314720,0.105520,-0.119571,0.935692
DATA,161.627502,155.596497,-157.854752,0.291034,0.098526,-0.107641,0.945518
DATA,163.129578,155.985672,-157.970291,0.262081,0.087554,-0.097968,0.956060
DATA,163.869781,154.490997,-157.480682,0.229888,0.075629,-0.085486,0.966501
DATA,164.616837,154.760132,-156.901276,0.192110,0.066020,-0.068666,0.976739
DATA,164.848907,153.239410,-157.915039,0.147321,0.056160,-0.049974,0.986228
DATA,164.323456,137.233734,-158.091675,0.095806,0.045681,-0.030871,0.993872
DATA,163.836349,-19.765333,-157.205673,0.042856,0.037075,-0.016921,0.998250
DATA,162.637466,-119.196136,-157.520340,-0.010793,0.031680,-0.009690,0.999393
DATA,161.230255,-140.708740,-157.716187,-0.166522,0.027743,0.026341,0.985295
DATA,159.194366,-143.574768,-157.074219,-0.222325,0.023330,0.038158,0.973946
DATA,156.392532,-142.863388,-156.760437,-0.278297,0.014207,0.048527,0.959163
DATA,148.543365,-143.411346,-159.051407,-0.334010,0.001152,0.060240,0.940642
DATA,138.961273,-146.518768,-156.481461,-0.387517,-0.014809,0.063837,0.919530
DATA,100.333847,-147.522614,-156.402176,-0.435881,-0.023227,0.061595,0.897593
DATA,-56.349052,-143.827744,-155.827499,-0.477752,-0.028157,0.059186,0.876046
DATA,-157.764648,-146.421875,-156.120224,-0.513918,-0.026317,0.062848,0.855129
DATA,-163.653778,-144.413300,-153.778793,-0.541988,-0.020296,0.067315,0.837440
DATA,-162.817535,-143.597946,-157.726669,-0.560035,-0.008045,0.075493,0.824983
DATA,-162.357086,-142.397064,-158.007309,-0.572676,0.004231,0.088429,0.814987
DATA,-162.676910,-138.692276,-151.970108,-0.581640,0.015225,0.093431,0.807919
DATA,-164.118423,-141.717484,-154.956238,-0.586955,0.024723,0.091804,0.804018
DATA,-163.216217,-138.558472,-154.217346,-0.590218,0.032156,0.092398,0.801293
DATA,-164.343658,-138.236649,-152.629028,-0.592505,0.033312,0.096634,0.799056
DATA,-165.130539,-139.894379,-154.469147,-0.594733,0.036742,0.102179,0.796556
DATA,-165.301178,-136.834473,-157.618423,-0.594545,0.043142,0.102497,0.796335
DATA,-162.800934,-137.524033,-154.934753,-0.590953,0.049850,0.101952,0.798684
DATA,-163.565292,-138.823868,-153.952942,-0.584283,0.054927,0.106447,0.802661
DATA,-163.594437,-139.124069,-153.886459,-0.576963,0.055146,0.108020,0.807715
DATA,-164.820663,-138.605026,-154.932800,-0.568473,0.056909,0.106143,0.813839
DATA,-163.348785,-141.153885,-155.663345,-0.558369,0.059834,0.103792,0.820896
DATA,-164.694977,-142.255432,-155.642975,-0.548709,0.063105,0.106372,0.826814
DATA,-163.662964,-140.551483,-155.403793,-0.540554,0.065365,0.109528,0.831584
DATA,-162.426834,-142.290695,-153.237701,-0.532415,0.069215,0.110284,0.836410
DATA,-163.839859,-142.579391,-153.675583,-0.521491,0.067133,0.109667,0.843513
DATA,-163.059555,-143.485107,-155.918274,-0.513107,0.064925,0.114298,0.848199
DATA,-164.133820,-142.916534,-155.852127,-0.507854,0.064835,0.112830,0.851557
DATA,-164.008026,-144.122589,-156.048416,-0.505421,0.065448,0.105679,0.853873
DATA,-163.328552,-144.157684,-155.203918,-0.502614,0.069803,0.098959,0.855987
DATA,-163.504715,-144.070923,-154.750977,-0.498036,0.076716,0.092978,0.858737
DATA,-164.295914,-142.559067,-157.024948,-0.490640,0.083051,0.090071,0.862706
DATA,-164.343506,-141.373718,-154.577316,-0.480313,0.084460,0.085920,0.868783
DATA,-161.712753,-142.817749,-155.895935,-0.467505,0.085191,0.084311,0.875827
DATA,-163.004059,-142.918076,-155.067017,-0.453937,0.085068,0.075069,0.883781
DATA,-162.216736,-141.747894,-154.033981,-0.440006,0.084623,0.066376,0.891531
DATA,-160.360184,-143.783539,-154.252045,-0.426958,0.092550,0.055415,0.897814
DATA,-160.891632,-143.449036,-154.658539,-0.412432,0.100599,0.037833,0.904626
DATA,-159.963562,-145.530289,-155.751816,-0.394506,0.108897,0.016734,0.912264
DATA,-156.885010,-140.758621,-155.353577,-0.373542,0.114704,-0.009477,0.920445
DATA,-115.409355,-130.130951,-156.072174,-0.350702,0.120269,-0.027355,0.928329
DATA,-18.497087,-99.064766,-156.422699,-0.329493,0.119813,-0.048108,0.935289
DATA,85.536812,36.771202,-157.824387,-0.310688,0.116319,-0.068205,0.940899
DATA,148.557373,138.980865,-157.654724,-0.291173,0.118479,-0.097049,0.944332
DATA,157.467148,153.801300,-158.091492,-0.267742,0.119633,-0.128847,0.947312
DATA,160.321198,155.399078,-158.052521,-0.245048,0.117715,-0.162531,0.948514
DATA,162.363220,154.950546,-157.765869,-0.222591,0.114581,-0.198211,0.947648
DATA,162.548309,152.830399,-157.775665,-0.201242,0.109878,-0.231985,0.945310
DATA,162.580017,153.942261,-158.533340,-0.180590,0.108036,-0.263929,0.941306
DATA,162.775238,150.667755,-157.811279,-0.162284,0.104714,-0.289893,0.937369
DATA,162.870697,152.694443,-158.275299,-0.146879,0.104011,-0.313597,0.932344
DATA,161.468857,154.251221,-159.217133,-0.131625,0.111558,-0.339591,0.924612
DATA,162.347610,150.672562,-157.773773,-0.118811,0.121932,-0.368268,0.913999
DATA,160.168457,151.666992,-157.879318,-0.111094,0.129700,-0.401974,0.899585
DATA,158.193588,150.121857,-158.976456,-0.105193,0.136168,-0.437100,0.882800
DATA,157.307968,149.847565,-157.560562,-0.098580,0.142423,-0.472394,0.864200
DATA,153.551453,148.504501,-156.636917,-0.093795,0.146887,-0.507770,0.843680
DATA,153.817184,146.252853,-156.882751,-0.089906,0.151454,-0.540686,0.822580
DATA,155.816910,148.619141,-156.825592,-0.085090,0.155826,-0.571627,0.801075
DATA,156.275360,148.243500,-156.033539,-0.080706,0.160917,-0.600427,0.779153
DATA,155.921066,147.393661,-156.132980,-0.080905,0.164987,-0.627683,0.756471
DATA,158.506531,148.462234,-154.275009,-0.081758,0.168949,-0.654816,0.732112
DATA,159.147934,146.719208,-151.290726,-0.084270,0.169808,-0.682581,0.705795
DATA,160.647034,148.968246,-142.800812,-0.088359,0.170576,-0.708136,0.679441
DATA,160.451218,145.165588,-116.856346,-0.093141,0.172923,-0.730742,0.653788
DATA,161.041931,145.727188,12.656857,-0.097215,0.176229,-0.750405,0.629591
DATA,161.653549,148.024506,115.984474,-0.100254,0.177487,-0.767411,0.607888
DATA,162.415710,147.494431,139.790009,-0.099456,0.174005,-0.783411,0.588301
DATA,163.037506,145.710602,149.797501,-0.099826,0.170314,-0.798068,0.569311
DATA,164.197067,146.342575,152.369186,-0.101269,0.168141,-0.812015,0.549640
DATA,163.103775,145.965622,152.395035,-0.103220,0.166715,-0.825080,0.529900
DATA,164.003235,144.304031,153.460876,-0.105064,0.166042,-0.836316,0.511828
DATA,162.344467,146.125977,152.482910,-0.105152,0.165241,-0.847319,0.493648
DATA,164.894272,144.984558,153.902161,-0.103372,0.161748,-0.859696,0.473365
DATA,163.626038,142.668716,154.964020,-0.103825,0.157694,-0.871517,0.452561
DATA,162.870941,144.814636,154.889130,-0.106247,0.153961,-0.881905,0.432725
DATA,164.463226,145.432968,156.089722,-0.106936,0.148179,-0.892975,0.411344
DATA,165.337173,143.477036,155.582550,-0.103141,0.141737,-0.904561,0.388640
DATA,163.725311,142.429230,154.826248,-0.099966,0.136720,-0.914509,0.367408
DATA,162.532333,142.121384,154.549606,-0.099925,0.131686,-0.922674,0.348349
DATA,164.792282,140.826767,154.346741,-0.098225,0.127003,-0.930631,0.328859
DATA,162.512573,138.430481,153.162125,-0.096694,0.121070,-0.938817,0.307595
DATA,164.332016,139.090485,153.290634,-0.098264,0.113561,-0.945563,0.288721
DATA,162.420334,135.504166,153.291290,-0.100215,0.106226,-0.950730,0.273470
DATA,165.307709,130.551804,153.513306,-0.099310,0.099305,-0.955503,0.259402
DATA,163.485016,126.737381,153.185043,-0.092863,0.093846,-0.961226,0.242101
DATA,162.976852,120.328743,154.159927,-0.089118,0.090462,-0.965688,0.226541
DATA,164.042847,114.240227,154.723709,-0.087745,0.087882,-0.968959,0.213766
DATA,164.583038,101.551697,154.308594,-0.086391,0.085104,-0.972032,0.201118
DATA,164.146332,84.524796,154.851776,-0.083383,0.082536,-0.975684,0.185137
DATA,164.066513,59.465435,155.369614,-0.080114,0.079312,-0.979004,0.169829
DATA,163.939056,28.701303,156.108353,-0.076359,0.077183,-0.981779,0.155957
DATA,162.906235,17.319126,155.476807,-0.074878,0.077467,-0.983672,0.144158
DATA,162.763596,15.308056,154.092377,-0.071191,0.078317,-0.985026,0.136093
DATA,163.902969,14.018270,155.609497,-0.067772,0.078471,-0.986092,0.129895
DATA,161.180435,-9.771229,155.313522,-0.064303,0.076747,-0.987280,0.123501
DATA,161.351868,-50.544086,155.011398,-0.061688,0.072721,-0.988632,0.116248
DATA,163.418137,-88.815483,155.996567,-0.059971,0.069083,-0.990011,0.107280
DATA,162.788940,-105.286568,156.289566,-0.058793,0.067283,-0.991249,0.097166
DATA,162.836349,-112.209106,156.081009,-0.059150,0.066766,-0.992094,0.088274
DATA,161.605560,-118.567268,156.368790,-0.059449,0.066451,-0.992690,0.081341
DATA,162.805588,-119.764771,156.994873,-0.059194,0.065362,-0.993246,0.075410
DATA,163.309799,-122.376083,156.173599,-0.058721,0.063960,-0.993726,0.070497
DATA,161.710739,-125.066269,156.420212,-0.056209,0.063586,-0.994340,0.063916
DATA,162.279251,-122.646065,157.002716,-0.052687,0.064636,-0.994775,0.058898
DATA,162.137222,-118.869720,156.880890,-0.050099,0.066634,-0.995073,0.053661
DATA,162.397415,-113.358917,157.475525,-0.048002,0.069330,-0.995186,0.049940
DATA,163.087906,-100.842468,156.219055,-0.046697,0.072502,-0.995189,0.046496
DATA,163.053192,-71.731300,156.556702,-0.045008,0.075479,-0.995107,0.045156
DATA,161.950089,-35.496166,155.195221,-0.042162,0.077981,-0.995032,0.045311
DATA,161.965683,2.464450,154.379913,-0.038053,0.079200,-0.995047,0.046476
DATA,161.861526,32.848541,155.320496,-0.034054,0.079680,-0.995053,0.048583
DATA,164.859192,54.628769,157.492981,-0.031046,0.079818,-0.995029,0.050814
DATA,163.350983,76.126160,155.745941,-0.028724,0.079787,-0.994960,0.053513
DATA,163.329788,99.392342,155.650650,-0.028273,0.078957,-0.994630,0.060644
DATA,164.016937,114.612503,155.212051,-0.028922,0.078266,-0.993924,0.071781
DATA,164.672119,129.574600,154.998322,-0.030345,0.076866,-0.992554,0.089483
DATA,165.091309,133.039932,155.910736,-0.034413,0.074924,-0.989806,0.116127
DATA,164.421097,137.881699,156.339417,-0.037951,0.072872,-0.987218,0.136565
DATA,163.554733,139.977158,155.745926,-0.041067,0.069308,-0.984494,0.155823
DATA,163.472900,139.904434,155.262772,-0.042655,0.066108,-0.981550,0.174270
DATA,163.069229,140.379623,153.556427,-0.045286,0.063799,-0.978314,0.191785
DATA,164.344238,140.160797,154.425552,-0.048294,0.062228,-0.974540,0.209921
DATA,163.870438,143.983963,154.515503,-0.050562,0.060957,-0.970720,0.226783
DATA,164.289566,143.295776,152.591965,-0.052393,0.059289,-0.966296,0.244971
DATA,164.865784,141.983414,154.660751,-0.054508,0.057775,-0.960622,0.266264
DATA,165.082626,144.136230,152.881470,-0.051290,0.057451,-0.954215,0.289036
DATA,163.385345,142.955414,152.167191,-0.046791,0.057129,-0.946089,0.315376
DATA,163.630951,143.543823,153.584457,-0.038871,0.056520,-0.936247,0.344581
DATA,164.251755,146.243042,148.282440,-0.028919,0.054714,-0.924878,0.375195
DATA,166.588089,143.149368,150.424973,-0.019001,0.053739,-0.912425,0.405255
DATA,166.369614,144.251190,150.695831,-0.009998,0.056458,-0.901583,0.428789
DATA,164.634827,144.646317,143.846359,-0.001468,0.061034,-0.893629,0.444634
DATA,165.248413,146.132523,127.229080,0.007536,0.066424,-0.883635,0.463378
DATA,162.520569,146.024704,35.414089,0.015946,0.072126,-0.868550,0.490066
DATA,162.121017,145.988541,-130.497116,0.024732,0.076047,-0.850809,0.519354
DATA,162.903519,147.600098,-147.006073,0.032286,0.074872,-0.830906,0.550406
DATA,162.030701,144.945251,-155.040344,0.037629,0.070787,-0.804612,0.588365
DATA,163.350784,146.073669,-156.697708,0.041921,0.064852,-0.774168,0.628252
DATA,163.476990,147.075867,-157.560928,0.044245,0.057423,-0.740222,0.668444
DATA,163.107758,146.657578,-158.022018,0.048127,0.054775,-0.705463,0.704986
DATA,164.670181,149.202332,-157.939697,0.053018,0.058065,-0.674622,0.733964
DATA,164.073532,147.961639,-156.886017,0.057923,0.064404,-0.647726,0.756933
DATA,165.947906,150.021088,-155.231155,0.060328,0.070062,-0.623419,0.776403
DATA,163.918488,148.413971,-157.221039,0.055955,0.070884,-0.596295,0.797670
DATA,164.857147,149.609039,-157.232910,0.046650,0.071976,-0.567428,0.818944
DATA,164.868011,149.963806,-157.886536,0.034722,0.072746,-0.537505,0.839399
DATA,164.636169,149.773117,-157.540817,0.024073,0.072696,-0.504429,0.860051
DATA,164.009872,152.141617,-157.579178,0.016002,0.072485,-0.466857,0.881212
DATA,165.013687,152.048538,-157.688080,0.009194,0.071031,-0.425375,0.902178
DATA,165.254501,154.720444,-158.146912,0.003505,0.069965,-0.382210,0.921416
DATA,164.977692,80.092087,-157.290131,-0.004384,0.070273,-0.340209,0.937710
DATA,165.400436,-130.846756,-157.068497,-0.015202,0.068654,-0.304262,0.949989
DATA,164.056702,-138.544540,-157.171997,-0.026200,0.063280,-0.275923,0.958736
DATA,165.031235,-144.721848,-155.732803,-0.034341,0.059070,-0.249347,0.966001
DATA,165.505737,-144.684845,-156.674194,-0.040779,0.055849,-0.218514,0.973381
DATA,163.713715,-145.814545,-157.270538,-0.047281,0.051228,-0.186888,0.979905
DATA,163.645584,-144.597382,-157.362411,-0.054002,0.047600,-0.159249,0.984610
DATA,164.406311,-144.301605,-157.407578,-0.060822,0.042939,-0.139220,0.987459
DATA,164.090668,-145.622528,-157.356598,-0.066455,0.036399,-0.127790,0.988903
DATA,162.873291,-144.098175,-156.846146,-0.069621,0.030785,-0.119945,0.989858
DATA,163.682114,-145.552368,-157.160507,-0.072632,0.026824,-0.108809,0.991043
DATA,163.866043,-146.563461,-157.613770,-0.078502,0.022441,-0.090306,0.992562
DATA,163.808807,-146.477158,-156.088684,-0.085934,0.019475,-0.069915,0.993654
DATA,164.201157,-143.587082,-157.562363,-0.091570,0.018889,-0.052895,0.994213
DATA,164.552704,-146.221695,-157.920425,-0.093685,0.019886,-0.037965,0.994679
DATA,164.676422,-144.582565,-156.070938,-0.095921,0.019316,-0.020478,0.994991
DATA,164.802094,-146.115265,-156.741623,-0.099268,0.017815,0.000039,0.994901
DATA,163.896317,-142.003082,-157.108154,-0.101036,0.015401,0.014488,0.994658
DATA,165.932205,-145.017883,-155.164871,-0.101515,0.012368,0.024184,0.994463
DATA,165.281998,-144.836349,-156.417191,-0.101696,0.011847,0.033416,0.994183
DATA,165.058777,-144.654800,-156.764816,-0.102592,0.011457,0.041065,0.993809
DATA,163.487152,-145.402115,-156.687698,-0.103386,0.011292,0.045702,0.993527
DATA,163.828812,-146.159821,-156.730881,-0.103522,0.012222,0.048126,0.993387
DATA,163.415878,-144.429535,-157.222473,-0.102917,0.013309,0.049181,0.993384
DATA,163.054581,-144.660248,-157.549225,-0.101835,0.015064,0.048711,0.993494
DATA,163.060104,-145.083771,-156.775406,-0.101561,0.015451,0.050595,0.993422
DATA,162.835510,-144.327652,-157.170197,-0.102601,0.015889,0.055592,0.993041
DATA,164.266113,-145.658920,-156.051331,-0.103391,0.017407,0.058186,0.992785
DATA,163.649673,-143.834061,-156.350784,-0.103949,0.018708,0.060381,0.992572
DATA,163.858658,-142.923340,-156.407303,-0.104783,0.018759,0.065679,0.992147
DATA,163.702072,-145.119446,-156.502197,-0.106044,0.019669,0.072893,0.991491
DATA,163.798767,-143.215317,-156.919510,-0.107260,0.021288,0.079202,0.990843
DATA,162.474304,-145.106781,-156.268250,-0.107765,0.022149,0.084396,0.990340
DATA,163.615356,-144.947372,-157.133804,-0.108526,0.022684,0.091845,0.989582
DATA,162.805786,-145.148453,-156.930084,-0.109495,0.024337,0.100293,0.988615
DATA,162.811310,-144.706192,-157.214706,-0.110258,0.025990,0.105078,0.987991
DATA,162.408707,-145.159637,-156.558792,-0.110540,0.026831,0.110913,0.987299
DATA,162.990692,-144.966537,-155.891586,-0.111782,0.026620,0.116768,0.986489
DATA,163.532730,-145.511826,-157.058441,-0.112950,0.025920,0.121648,0.985785
DATA,162.294937,-142.513382,-155.424255,-0.114260,0.025886,0.125774,0.985117
DATA,163.186752,-143.913071,-158.209885,-0.115802,0.026017,0.130704,0.984291
DATA,162.032486,-144.970932,-154.881454,-0.117069,0.025966,0.134696,0.983604
DATA,165.951752,-143.250580,-158.111023,-0.117706,0.026531,0.135894,0.983348
DATA,162.769211,-145.678131,-155.458496,-0.117477,0.026889,0.135893,0.983366
DATA,163.032486,-144.288879,-156.818283,-0.117414,0.026578,0.136917,0.983240
DATA,162.802979,-144.914764,-157.842194,-0.117708,0.026983,0.138746,0.982937
DATA,162.259735,-142.979889,-152.684586,-0.117823,0.027765,0.140458,0.982659
DATA,164.031250,-146.545609,-155.550110,-0.117691,0.028022,0.142347,0.982396
DATA,163.697250,-143.599335,-157.308563,-0.117678,0.028131,0.143398,0.982241
DATA,162.734009,-145.476547,-157.193207,-0.117944,0.028035,0.144635,0.982031
DATA,161.839890,-144.718567,-157.859604,-0.119320,0.027516,0.146154,0.981654
DATA,163.994690,-144.592606,-156.781631,-0.121070,0.027254,0.147101,0.981306
DATA,161.582687,-145.198593,-158.665131,-0.122175,0.028009,0.148296,0.980967
DATA,164.336426,-143.496277,-156.215714,-0.122521,0.028767,0.148514,0.980869
DATA,164.840347,-143.212418,-157.884338,-0.122245,0.029324,0.148739,0.980853
DATA,162.525772,-146.379318,-157.063217,-0.122258,0.028956,0.150521,0.980591
DATA,164.500488,-144.806046,-157.242569,-0.122478,0.029329,0.152411,0.980260
DATA,163.813217,-145.774460,-157.044754,-0.122436,0.029145,0.154088,0.980009
DATA,163.533707,-142.307327,-156.609756,-0.122332,0.029608,0.154397,0.979959
DATA,162.379089,-143.000122,-156.231293,-0.122065,0.031135,0.154456,0.979936
DATA,163.143585,-143.727905,-155.895706,-0.121840,0.032439,0.153386,0.980090
DATA,164.289322,-144.473969,-157.134216,-0.121343,0.033707,0.151924,0.980336
DATA,164.192917,-144.972473,-157.271896,-0.120793,0.034032,0.151809,0.980411
DATA,164.066986,-144.799377,-155.853378,-0.120832,0.034413,0.151964,0.980368
DATA,164.164352,-142.205032,-157.321335,-0.121594,0.035337,0.151927,0.980247
DATA,163.706421,-143.677567,-157.753937,-0.122143,0.037413,0.148803,0.980581
DATA,162.111801,-145.587097,-155.738144,-0.122656,0.043218,0.144124,0.980977
DATA,159.807648,-142.922623,-156.066559,-0.123161,0.050384,0.138929,0.981322
DATA,158.560928,-144.574127,-156.824173,-0.124000,0.058762,0.131778,0.981736
DATA,160.108490,-143.073669,-156.496475,-0.124693,0.071831,0.125538,0.981597
DATA,158.584503,-142.632492,-153.013611,-0.125969,0.087605,0.122487,0.980538
DATA,152.580307,-139.619995,-158.805435,-0.129047,0.107622,0.116814,0.978835
DATA,124.997551,-145.230118,-156.603302,-0.133777,0.129070,0.111480,0.976226
DATA,-82.329643,-144.385880,-156.109528,-0.141017,0.149870,0.103113,0.973150
DATA,-159.872711,-144.798828,-155.434418,-0.148093,0.176847,0.095482,0.968337
DATA,-163.535355,-140.016342,-156.469070,-0.152151,0.207708,0.085838,0.962465
DATA,-162.213943,-133.176712,-154.765366,-0.157198,0.242956,0.077851,0.954044
DATA,-162.830475,-114.845360,-154.266327,-0.164887,0.282745,0.069263,0.942375
DATA,-165.269028,-42.217865,-154.970352,-0.175611,0.323668,0.063121,0.927586
DATA,-164.606125,70.781219,-153.419601,-0.187905,0.364800,0.058212,0.910068
DATA,-164.654114,123.276733,-151.725830,-0.198148,0.405362,0.052869,0.890856
DATA,-163.809006,140.555618,-147.723175,-0.206944,0.443352,0.058871,0.870142
DATA,-163.083481,145.296310,-140.002594,-0.214894,0.472792,0.072374,0.851499
DATA,-163.802490,149.949951,-135.962570,-0.216552,0.632207,0.037374,0.742982
DATA,-163.943390,151.807327,-143.122070,-0.212266,0.615217,0.037420,0.758321
DATA,-164.643707,151.077591,-145.986694,-0.209695,0.597259,0.036073,0.773310
DATA,-164.811676,149.684250,-151.387131,-0.210522,0.583887,0.027380,0.783586
DATA,-163.396072,152.474792,-153.338730,-0.209429,0.570074,0.015871,0.794294
DATA,-164.370453,153.123428,-153.061066,-0.209074,0.556525,0.004129,0.804084
DATA,-163.133835,152.347321,-155.348236,-0.209489,0.541002,-0.006251,0.814489
DATA,-163.910568,150.172791,-154.769867,-0.212030,0.523527,-0.014903,0.825070
DATA,-162.683716,149.844498,-157.234314,-0.205299,0.502450,-0.013240,0.839774
DATA,-164.784424,149.293549,-157.755798,-0.199792,0.478372,-0.016927,0.854960
DATA,-162.734818,149.084457,-157.746170,-0.203129,0.452185,-0.029991,0.867967
DATA,-160.485229,147.968719,-157.671295,-0.205291,0.422969,-0.045136,0.881428
DATA,-156.602356,145.344345,-157.386032,-0.204458,0.393277,-0.059965,0.894390
DATA,46.900009,110.703690,-157.549957,-0.205076,0.362106,-0.065913,0.906906
DATA,151.388275,-54.778141,-157.769119,-0.207924,0.336379,-0.066087,0.916106
DATA,161.778351,-104.678833,-156.945343,-0.210599,0.313952,-0.060209,0.923827
DATA,161.494125,-129.587738,-156.666245,-0.213366,0.295789,-0.062670,0.929008
DATA,163.403076,-139.177673,-157.176285,-0.214127,0.275695,-0.071343,0.934372
DATA,164.973129,-140.139709,-155.024429,-0.212470,0.252916,-0.081741,0.940324
DATA,165.278885,-145.656357,-157.194550,-0.211308,0.227542,-0.082073,0.947015
DATA,164.414474,-149.236588,-157.612717,-0.211231,0.201940,-0.082846,0.952753
DATA,164.171249,-149.720474,-157.417953,-0.210665,0.176452,-0.082900,0.957921
DATA,163.843063,-151.652817,-155.358414,-0.209902,0.155634,-0.087872,0.961248
DATA,165.124786,-150.160400,-156.321777,-0.208848,0.129860,-0.085689,0.965493
DATA,165.158951,-149.429916,-155.230347,-0.208353,0.105659,-0.084319,0.968667
DATA,164.291870,-151.783234,-157.340317,-0.204400,0.083067,-0.088530,0.971331
DATA,164.574829,-148.784821,-156.405090,-0.197496,0.063445,-0.094632,0.973660
DATA,169.039612,-151.525452,-156.323730,-0.191564,0.044920,-0.095683,0.975772
DATA,164.830490,-147.666626,-156.902481,-0.188015,0.023943,-0.095416,0.977227
DATA,164.831467,-153.950333,-155.340240,-0.184325,0.001253,-0.094105,0.978349
DATA,166.187668,-148.807312,-156.943008,-0.180632,-0.022666,-0.091361,0.979036
DATA,163.756378,-146.846375,-155.659622,-0.178009,-0.046076,-0.084612,0.979301
DATA,165.751740,-150.873154,-150.528915,-0.175516,-0.071372,-0.076463,0.978904
DATA,164.416275,-152.357620,22.567827,-0.170972,-0.096285,-0.072876,0.977848
DATA,162.915161,-152.175339,147.769943,-0.165401,-0.119822,-0.075492,0.976005
DATA,161.609161,-155.232895,153.381119,-0.161049,-0.142394,-0.079976,0.973340
DATA,161.803665,-153.197495,155.266083,-0.157123,-0.167534,-0.081810,0.969821
DATA,162.490936,-151.916550,156.915970,-0.152631,-0.193254,-0.077306,0.966116
DATA,163.344498,-151.315704,156.505157,-0.148831,-0.217044,-0.069768,0.962223
DATA,164.744232,-153.217712,156.615173,-0.145665,-0.244055,-0.059359,0.956920
DATA,160.275818,-153.681808,156.142380,-0.140650,-0.271510,-0.050823,0.950745
DATA,162.745041,-155.481964,157.918060,-0.134506,-0.294393,-0.047751,0.944966
DATA,162.435211,-152.814865,154.981979,-0.128714,-0.310291,-0.051121,0.940499
DATA,163.531296,-153.877762,156.269089,-0.123726,-0.325748,-0.055765,0.935666
DATA,162.962082,-154.159225,157.104370,-0.117784,-0.343164,-0.054750,0.930252
DATA,162.409424,-153.813431,155.565247,-0.113151,-0.357268,-0.050693,0.925736
DATA,160.842606,-153.751709,154.791656,-0.109347,-0.368513,-0.049027,0.921866
DATA,163.026321,-154.159195,155.203827,-0.106030,-0.379472,-0.048589,0.917822
DATA,160.894089,-155.224579,156.547653,-0.103921,-0.389505,-0.047517,0.913908
DATA,163.530014,-154.986755,157.361572,-0.102535,-0.399022,-0.046165,0.910020
DATA,161.690353,-154.125015,156.544449,-0.101410,-0.408329,-0.044453,0.906094
DATA,162.389008,-155.175491,157.872833,-0.100357,-0.417442,-0.042993,0.902121
DATA,162.365158,-155.379150,156.692642,-0.098487,-0.425837,-0.043534,0.898369
DATA,161.888931,-154.451843,156.399246,-0.094661,-0.433138,-0.047602,0.895078
DATA,162.371841,-154.719955,155.744415,-0.091174,-0.440948,-0.052381,0.891352
DATA,161.232895,-153.813263,156.649658,-0.089175,-0.447683,-0.054464,0.888066
DATA,161.606613,-154.102921,156.630981,-0.087034,-0.452357,-0.056362,0.885788
DATA,161.695892,-155.032257,154.838043,-0.085888,-0.457174,-0.057889,0.883325
DATA,160.994003,-154.349670,156.485901,-0.086257,-0.462405,-0.057703,0.880575
DATA,161.409256,-154.235367,156.639221,-0.086714,-0.467056,-0.058221,0.878037
DATA,161.343201,-154.173096,157.473709,-0.085841,-0.470756,-0.061276,0.875937
DATA,160.117218,-155.287460,155.973358,-0.085309,-0.474067,-0.064877,0.873941
DATA,162.070267,-154.686142,156.466522,-0.084823,-0.477002,-0.067734,0.872173
DATA,162.287399,-154.786072,158.152466,-0.085010,-0.479464,-0.069745,0.870645
DATA,162.222305,-154.040039,157.384995,-0.085453,-0.482121,-0.071341,0.869004
DATA,162.318527,-154.408997,156.967651,-0.085824,-0.484632,-0.072867,0.867442
DATA,161.729736,-154.749390,156.986664,-0.085653,-0.487677,-0.076117,0.865472
DATA,162.101349,-154.534149,157.599869,-0.085329,-0.491130,-0.079038,0.863286
DATA,160.979675,-153.425491,157.141556,-0.085331,-0.493378,-0.081273,0.861796
DATA,162.376328,-154.889450,157.061371,-0.086100,-0.495359,-0.082099,0.860503
DATA,162.242477,-153.676926,155.879028,-0.087666,-0.497600,-0.081535,0.859105
DATA,159.922928,-154.845566,155.816010,-0.088502,-0.499716,-0.081719,0.857772
DATA,160.965546,-155.321457,156.381256,-0.089645,-0.501894,-0.081958,0.856358
DATA,161.892685,-153.637802,156.691605,-0.090520,-0.504188,-0.082021,0.854911
DATA,161.908752,-154.627136,156.501572,-0.090982,-0.506526,-0.082866,0.853398
DATA,161.364609,-153.557968,157.646820,-0.091278,-0.508927,-0.083993,0.851826
DATA,162.492844,-154.787552,157.473145,-0.091970,-0.511402,-0.084546,0.850213
DATA,160.974716,-155.008759,157.236710,-0.093714,-0.513925,-0.083864,0.848567
DATA,161.552200,-154.613403,156.955704,-0.095391,-0.516940,-0.083175,0.846614
DATA,162.136688,-153.854340,157.996628,-0.095851,-0.519828,-0.083849,0.844725
DATA,162.475922,-154.980606,158.810928,-0.095932,-0.522342,-0.084494,0.843099
DATA,162.405045,-155.035141,157.802536,-0.096038,-0.524758,-0.084860,0.841549
DATA,161.758835,-153.339279,157.475937,-0.095980,-0.527148,-0.086194,0.839925
DATA,161.679016,-155.132568,157.865433,-0.096510,-0.529625,-0.086389,0.838284
DATA,162.453140,-154.576782,158.340912,-0.096543,-0.531620,-0.086842,0.836970
DATA,161.974289,-153.394135,157.389099,-0.096609,-0.533763,-0.087010,0.835579
DATA,162.081680,-154.232483,156.352615,-0.096452,-0.535822,-0.086821,0.834299
DATA,161.547226,-154.391068,156.494629,-0.095869,-0.537415,-0.087364,0.833284
DATA,161.691605,-154.958633,157.710632,-0.095241,-0.538285,-0.088499,0.832674
DATA,161.919861,-156.389709,156.726761,-0.095049,-0.539194,-0.089552,0.831995
DATA,162.021698,-154.840683,158.209808,-0.095274,-0.540162,-0.090331,0.831257
DATA,161.067917,-155.534866,156.558411,-0.095539,-0.541090,-0.090814,0.830570
DATA,161.693863,-154.647491,157.098160,-0.095882,-0.542272,-0.091410,0.829694
DATA,161.203217,-154.491516,156.845047,-0.095713,-0.544005,-0.092313,0.828478
DATA,162.129959,-155.675308,157.078217,-0.095705,-0.545853,-0.092726,0.827217
DATA,161.214951,-154.021637,156.832443,-0.095452,-0.547324,-0.093138,0.826227
DATA,162.335678,-154.192078,157.014359,-0.095152,-0.548630,-0.093345,0.825371
DATA,163.539642,-154.646561,156.796265,-0.094782,-0.549877,-0.093939,0.824516
DATA,161.308350,-155.262283,158.223083,-0.094267,-0.551374,-0.094668,0.823492
DATA,161.478897,-154.005188,157.059891,-0.093645,-0.552560,-0.095764,0.822640
DATA,162.925171,-154.539688,157.979568,-0.093484,-0.553551,-0.096180,0.821944
DATA,162.046875,-153.452087,157.705414,-0.092602,-0.553811,-0.097560,0.821706
DATA,161.542358,-154.273849,157.100296,-0.091690,-0.554639,-0.099699,0.820993
DATA,161.611359,-153.989777,156.365692,-0.091252,-0.555324,-0.100892,0.820432
DATA,162.695633,-155.235031,157.476395,-0.090760,-0.556142,-0.102039,0.819791
DATA,161.717880,-155.276917,157.624512,-0.090793,-0.556936,-0.102134,0.819236
DATA,161.364761,-153.519379,156.543610,-0.091242,-0.557573,-0.101034,0.818889
DATA,161.160294,-154.635666,156.064728,-0.091649,-0.558283,-0.100276,0.818453
DATA,161.835037,-154.225052,157.372406,-0.092712,-0.558910,-0.098632,0.818105
DATA,160.466583,-154.372833,156.439224,-0.093671,-0.559242,-0.096925,0.817973
DATA,162.534088,-155.235977,158.296661,-0.094083,-0.559761,-0.096112,0.817667
DATA,162.178680,-155.206390,157.437256,-0.092459,-0.558663,-0.098566,0.818310
DATA,161.794754,-153.565292,156.953110,-0.091977,-0.558223,-0.099915,0.818502
DATA,162.104172,-153.967453,157.025131,-0.091784,-0.557802,-0.101040,0.818672
DATA,163.473022,-154.327667,157.183487,-0.091818,-0.556361,-0.102623,0.819451
DATA,162.241058,-155.588867,157.696793,-0.092104,-0.555861,-0.103870,0.819601
DATA,162.117569,-155.298065,157.346954,-0.092733,-0.555688,-0.104202,0.819606
DATA,163.177826,-156.428833,156.534409,-0.093288,-0.555397,-0.104169,0.819744
DATA,161.314743,-153.436279,156.546448,-0.094174,-0.554717,-0.103934,0.820133
DATA,162.156082,-155.949661,156.929718,-0.095765,-0.553839,-0.102749,0.820691
DATA,162.849869,-154.619812,157.537262,-0.098505,-0.552354,-0.099807,0.821730
DATA,162.103622,-153.594650,155.967010,-0.100842,-0.550790,-0.097010,0.822831
DATA,162.664307,-155.657394,157.908096,-0.102212,-0.548350,-0.095688,0.824445
DATA,161.329239,-153.395142,157.637726,-0.104497,-0.545537,-0.094149,0.826200
DATA,161.503448,-152.237900,155.507996,-0.106513,-0.544015,-0.093203,0.827052
DATA,161.986511,-153.329941,157.159760,-0.107764,-0.543069,-0.092788,0.827559
DATA,163.114471,-154.487595,156.696182,-0.108531,-0.540950,-0.093303,0.828787
DATA,162.267654,-154.690964,157.962311,-0.109106,-0.536613,-0.094234,0.831422
DATA,163.304886,-155.856522,157.687622,-0.110586,-0.531441,-0.093882,0.834582
DATA,161.918335,-154.038422,156.769806,-0.112877,-0.525573,-0.092072,0.838185
DATA,162.505127,-153.726974,156.378677,-0.115422,-0.518058,-0.089936,0.842737
DATA,161.901520,-154.073151,155.543854,-0.116986,-0.509468,-0.089538,0.847785
DATA,162.703308,-155.189987,155.513885,-0.118756,-0.496802,-0.089387,0.855041
DATA,162.335770,-154.399445,156.218903,-0.122321,-0.483014,-0.087770,0.862573
DATA,163.715729,-153.758911,155.940094,-0.124260,-0.465969,-0.088982,0.871501
DATA,162.814453,-155.601562,156.159897,-0.126031,-0.445932,-0.090088,0.881559
DATA,163.868546,-154.622116,156.789032,-0.126505,-0.426535,-0.092595,0.890781
DATA,167.821075,-154.769699,156.984863,-0.126623,-0.405359,-0.095344,0.900311
DATA,162.547668,-154.859100,156.552994,-0.131347,-0.381715,-0.094444,0.910012
DATA,163.468933,-154.075684,151.825699,-0.138177,-0.357373,-0.093090,0.918981
DATA,163.747498,-153.548447,141.944412,-0.145012,-0.330148,-0.089270,0.928442
DATA,164.534805,-152.249405,-149.397415,-0.151521,-0.300431,-0.084067,0.937932
DATA,163.849533,-147.989029,-152.234344,-0.158680,-0.269854,-0.077334,0.946583
DATA,161.894699,-151.795441,-157.308823,-0.164546,-0.238040,-0.069719,0.954673
DATA,164.128403,-151.573212,-157.323608,-0.168328,-0.205700,-0.062909,0.961975
DATA,163.706665,-150.790298,-159.733612,-0.169876,-0.173607,-0.057514,0.968346
DATA,164.692368,-152.591125,-155.627472,-0.170009,-0.139683,-0.054996,0.973941
DATA,164.292603,-146.840012,-156.193283,-0.171910,-0.105864,-0.054563,0.977887
DATA,165.921356,-147.936371,-154.578613,-0.175554,-0.073972,-0.051587,0.980330
DATA,164.518021,-147.735657,-155.551178,-0.179388,-0.044244,-0.049412,0.981540
DATA,165.137955,-145.601761,-157.005463,-0.182051,-0.014559,-0.048823,0.981968
DATA,162.964218,-142.307236,-158.172638,-0.184538,0.018485,-0.047085,0.981523
DATA,164.679382,-142.232208,-158.199615,-0.186351,0.052461,-0.047177,0.979947
DATA,164.350159,-132.737823,-156.088730,-0.187105,0.085953,-0.048327,0.977378
DATA,162.462692,-120.726692,-157.259598,-0.185571,0.119311,-0.050657,0.974044
DATA,155.334900,-90.348366,-158.063461,-0.181831,0.154906,-0.055100,0.969487
DATA,-21.443180,-5.773126,-157.436905,-0.178997,0.191946,-0.050437,0.963625
DATA,-159.944077,66.482056,-157.073425,-0.181056,0.228049,-0.038683,0.955885
DATA,-163.780060,88.020592,-157.556824,-0.184039,0.264598,-0.034143,0.946019
DATA,-163.023712,98.072334,-157.904556,-0.186518,0.299062,-0.029438,0.935364
DATA,-164.245316,119.773003,-156.940414,-0.190295,0.332760,-0.026710,0.923225
DATA,-163.428040,131.167938,-154.943024,-0.196513,0.365850,-0.025276,0.909339
DATA,-163.586136,134.901093,-154.401184,-0.201277,0.396980,-0.022383,0.895206
DATA,-164.077972,135.440186,-155.648422,-0.201957,0.425747,-0.016110,0.881869
DATA,-164.701080,131.809341,-153.828323,-0.198391,0.451125,-0.006296,0.870108
DATA,-165.065125,130.831268,-152.439301,-0.195880,0.474019,0.000517,0.858450
DATA,-164.255981,127.945992,-151.737564,-0.194687,0.495770,0.005178,0.846335
DATA,-163.588318,125.754944,-148.740982,-0.194276,0.516305,0.010172,0.834016
DATA,-164.653137,127.143211,-143.675583,-0.193751,0.534452,0.014894,0.822557
DATA,-164.403610,127.798981,-141.136063,-0.192521,0.550008,0.019121,0.812442
DATA,-163.878357,129.766556,-138.727921,-0.191316,0.562589,0.023622,0.803949
DATA,-163.607773,131.839706,-133.637161,-0.192469,0.573794,0.026781,0.795612
DATA,-164.108795,130.691422,-126.569031,-0.193114,0.583373,0.029645,0.788355
DATA,-164.593689,130.288116,-124.347481,-0.192039,0.589746,0.030974,0.783812
DATA,-163.872162,130.036713,-122.135437,-0.190462,0.593527,0.033553,0.781232
DATA,-164.333008,131.830734,-126.761742,-0.190263,0.595192,0.038216,0.779798
DATA,-163.592697,135.497162,-130.416061,-0.193724,0.594900,0.042197,0.778964
DATA,-163.928146,136.856857,-128.490265,-0.197136,0.593338,0.044136,0.779191
DATA,-164.303314,137.642731,-134.662674,-0.198157,0.592120,0.042628,0.779943
DATA,-163.483383,138.601959,-135.890411,-0.197178,0.591453,0.041130,0.780777
DATA,-164.345840,139.965912,-139.697617,-0.196849,0.590536,0.041932,0.781511
DATA,-164.096558,141.740417,-141.095520,-0.197030,0.589012,0.044102,0.782495
DATA,-163.676727,138.247986,-143.802597,-0.195848,0.586366,0.047785,0.784560
DATA,-164.429779,143.262482,-146.142914,-0.196462,0.583032,0.048914,0.786819
DATA,-163.344803,141.829147,-145.805527,-0.199613,0.578839,0.048425,0.789148
DATA,-163.727661,144.395096,-148.355270,-0.204844,0.573648,0.047984,0.791621
DATA,-162.725372,145.128525,-150.243683,-0.214602,0.566156,0.042037,0.794762
DATA,-162.517868,148.756332,-152.073608,-0.222998,0.558865,0.035463,0.797925
DATA,-163.663361,147.598221,-153.237930,-0.228834,0.550189,0.028165,0.802580
DATA,-163.935547,148.691833,-155.026001,-0.233737,0.537962,0.020338,0.809661
DATA,-163.689133,144.877426,-155.583984,-0.233882,0.523423,0.012500,0.819251
DATA,-163.800659,142.852646,-155.513077,-0.225501,0.501823,0.005724,0.835039
DATA,-163.130707,139.901443,-155.567047,-0.216398,0.486573,0.008251,0.846375
DATA,-163.715271,134.848114,-155.869064,-0.210401,0.475800,0.010722,0.853950
DATA,-164.202774,131.172623,-156.160965,-0.210762,0.466443,0.003776,0.859067
DATA,-163.521179,128.932281,-157.680649,-0.210581,0.457990,-0.005786,0.863636
DATA,-163.546875,120.794624,-157.084763,-0.207099,0.445513,-0.015588,0.870853
DATA,-162.845032,119.004341,-156.338516,-0.199241,0.431392,-0.017010,0.879724
DATA,-161.895279,118.598701,-156.978119,-0.190668,0.418027,-0.017270,0.888032
DATA,-163.341415,113.559998,-157.360870,-0.184268,0.395837,-0.022443,0.899363
DATA,-162.611038,114.517281,-157.592117,-0.177173,0.382620,-0.023846,0.906445
DATA,-161.135605,92.015450,-157.137482,-0.173918,0.368500,-0.028400,0.912772
DATA,-156.150482,56.973385,-156.923050,-0.173388,0.349411,-0.036073,0.920080
DATA,-35.549458,-45.101410,-157.547287,-0.172610,0.338445,-0.041466,0.924089
DATA,136.794540,-111.695518,-156.953110,-0.174430,0.325498,-0.044761,0.928236
DATA,155.474274,-109.388260,-155.712967,-0.178915,0.302190,-0.055208,0.934678
DATA,160.764862,-117.838455,-156.716141,-0.178645,0.276526,-0.065303,0.941995
DATA,165.057861,-129.112076,-156.447205,-0.172782,0.251691,-0.074244,0.949361
DATA,163.325134,-137.813583,-157.965866,-0.164717,0.225855,-0.076618,0.957072
DATA,164.299118,-141.960434,-157.536682,-0.155911,0.197087,-0.070436,0.965343
DATA,164.492828,-144.380142,-156.482956,-0.153751,0.167712,-0.065068,0.971596
DATA,164.675095,-145.209778,-156.646851,-0.154655,0.139458,-0.064387,0.975955
DATA,164.523193,-148.000977,-157.215210,-0.157020,0.112234,-0.066478,0.978943
DATA,164.254456,-146.041489,-155.630112,-0.157746,0.085214,-0.070192,0.981289
DATA,165.727325,-149.796524,-155.502670,-0.155725,0.056221,-0.073863,0.983429
DATA,163.683487,-148.674850,-154.715790,-0.151900,0.026258,-0.074583,0.985228
DATA,164.180725,-149.485977,-155.868088,-0.148636,-0.002579,-0.076394,0.985933
DATA,158.541855,-150.476685,-157.147354,-0.146106,-0.032156,-0.075617,0.985850
DATA,164.477219,-151.849319,-155.290863,-0.142850,-0.060421,-0.077720,0.984836
DATA,161.831970,-151.268845,-159.010651,-0.138724,-0.087062,-0.078007,0.983408
DATA,165.214981,-151.717560,-153.445099,-0.134799,-0.115337,-0.078232,0.981023
DATA,164.231384,-152.768173,-99.119858,-0.129774,-0.145754,-0.077800,0.977682
DATA,163.998306,-151.735413,149.664764,-0.122617,-0.177300,-0.076616,0.973478
DATA,162.818588,-151.372116,154.522247,-0.114253,-0.204857,-0.078125,0.968956
DATA,163.924545,-152.763947,154.482300,-0.107252,-0.228981,-0.082226,0.964004
DATA,163.328613,-154.343384,156.641525,-0.100864,-0.255305,-0.085875,0.957743
DATA,163.382446,-155.298767,155.893234,-0.096529,-0.283648,-0.088303,0.949962
DATA,163.393158,-153.559891,156.245621,-0.091309,-0.314049,-0.092852,0.940433
DATA,162.483215,-154.939575,155.900146,-0.084184,-0.346059,-0.094858,0.929601
DATA,162.978378,-155.844376,157.096466,-0.077633,-0.376849,-0.097704,0.917830
DATA,163.374207,-155.859329,158.067566,-0.069889,-0.412149,-0.102829,0.902593
DATA,163.336487,-154.031555,156.843048,-0.062510,-0.440731,-0.105723,0.889197
DATA,161.486176,-153.847046,155.308151,-0.055383,-0.462824,-0.113617,0.877393
DATA,161.489792,-154.665573,156.368454,-0.046376,-0.486355,-0.116437,0.864726
DATA,159.249420,-154.175674,155.111160,-0.038809,-0.508511,-0.118106,0.852034
DATA,158.122406,-154.538010,157.195374,-0.029414,-0.529983,-0.122439,0.838607
DATA,150.569641,-153.099167,155.964264,-0.017190,-0.550507,-0.128179,0.824753
DATA,38.760483,-153.006317,156.270691,-0.002859,-0.574513,-0.135601,0.807180
DATA,-120.345139,-151.154099,157.195999,0.010688,-0.592897,-0.143726,0.792277
DATA,-156.775238,-149.945450,157.317795,0.022252,-0.610035,-0.147688,0.778171
DATA,-160.115540,-146.717133,157.402771,0.031651,-0.628985,-0.151971,0.761762
DATA,-162.760498,-146.250641,156.726959,0.039829,-0.648917,-0.156253,0.743576
DATA,-162.910919,-145.378754,156.537216,0.047112,-0.668559,-0.164200,0.723773
DATA,-162.869781,-146.965424,157.493378,0.053754,-0.685398,-0.175004,0.704779
DATA,-162.347290,-145.830795,157.358688,0.059821,-0.699482,-0.181936,0.688510
DATA,-163.441101,-145.615891,156.721375,0.066999,-0.712217,-0.188097,0.672962
DATA,-163.260712,-144.746780,156.909500,0.073664,-0.725676,-0.194141,0.655955
DATA,-162.923660,-142.910187,156.720673,0.079596,-0.739371,-0.199418,0.638144
DATA,-162.881241,-139.536865,157.230225,0.085925,-0.751187,-0.203321,0.622090
DATA,-163.243134,-138.216537,157.181274,0.092691,-0.762216,-0.208666,0.605717
DATA,-162.912827,-133.642609,156.237381,0.100302,-0.773058,-0.215663,0.588056
DATA,-163.363754,-129.464981,157.200134,0.109073,-0.782983,-0.223224,0.570273
DATA,-164.035110,-143.352188,157.608826,0.114707,-0.791584,-0.232091,0.553508
DATA,-163.621994,-147.852310,157.206924,0.117143,-0.800369,-0.240897,0.536336
DATA,-164.321228,-149.350281,156.856232,0.119066,-0.808494,-0.247911,0.520289
DATA,-163.588226,-147.437119,156.624313,0.145343,-0.890516,-0.301930,0.307726
DATA,-164.182434,-146.673264,156.724228,0.149377,-0.903463,-0.307626,0.258472
DATA,-164.103348,-146.335556,156.484100,0.150139,-0.912376,-0.313993,0.215494
DATA,-164.237823,-148.435577,156.565582,0.147943,-0.914404,-0.320039,0.198879
DATA,-163.728119,-149.095200,155.465195,0.076255,-0.935952,-0.329462,0.098151
DATA,-163.702972,-149.657379,157.019821,0.051115,-0.936799,-0.329785,0.105060
DATA,-163.431427,-150.467834,156.523056,0.040919,-0.935761,-0.331376,0.113433
DATA,-163.325424,-148.235062,157.497742,0.036084,-0.930185,-0.344671,0.121064
DATA,-163.727219,-151.895401,156.586792,0.027209,-0.925160,-0.357154,0.125619
DATA,-162.913345,-149.344574,156.950012,0.028190,-0.921983,-0.364659,0.127183
DATA,-163.444504,-148.819916,155.757309,0.025533,-0.919153,-0.372635,0.125095
DATA,-163.009552,-150.442261,156.595322,0.009252,-0.905948,-0.405738,0.120622
DATA,-162.799149,-151.105331,157.587234,0.010962,-0.905460,-0.406655,0.121056
DATA,-163.610397,-151.235992,156.451553,0.012236,-0.905036,-0.407434,0.121479
DATA,-163.442200,-151.716782,156.781906,0.013632,-0.905033,-0.407576,0.120879
DATA,-163.830902,-150.105515,156.382202,0.014745,-0.905416,-0.407276,0.118874
DATA,-163.500381,-151.827148,156.761078,0.015223,-0.906096,-0.406613,0.115863
DATA,-162.782776,-150.986557,156.893585,0.016545,-0.906723,-0.406394,0.111464
DATA,-163.750320,-149.394730,156.900681,0.017755,-0.907215,-0.406298,0.107551
DATA,-163.187546,-151.357681,157.292435,0.019545,-0.907835,-0.405497,0.105002
DATA,-163.697388,-151.013306,156.884521,0.021863,-0.908032,-0.405570,0.102531
DATA,-164.025391,-151.583435,156.370010,0.023081,-0.907830,-0.406802,0.099122
DATA,-163.920609,-150.699249,156.749893,0.023061,-0.907308,-0.408728,0.095931
DATA,-163.268372,-151.191605,156.821442,0.021462,-0.906998,-0.410013,0.093715
DATA,-163.317764,-150.327393,157.464218,0.014288,-0.905556,-0.412304,0.098842
DATA,-163.660233,-152.074081,156.826218,0.009235,-0.904731,-0.413353,0.102546
DATA,-163.335678,-150.823303,156.155792,0.004139,-0.903614,-0.414977,0.106110
DATA,-163.727737,-151.829117,157.028046,-0.001437,-0.902488,-0.416727,0.108869
DATA,-164.165878,-151.636520,157.211594,-0.005926,-0.901324,-0.418145,0.112847
DATA,-162.619415,-150.066956,157.045486,-0.010292,-0.900069,-0.419224,0.118410
DATA,-163.683746,-151.404770,156.844849,-0.015656,-0.898604,-0.420586,0.123986
DATA,-162.748276,-150.968872,157.214279,-0.022416,-0.897224,-0.422027,0.127987
DATA,-163.716125,-152.467072,156.461609,-0.028766,-0.896417,-0.422492,0.130807
DATA,-163.315353,-151.363129,157.396561,-0.033198,-0.895829,-0.422548,0.133573
DATA,-163.613495,-151.761093,157.274002,-0.033371,-0.894952,-0.422814,0.138478
DATA,-163.040817,-150.620346,158.053925,-0.032899,-0.893535,-0.423033,0.146821
DATA,-163.523041,-152.081451,157.614456,-0.027756,-0.891295,-0.424277,0.157515
DATA,-162.706360,-150.982971,157.131058,-0.025245,-0.888279,-0.426064,0.169683
DATA,-162.662506,-151.945221,156.855331,-0.028755,-0.886011,-0.426546,0.179489
DATA,-163.117401,-152.839432,157.184097,-0.029799,-0.884098,-0.426157,0.189401
DATA,-163.668549,-152.727676,156.808212,-0.028377,-0.881894,-0.425681,0.200632
DATA,-161.801819,-152.266647,156.357056,-0.021299,-0.879482,-0.424511,0.214122
DATA,-162.375061,-95.763985,156.457932,-0.038051,-0.830115,-0.387236,0.399386
DATA,-160.501556,-153.370407,156.910797,-0.055203,-0.816105,-0.377122,0.434401
DATA,-155.736694,-154.145020,156.873062,-0.069021,-0.802014,-0.368741,0.464800
DATA,-120.219414,-154.679169,156.961487,-0.083136,-0.786832,-0.360788,0.493777
DATA,45.701214,-153.759933,156.641647,-0.097660,-0.770953,-0.350229,0.522909
DATA,146.424667,-153.650421,155.165466,-0.110310,-0.753933,-0.337523,0.552716
DATA,157.906982,-154.053070,156.134995,-0.120223,-0.734670,-0.326178,0.582593
DATA,160.148315,-154.376709,157.380173,-0.133470,-0.709211,-0.311534,0.618184
DATA,161.676254,-154.573273,156.785049,-0.148750,-0.683311,-0.297749,0.649850
DATA,161.650574,-153.359268,156.986618,-0.161374,-0.658237,-0.286648,0.677138
DATA,162.470444,-155.455185,156.216858,-0.170330,-0.634337,-0.280266,0.700039
DATA,162.449738,-155.287994,156.068680,-0.176718,-0.612082,-0.277068,0.719277
DATA,162.125046,-154.036819,156.075745,-0.182902,-0.588716,-0.274343,0.738036
DATA,162.400482,-154.933853,157.549683,-0.188337,-0.564334,-0.270908,0.756746
DATA,162.294678,-153.945709,155.102676,-0.191814,-0.539523,-0.271220,0.773668
DATA,163.782913,-155.550995,156.651306,-0.193088,-0.511596,-0.275341,0.790679
DATA,161.300751,-154.519974,155.960266,-0.195025,-0.482317,-0.279426,0.807005
DATA,161.967194,-154.524307,155.395584,-0.198358,-0.450109,-0.280120,0.824372
DATA,164.012390,-153.891312,156.070312,-0.199237,-0.418070,-0.282694,0.840004
DATA,160.986694,-154.711624,152.962646,-0.201017,-0.385446,-0.284113,0.854578
DATA,164.859528,-154.015594,143.548767,-0.203046,-0.352885,-0.282490,0.868587
DATA,163.055084,-153.114075,-148.291306,-0.204023,-0.320614,-0.282711,0.880713
DATA,162.020203,-151.172745,-156.444870,-0.204521,-0.288357,-0.282686,0.891689
DATA,163.984818,-146.938629,-154.394485,-0.205771,-0.255678,-0.279064,0.902447
DATA,162.448608,-146.176498,-156.700043,-0.207189,-0.221444,-0.270858,0.913603
DATA,163.886597,-120.808739,-155.631714,-0.206473,-0.185852,-0.260492,0.924647
DATA,164.979721,-40.337776,-155.114090,-0.205639,-0.154688,-0.249413,0.933583
DATA,163.142944,114.992462,-156.254547,-0.204786,-0.126575,-0.243921,0.939438
DATA,165.825119,140.318192,-155.991516,-0.204361,-0.100730,-0.236334,0.944583
DATA,165.980179,148.084549,-158.224854,-0.203319,-0.075608,-0.226662,0.949510
DATA,166.224915,151.590164,-157.307800,-0.201677,-0.049654,-0.215968,0.954054
DATA,166.513489,155.083862,-157.561615,-0.200576,-0.023027,-0.204963,0.957721
DATA,165.564575,155.108688,-158.245789,-0.198747,0.003709,-0.196624,0.960117
DATA,165.073532,156.970825,-157.946915,-0.195425,0.029186,-0.189299,0.961833
DATA,165.464066,154.761185,-157.503647,-0.189922,0.053090,-0.182504,0.963226
DATA,165.866364,155.830887,-157.459106,-0.184203,0.074608,-0.177974,0.963757
DATA,166.101151,155.927902,-158.026611,-0.179935,0.093608,-0.172553,0.963891
DATA,164.667999,155.351624,-157.529327,-0.176886,0.109179,-0.166721,0.963844
DATA,-159.126175,155.581604,-157.841202,-0.189146,0.216955,-0.171653,0.942173
DATA,-158.067596,154.566437,-156.464142,-0.190674,0.213263,-0.179233,0.941296
DATA,-157.096207,155.082047,-157.674118,-0.176657,0.205946,-0.211815,0.938889
DATA,-155.067078,155.968719,-157.359116,-0.159384,0.205779,-0.223658,0.939270
DATA,-153.999405,154.859360,-158.628815,-0.139828,0.204049,-0.223006,0.942911
DATA,-154.782349,154.942963,-157.677963,-0.120952,0.204279,-0.218075,0.946617
DATA,-151.619980,156.161301,-157.753128,-0.103184,0.204116,-0.211137,0.950322
DATA,-150.895233,154.788651,-157.005615,-0.085898,0.201399,-0.210689,0.952717
DATA,-141.759964,154.954041,-157.305038,-0.066212,0.195437,-0.211221,0.955409
DATA,-96.306892,154.520386,-157.504044,-0.043788,0.189248,-0.201319,0.960072
DATA,-20.028385,155.838806,-157.443878,-0.020436,0.189254,-0.193477,0.962461
DATA,47.971569,155.578262,-158.204178,0.003433,0.189753,-0.187471,0.963762
DATA,114.163940,155.915070,-158.036209,0.028123,0.187013,-0.189389,0.963518
DATA,151.245483,155.952530,-157.706223,0.055600,0.186810,-0.189248,0.962391
DATA,154.197769,155.327347,-157.979874,0.078919,0.187956,-0.187927,0.960795
DATA,152.056915,156.463669,-158.639526,0.099834,0.191582,-0.187607,0.958193
DATA,147.396683,155.672134,-158.390625,0.118856,0.192938,-0.192653,0.954742
DATA,142.200241,155.675705,-157.199600,0.137489,0.191051,-0.196212,0.951891
DATA,135.318237,155.584961,-158.209335,0.153240,0.188732,-0.197199,0.949742
DATA,125.910637,155.357529,-157.715958,0.165415,0.186365,-0.200282,0.947519
DATA,118.182587,155.445374,-157.468887,0.175651,0.183523,-0.208588,0.944435
DATA,101.075180,155.590729,-158.262283,0.186610,0.180926,-0.215640,0.941245
DATA,71.085930,155.588806,-157.621796,0.195352,0.176769,-0.221056,0.939002
DATA,55.800846,155.540314,-157.336716,0.201997,0.171537,-0.222566,0.938209
DATA,55.186886,154.517456,-156.764679,0.206003,0.164682,-0.223374,0.938375
DATA,70.945526,155.034058,-157.047592,0.206973,0.157573,-0.223535,0.939343
DATA,96.472420,155.575211,-157.354019,0.206684,0.152059,-0.224471,0.940092
DATA,126.019279,155.768860,-156.815018,0.205471,0.145964,-0.222998,0.941673
DATA,148.467178,154.686447,-157.502396,0.202500,0.140296,-0.218337,0.944267
DATA,156.574982,155.707413,-157.469421,0.197074,0.135891,-0.211478,0.947614
DATA,159.052750,154.763077,-157.757507,0.189047,0.133023,-0.202966,0.951510
DATA,160.770035,155.295334,-157.706802,0.177990,0.131807,-0.192772,0.955921
DATA,162.467789,154.158081,-156.626953,0.162988,0.131519,-0.181874,0.960760
DATA,163.958130,154.380737,-157.128845,0.143694,0.131652,-0.170195,0.965947
DATA,162.089844,155.733170,-157.350357,0.119747,0.131858,-0.157148,0.971380
DATA,163.320068,155.445206,-156.805252,0.089601,0.134067,-0.143086,0.976486
DATA,163.187210,155.225601,-157.596878,0.052815,0.134821,-0.133936,0.980354
DATA,163.592072,155.622772,-157.952042,0.010554,0.132495,-0.131181,0.982408
DATA,163.416000,155.813324,-157.291336,-0.030899,0.129293,-0.132608,0.982214
DATA,163.090591,155.197403,-157.782471,-0.066119,0.126522,-0.134377,0.980593
DATA,162.707001,155.031097,-158.370728,-0.098517,0.126410,-0.132434,0.978149
DATA,163.376068,154.392029,-157.815765,-0.132310,0.126544,-0.130051,0.974457
DATA,162.619095,153.160751,-158.005630,-0.168755,0.125253,-0.124771,0.969673
DATA,163.053452,152.135483,-158.236252,-0.208526,0.121032,-0.124146,0.962526
DATA,160.298508,147.543472,-157.859100,-0.246421,0.111455,-0.120243,0.955194
DATA,161.143723,139.151199,-157.319290,-0.285344,0.098206,-0.112463,0.946724
DATA,159.972275,119.721970,-157.528076,-0.325706,0.090690,-0.111119,0.934529
DATA,159.663528,114.659645,-158.114426,-0.366678,0.083409,-0.112421,0.919756
DATA,157.552475,124.179802,-158.139389,-0.405178,0.078372,-0.117729,0.903233
DATA,155.732864,118.883003,-157.858337,-0.435570,0.078813,-0.114039,0.889417
DATA,144.286102,90.167389,-158.012848,-0.463450,0.077362,-0.095577,0.877550
DATA,45.811516,102.366638,-157.391769,-0.493165,0.070016,-0.086526,0.862786
DATA,-52.367878,123.076866,-156.776001,-0.520136,0.064500,-0.085972,0.847294
DATA,-123.463120,133.423203,-157.466568,-0.544018,0.057921,-0.087164,0.832521
DATA,-148.269592,143.498108,-157.665695,-0.565963,0.052949,-0.085168,0.818309
DATA,-151.919189,148.502960,-157.071274,-0.586345,0.057217,-0.078869,0.804180
DATA,-155.563385,152.507690,-157.878403,-0.602889,0.064100,-0.077820,0.791429
DATA,-157.498566,153.541840,-156.458694,-0.613081,0.073008,-0.075700,0.782988
DATA,-155.932266,154.302841,-157.093918,-0.619456,0.076861,-0.070477,0.778074
DATA,-153.839722,154.655411,-156.530869,-0.625864,0.069478,-0.066323,0.773995
DATA,-154.864792,154.690796,-156.196381,-0.631203,0.071547,-0.060614,0.769929
DATA,-154.612244,155.375610,-156.583389,-0.634633,0.079568,-0.055889,0.766672
DATA,-153.862076,154.946426,-157.572098,-0.635183,0.089320,-0.052145,0.765406
DATA,-155.207260,155.237396,-157.952881,-0.633335,0.092553,-0.046401,0.766921
DATA,-153.031143,155.475647,-158.685944,-0.630715,0.090284,-0.044161,0.769479
DATA,-152.643082,154.821167,-156.923035,-0.624330,0.092795,-0.044620,0.774345
DATA,-157.080627,152.706238,-159.316711,-0.615255,0.094418,-0.040221,0.781619
DATA,-157.299042,154.102829,-157.540100,-0.604136,0.097831,-0.033740,0.790133
DATA,-157.819534,154.998032,-157.719498,-0.589631,0.107651,-0.030362,0.799890
DATA,-157.758545,155.294388,-157.674194,-0.571410,0.120045,-0.029445,0.811303
DATA,-161.139511,154.380569,-157.977692,-0.547820,0.134959,-0.032290,0.825007
DATA,-160.851334,154.806442,-156.239105,-0.517632,0.150229,-0.038008,0.841453
DATA,-162.955109,154.086395,-158.800003,-0.480167,0.164404,-0.037418,0.860820
DATA,-161.588028,153.764206,-157.024384,-0.434244,0.176817,-0.038404,0.882436
DATA,-162.336441,136.631821,-157.360123,-0.380921,0.186840,-0.041604,0.904577
DATA,-159.817902,-48.252148,-155.081375,-0.320736,0.191901,-0.048582,0.926252
DATA,35.996460,-129.796539,-156.512527,-0.252596,0.194195,-0.056674,0.946188
DATA,151.996994,-119.983215,-159.456833,-0.181538,0.195652,-0.068399,0.961294
DATA,159.458221,-84.015793,-158.323715,-0.111749,0.197379,-0.084888,0.970231
DATA,164.263794,57.536907,-157.889404,-0.045933,0.193510,-0.102460,0.974652
DATA,164.646698,144.736237,-157.882584,0.013811,0.188948,-0.120177,0.974508
DATA,163.634369,154.450974,-157.791000,0.064246,0.185877,-0.131822,0.971568
DATA,163.790726,155.476486,-157.718323,0.105324,0.183905,-0.139420,0.967289
DATA,162.942947,155.728256,-157.481430,0.139522,0.184804,-0.143252,0.962216
DATA,163.612961,155.831955,-157.747971,0.166170,0.187950,-0.142888,0.957416
DATA,164.429138,155.380600,-157.014130,0.185142,0.192234,-0.140435,0.953439
DATA,162.401169,155.845169,-157.809708,0.198343,0.194096,-0.145275,0.949675
DATA,161.233093,155.081894,-158.376526,0.210898,0.191780,-0.153734,0.946102
DATA,160.275696,154.786697,-157.768600,0.223726,0.190186,-0.163690,0.941797
DATA,158.477005,155.746109,-159.114456,0.235148,0.190763,-0.172607,0.937295
DATA,157.352966,155.715820,-157.932617,0.244000,0.195663,-0.177782,0.933045
DATA,150.982315,155.168564,-157.081848,0.248083,0.198389,-0.182539,0.930471
DATA,136.226578,156.030533,-157.649673,0.248907,0.196566,-0.185144,0.930123
DATA,123.227493,156.170868,-157.798187,0.246385,0.192278,-0.186662,0.931387
DATA,123.572945,155.407364,-157.929169,0.243563,0.188940,-0.190015,0.932134
DATA,132.830795,154.990219,-157.276840,0.240688,0.186960,-0.189031,0.933479
DATA,141.249374,155.547943,-157.276581,0.236765,0.187768,-0.185965,0.934934
DATA,148.332748,156.071899,-158.066910,0.231094,0.188726,-0.182397,0.936862
DATA,151.746826,154.990509,-157.473022,0.223602,0.189565,-0.178290,0.939298
DATA,155.484222,155.562714,-158.575150,0.213531,0.189786,-0.173504,0.942487
DATA,158.727371,154.611588,-157.363327,0.200020,0.186359,-0.166869,0.947321
DATA,159.813217,154.934891,-158.418900,0.181879,0.180638,-0.158528,0.953498
DATA,161.834961,154.925049,-158.890396,0.158690,0.174408,-0.149111,0.960294
DATA,162.544098,155.029724,-158.512939,0.129129,0.168170,-0.135544,0.967818
DATA,163.427505,155.823090,-158.027435,0.090030,0.161397,-0.120335,0.975379
DATA,162.745377,154.263168,-158.701141,0.044197,0.153486,-0.110848,0.980919
DATA,163.079681,153.288177,-158.408493,-0.006186,0.147864,-0.103534,0.983554
DATA,161.741684,148.499039,-158.084183,-0.059789,0.146099,-0.098604,0.982526
DATA,159.340240,137.003433,-158.507431,-0.116787,0.144356,-0.094747,0.978031
DATA,154.792328,130.106201,-157.853317,-0.178178,0.139458,-0.092903,0.969625
DATA,144.852234,139.186218,-158.784775,-0.242841,0.131280,-0.094675,0.956468
DATA,115.896057,153.527084,-157.450211,-0.305619,0.123867,-0.100566,0.938691
DATA,-43.965748,155.258591,-157.671631,-0.363486,0.119531,-0.108034,0.917561
DATA,-142.377701,154.624481,-157.354904,-0.413192,0.119314,-0.116911,0.895192
DATA,-149.017212,154.853577,-158.694717,-0.454340,0.124137,-0.123359,0.873469
DATA,-150.188477,153.757401,-156.545258,-0.488065,0.131849,-0.124970,0.853692
DATA,-152.302078,152.004791,-157.573853,-0.516887,0.140612,-0.123097,0.835406
DATA,-146.994186,153.091675,-157.492126,-0.542647,0.144421,-0.128288,0.817447
DATA,-139.319702,153.129654,-157.406952,-0.563387,0.148039,-0.134606,0.801599
DATA,-130.104874,152.615448,-156.356384,-0.576947,0.152624,-0.137545,0.790519
DATA,-129.068268,151.176636,-157.447006,-0.583241,0.158687,-0.132805,0.785501
DATA,-132.698975,152.570877,-156.495636,-0.585489,0.163447,-0.125835,0.783998
DATA,-137.915924,151.288040,-156.339279,-0.586997,0.160072,-0.119323,0.784585
DATA,-136.426453,152.320358,-156.825333,-0.586894,0.157608,-0.124042,0.784429
DATA,-135.141113,152.920074,-156.851837,-0.583474,0.156177,-0.128397,0.786563
DATA,-139.654190,152.017136,-157.096344,-0.575985,0.156303,-0.127756,0.792142
DATA,-145.937683,152.900879,-157.969376,-0.567170,0.158447,-0.120719,0.799150
DATA,-147.014801,151.475800,-158.394867,-0.556881,0.163313,-0.118946,0.805645
DATA,-153.780228,151.500198,-157.085724,-0.543280,0.170046,-0.116165,0.813902
DATA,-156.498199,151.615997,-158.530243,-0.526521,0.179814,-0.112457,0.823284
DATA,-158.769699,152.364960,-157.630966,-0.506184,0.189114,-0.105941,0.834740
DATA,-160.657623,155.033142,-159.426804,-0.479380,0.200066,-0.094942,0.849208
DATA,-162.749420,153.630356,-158.156311,-0.443128,0.214586,-0.079248,0.866782
DATA,-163.065582,155.782761,-157.474640,-0.398187,0.228265,-0.069709,0.885710
DATA,-162.835464,152.674973,-156.980316,-0.344295,0.233003,-0.067259,0.906999
DATA,-161.964920,-19.700703,-156.488907,-0.281753,0.232505,-0.067527,0.928438
DATA,-144.733521,-128.389679,-156.253235,-0.216327,0.225848,-0.064052,0.947678
DATA,141.333328,-132.613892,-156.886520,-0.152654,0.223379,-0.068855,0.960238
DATA,160.775162,-126.070023,-157.171646,-0.092713,0.221442,-0.075224,0.967837
DATA,163.242340,-97.809547,-157.066650,-0.036604,0.219310,-0.086780,0.971099
DATA,164.730484,39.462803,-157.040604,0.016016,0.215229,-0.100127,0.971285
DATA,164.801971,143.295868,-158.304565,0.061945,0.216672,-0.108343,0.968234
DATA,164.879807,154.557861,-157.686478,0.097817,0.217882,-0.119481,0.963682
DATA,163.907486,155.220596,-158.398987,0.128223,0.217369,-0.136075,0.958015
DATA,163.604950,156.438583,-158.153122,0.156866,0.212368,-0.147637,0.953151
DATA,162.652115,155.546127,-157.255188,0.181268,0.205899,-0.157807,0.948601
DATA,163.401566,155.432831,-156.517807,0.202643,0.201967,-0.163340,0.944174
DATA,162.994263,155.376984,-158.483002,0.218018,0.197722,-0.169915,0.940480
DATA,161.065231,155.019150,-157.648697,0.229370,0.192670,-0.177612,0.937402
DATA,157.921463,154.448196,-157.462082,0.247000,0.190227,-0.195502,0.929830
DATA,159.685196,155.452774,-156.833969,0.247248,0.191109,-0.199971,0.928632
DATA,158.282242,152.792725,-159.281158,0.244500,0.191055,-0.203664,0.928568
DATA,160.320526,154.475296,-158.833405,0.239291,0.190481,-0.206151,0.929494
DATA,157.940567,152.306885,-156.957413,0.232067,0.190961,-0.206051,0.931247
DATA,159.651855,155.111832,-155.591003,0.222126,0.191088,-0.203535,0.934194
DATA,159.744476,154.453705,-158.719757,0.207065,0.186222,-0.198677,0.939666
DATA,160.793228,153.969955,-158.705322,0.185951,0.181846,-0.190451,0.946617
DATA,162.738419,154.639175,-158.135284,0.155558,0.175166,-0.179453,0.955466
DATA,162.708038,155.097855,-159.314194,0.116447,0.170059,-0.162067,0.965015
DATA,165.067551,156.124954,-157.654633,0.066594,0.166440,-0.140698,0.973687
DATA,163.024368,154.814438,-157.785690,0.005911,0.165575,-0.120853,0.978746
DATA,161.493912,148.994446,-158.025787,-0.063178,0.166984,-0.104079,0.978413
DATA,152.333420,115.654877,-158.500198,-0.136903,0.168419,-0.087787,0.972207
DATA,-13.454151,118.473701,-157.588821,-0.213108,0.170246,-0.076998,0.958996
DATA,-158.446091,150.212036,-159.667847,-0.288245,0.170465,-0.074660,0.939299
DATA,-162.000870,155.813950,-157.190781,-0.359632,0.167059,-0.082534,0.914300
DATA,-161.082458,153.974106,-156.726639,-0.422066,0.163715,-0.097688,0.886293
DATA,-160.031052,154.565338,-158.684052,-0.478395,0.162037,-0.113147,0.855617
DATA,-158.766693,152.468201,-158.415207,-0.525344,0.167216,-0.123716,0.825073
DATA,-156.307037,151.284012,-158.584976,-0.560055,0.180638,-0.124575,0.798868
DATA,-157.355728,151.270538,-156.971252,-0.586504,0.193111,-0.112714,0.778471
DATA,-156.611374,150.989532,-158.393570,-0.608332,0.202851,-0.100591,0.760700
DATA,-156.324493,151.532227,-157.704422,-0.624010,0.211777,-0.094588,0.746200
DATA,-152.984161,152.219391,-158.121521,-0.632781,0.220353,-0.091022,0.736714
DATA,-153.953705,150.913605,-156.891022,-0.635243,0.228301,-0.086103,0.732756
DATA,-154.777786,150.913635,-157.515671,-0.632819,0.237631,-0.084249,0.732103
DATA,-155.643188,151.804260,-158.866302,-0.626852,0.247427,-0.087365,0.733624
DATA,-155.584076,149.999969,-157.896652,-0.618767,0.246772,-0.095380,0.739684
DATA,-155.921509,151.408035,-157.865067,-0.614090,0.240540,-0.100271,0.744970
DATA,-154.160019,151.502365,-158.415741,-0.609139,0.233905,-0.103267,0.750715
DATA,-158.617874,151.573944,-157.725876,-0.602936,0.227011,-0.104572,0.757627
DATA,-159.012497,150.686417,-157.879059,-0.592527,0.227689,-0.106519,0.765326
DATA,-159.837753,151.604919,-159.146881,-0.578354,0.233846,-0.106634,0.774243
DATA,-162.121552,151.213501,-158.043839,-0.557429,0.240057,-0.106297,0.787621
DATA,-162.835495,151.207977,-158.745682,-0.528653,0.246271,-0.097668,0.806435
DATA,-162.569061,151.357559,-158.817337,-0.494485,0.254490,-0.090029,0.826205
DATA,-163.738770,151.224243,-158.407593,-0.454129,0.261322,-0.075086,0.848434
DATA,-162.312851,155.038162,-158.746994,-0.406174,0.272923,-0.061492,0.869916
DATA,-163.303940,156.896118,-156.723083,-0.346914,0.281071,-0.055129,0.893090
DATA,-164.134888,93.958618,-156.112244,-0.272122,0.284175,-0.054736,0.917714
DATA,-164.512024,-116.010811,-155.068207,-0.189501,0.277718,-0.057911,0.940004
DATA,-137.012909,-125.335960,-156.710770,-0.109708,0.274658,-0.057797,0.953513
DATA,149.555069,-110.086914,-159.434982,-0.040471,0.262912,-0.072928,0.961208
DATA,163.182129,155.502762,-158.101898,0.123755,0.242910,-0.150250,0.950318
DATA,163.147873,154.164978,-158.442566,0.163030,0.234857,-0.184505,0.940330
DATA,163.652237,156.405197,-156.612106,0.199870,0.225082,-0.211581,0.929851
DATA,157.345001,152.839859,-157.710999,0.232861,0.206497,-0.245913,0.917966
DATA,147.182846,152.997131,-157.879364,0.262321,0.187031,-0.273344,0.906361
DATA,108.077400,149.026672,-158.277695,0.286691,0.174867,-0.294851,0.894591
DATA,29.658159,149.133896,-156.867981,0.304288,0.165124,-0.312896,0.884443
DATA,11.827265,150.867508,-156.689590,0.314488,0.154539,-0.326288,0.877924
DATA,50.067863,148.065369,-156.778839,0.317253,0.140069,-0.338734,0.874638
DATA,98.128159,149.712555,-154.909988,0.315618,0.123091,-0.351245,0.872847
DATA,132.557327,149.615509,-157.805664,0.312753,0.104873,-0.362944,0.871469
DATA,149.415680,147.853760,-156.789566,0.309924,0.085084,-0.373919,0.869996
DATA,152.823090,145.461212,-157.118912,0.307407,0.065992,-0.384319,0.868012
DATA,156.576202,147.486969,-156.968399,0.304805,0.048521,-0.394976,0.865294
DATA,158.801971,148.337982,-157.487610,0.302683,0.031665,-0.407034,0.861222
DATA,156.269394,145.255554,-156.225433,0.301702,0.014847,-0.419728,0.855911
DATA,158.819275,146.351212,-142.741837,0.300175,-0.002042,-0.433413,0.849732
DATA,161.581741,147.935135,114.894569,0.299009,-0.019557,-0.447671,0.842497
DATA,162.450256,145.260284,149.206863,0.298184,-0.036555,-0.461089,0.834953
DATA,163.715668,143.387512,153.104736,0.295951,-0.051544,-0.473329,0.828079
DATA,161.717285,143.427872,152.790100,0.290942,-0.065987,-0.484615,0.822281
DATA,159.954056,142.435822,154.822876,0.284724,-0.081184,-0.495008,0.816889
DATA,162.036469,144.078369,154.586105,0.278620,-0.097372,-0.504604,0.811335
DATA,163.097168,144.774902,154.567154,0.273506,-0.113571,-0.512915,0.805738
DATA,161.269196,141.990997,151.907272,0.270701,-0.127802,-0.519004,0.800639
DATA,161.778214,141.645966,153.071411,0.271848,-0.139636,-0.523952,0.795032
DATA,160.540237,138.901215,152.235016,0.274479,-0.149315,-0.528267,0.789494
DATA,161.155899,139.782211,152.130661,0.276806,-0.157374,-0.532178,0.784473
DATA,162.691483,141.058929,152.173172,0.278723,-0.164053,-0.535245,0.780329
DATA,160.815552,138.687500,151.169891,0.279140,-0.169382,-0.537538,0.777460
DATA,161.964462,140.516006,153.134354,0.278644,-0.173249,-0.540059,0.775034
DATA,161.512833,140.989075,152.833298,0.278856,-0.174329,-0.543311,0.772439
DATA,161.781418,141.172073,153.605148,0.278604,-0.173873,-0.547746,0.769495
DATA,163.496231,142.561615,157.009903,0.278843,-0.171865,-0.552558,0.766413
DATA,162.723846,141.344742,152.573181,0.279301,-0.168186,-0.557633,0.763380
DATA,162.376144,143.937012,154.773270,0.279393,-0.163265,-0.562982,0.760484
DATA,162.180786,141.482040,154.377792,0.278577,-0.156986,-0.566322,0.759624
DATA,164.220932,143.484940,153.424698,0.274352,-0.152142,-0.567858,0.761000
DATA,161.942490,139.781540,151.470398,0.267236,-0.150058,-0.566906,0.764647
DATA,161.129791,147.721558,151.260818,0.259973,-0.150473,-0.562594,0.770234
DATA,163.599457,145.686157,155.640015,0.253315,-0.152429,-0.557955,0.775424
DATA,162.408264,143.678925,156.634140,0.247798,-0.154440,-0.552287,0.780848
DATA,159.218948,144.245560,151.312698,0.242133,-0.155839,-0.549289,0.784453
DATA,160.709305,144.561920,153.202774,0.236887,-0.157312,-0.547492,0.787014
DATA,161.980835,142.260437,151.380829,0.231375,-0.158932,-0.546499,0.789015
DATA,162.340790,142.379303,152.250214,0.226236,-0.161159,-0.545708,0.790600
DATA,159.876480,144.313522,152.185501,0.221959,-0.163356,-0.543512,0.792871
DATA,162.764679,142.025772,151.250076,0.217841,-0.164286,-0.542652,0.794408
DATA,163.015045,143.077057,152.445221,0.214099,-0.167196,-0.540469,0.796304
DATA,163.038864,141.835449,153.030167,0.209686,-0.172450,-0.538623,0.797608
DATA,163.315964,142.312637,153.276886,0.205916,-0.177784,-0.537085,0.798455
DATA,163.977341,143.011032,152.706726,0.203755,-0.178971,-0.534009,0.800804
DATA,162.845367,143.295242,151.587494,0.202049,-0.176325,-0.532985,0.802504
DATA,161.708405,143.409332,151.554749,0.200609,-0.177326,-0.534261,0.801795
DATA,163.714066,142.503052,152.868683,0.199989,-0.181468,-0.533781,0.801344
DATA,163.196732,142.474213,152.207214,0.200856,-0.182878,-0.530909,0.802713
DATA,162.830750,143.417480,151.276535,0.202125,-0.182657,-0.529289,0.803514
DATA,163.957886,141.432602,151.678864,0.199919,-0.185612,-0.526783,0.805035
DATA,162.299957,141.352325,149.892075,0.198973,-0.188795,-0.523916,0.806398
DATA,162.332001,144.585739,148.819290,0.200227,-0.189919,-0.520196,0.808230
DATA,162.599564,142.863113,147.936920,0.201025,-0.192146,-0.517737,0.809084
DATA,162.924271,144.260605,145.109909,0.202047,-0.193784,-0.518926,0.807676
DATA,162.877594,144.278915,140.085602,0.201891,-0.195972,-0.518029,0.807763
DATA,162.418488,143.661346,114.953903,0.202738,-0.194767,-0.517888,0.807933
